timestep,LOAD1,LOAD2,LOAD3,LOAD4,LOAD5,LOAD6,LOAD7,LOAD8,LOAD9,LOAD10,LOAD11,LOAD12,LOAD13,LOAD14,LOAD15,LOAD16,LOAD17,LOAD18,LOAD19,LOAD20,LOAD21,LOAD22,LOAD23,LOAD24,LOAD25,LOAD26,LOAD27,LOAD28,LOAD29,LOAD30,LOAD31,LOAD32,LOAD33,LOAD34,LOAD35,LOAD36,LOAD37,LOAD38,LOAD39,LOAD40,LOAD41,LOAD42,LOAD43,LOAD44,LOAD45,LOAD46,LOAD47,LOAD48,LOAD49,LOAD50,LOAD51,LOAD52,LOAD53,LOAD54,LOAD55
0,0.036,0.044,0.054,0.048,0.035,0.052,0.055,0.043,0.059,0.057,0.049,0.092,0.056,0.049,0.053,0.087,0.048,0.049,0.053,0.051,0.045,0.054,0.055,0.054,0.05,0.034,0.051,0.028,0.054,0.053,0.053,0.056,0.057,0.045,0.043,0.055,0.045,0.052,0.048,0.043,0.052,0.054,0.05,0.029,0.053,0.062,0.045,0.046,0.054,0.052,0.053,0.052,0.047,0.048,0.055
1,0.036,0.044,0.054,0.048,0.035,0.052,0.055,0.043,0.059,0.057,0.049,0.092,0.056,0.049,0.053,0.064,0.048,0.049,0.053,0.051,0.045,0.054,0.085,0.054,0.05,0.034,0.051,0.028,0.054,0.053,0.053,0.056,0.057,0.045,0.043,0.055,0.045,0.052,0.048,0.043,0.052,0.054,0.05,0.029,0.053,0.062,0.045,0.046,0.054,0.052,0.053,0.052,0.047,0.048,0.055
2,0.036,0.044,0.054,0.048,0.035,0.052,0.055,0.043,0.059,0.057,0.049,0.092,0.056,0.049,0.053,0.164,0.048,0.049,0.053,0.051,0.045,0.054,0.085,0.054,0.05,0.034,0.051,0.028,0.054,0.053,0.053,0.056,0.057,0.045,0.043,0.055,0.045,0.052,0.048,0.043,0.052,0.054,0.05,0.029,0.053,0.122,0.045,0.046,0.054,0.052,0.053,0.052,0.047,0.057,0.055
3,0.036,0.044,0.054,0.227,0.035,0.052,0.055,0.043,0.059,0.057,0.049,0.092,0.056,0.049,0.053,0.307,0.048,0.049,0.053,0.051,0.045,0.054,0.085,0.054,0.05,0.034,0.051,0.028,0.054,0.053,0.053,0.056,0.057,0.045,0.043,0.055,0.045,0.052,0.048,0.043,0.052,0.084,0.05,0.029,0.053,0.162,0.045,0.046,0.054,0.052,0.053,0.052,0.047,0.048,0.055
4,0.036,0.044,0.054,0.227,0.035,0.052,0.055,0.043,0.059,0.057,0.049,0.092,0.056,0.049,0.053,0.307,0.048,0.049,0.235,0.051,0.045,0.054,0.085,0.054,0.05,0.034,0.051,0.028,0.054,0.053,0.053,0.056,0.057,0.045,0.043,0.055,0.045,0.052,0.048,0.043,0.052,0.184,0.05,0.029,0.113,0.222,0.045,0.046,0.054,0.052,0.053,0.052,0.047,0.048,0.055
5,0.036,0.044,0.054,0.227,0.035,0.052,0.055,0.043,0.059,0.057,0.049,0.092,0.056,0.049,0.053,0.307,0.048,0.049,0.235,0.051,0.045,0.054,0.085,0.054,0.05,0.034,0.051,0.028,0.054,0.053,0.053,0.056,0.057,0.045,0.161,0.055,0.045,0.052,0.048,0.043,0.052,0.224,0.05,0.029,0.113,0.162,0.045,0.046,0.054,0.052,0.053,0.052,0.047,0.048,0.055
6,0.036,0.044,0.054,0.227,0.147,0.052,0.055,0.043,0.059,0.057,0.049,0.092,0.056,0.049,0.053,0.307,0.048,0.049,0.235,0.051,0.045,0.054,0.085,0.054,0.05,0.034,0.051,0.078,0.054,0.053,0.053,0.056,0.057,0.045,0.161,0.055,0.045,0.052,0.048,0.043,0.052,0.224,0.05,0.029,0.113,0.162,0.045,0.046,0.054,0.052,0.053,0.052,0.047,0.048,0.055
7,0.036,0.044,0.054,0.227,0.147,0.052,0.055,0.043,0.059,0.057,0.049,0.092,0.056,0.049,0.053,0.342,0.048,0.049,0.235,0.051,0.045,0.054,0.085,0.054,0.05,0.034,0.051,0.138,0.054,0.053,0.053,0.056,0.057,0.045,0.161,0.055,0.045,0.052,0.048,0.043,0.052,0.237,0.05,0.029,0.113,0.162,0.045,0.046,0.054,0.052,0.053,0.052,0.047,0.148,0.055
8,0.036,0.044,0.054,0.227,0.147,0.052,0.055,0.043,0.059,0.057,0.049,0.092,0.056,0.049,0.053,0.342,0.048,0.049,0.235,0.051,0.045,0.054,0.085,0.054,0.05,0.034,0.051,0.29,0.054,0.053,0.053,0.056,0.057,0.045,0.161,0.055,0.045,0.052,0.048,0.043,0.052,0.237,0.05,0.029,0.113,0.162,0.045,0.046,0.054,0.052,0.053,0.052,0.047,0.148,0.055
9,0.036,0.044,0.054,0.227,0.279,0.052,0.055,0.043,0.059,0.057,0.049,0.092,0.056,0.049,0.053,0.207,0.048,0.049,0.235,0.051,0.045,0.054,0.085,0.054,0.05,0.034,0.051,0.29,0.054,0.053,0.053,0.056,0.057,0.045,0.161,0.055,0.045,0.052,0.048,0.043,0.052,0.237,0.05,0.029,0.113,0.259,0.045,0.046,0.054,0.052,0.053,0.052,0.047,2.331,0.055
10,0.036,0.044,0.054,0.227,0.035,0.052,0.055,0.043,0.059,0.057,0.049,0.092,0.056,0.049,0.053,0.247,0.048,0.049,0.235,0.051,0.045,0.054,0.085,0.054,0.191,0.034,0.051,0.29,0.054,0.053,0.053,0.056,0.057,0.045,0.161,0.055,0.045,0.052,0.048,0.043,0.052,0.365,0.05,0.029,0.053,0.259,0.045,0.046,0.256,0.052,0.053,0.052,0.047,0.048,0.055
11,0.036,0.044,0.054,0.227,0.035,0.052,0.055,0.043,0.059,0.057,0.049,0.174,0.056,0.049,0.053,0.247,0.048,0.049,0.235,0.051,0.045,0.054,0.085,0.054,0.191,0.034,0.051,0.403,0.054,0.053,0.053,0.056,0.057,0.045,0.161,0.055,0.045,0.052,0.048,0.043,0.052,0.365,0.05,0.029,0.053,0.259,0.045,0.046,0.256,0.052,0.053,0.052,0.047,0.048,0.055
12,0.036,0.044,0.054,0.227,0.035,0.052,0.055,0.043,0.059,0.057,0.049,0.174,0.056,0.049,0.053,0.247,0.048,0.049,0.235,0.051,0.045,0.054,0.085,0.054,0.191,0.034,0.051,0.403,0.054,0.053,0.053,0.056,0.057,0.045,0.161,0.055,0.045,0.052,0.048,0.043,0.052,0.365,0.05,0.029,0.053,0.199,0.045,0.046,0.256,0.052,0.053,0.052,0.047,0.048,0.055
13,0.036,0.044,0.054,0.227,0.035,0.052,0.055,0.043,0.059,0.057,0.049,0.174,0.056,0.049,0.053,0.247,0.048,0.049,0.235,0.051,0.045,0.054,0.085,0.054,0.191,0.034,0.051,0.468,0.054,0.053,0.053,0.056,0.057,0.045,0.161,0.055,0.045,0.052,0.048,0.043,0.052,0.425,0.05,0.029,0.053,0.199,0.045,0.046,0.256,0.052,0.053,0.052,0.047,0.048,0.055
14,0.036,0.044,0.054,0.227,0.035,0.052,0.055,0.043,0.059,0.057,0.049,0.174,0.056,0.049,0.053,0.247,0.048,0.049,0.235,0.051,0.045,0.054,0.085,0.054,0.191,0.034,0.051,0.408,0.054,0.053,0.053,0.056,0.057,0.045,0.161,0.055,0.045,0.052,0.048,0.043,0.052,0.425,0.05,0.029,0.053,0.199,0.045,0.046,0.256,0.052,0.053,0.052,0.047,0.048,0.055
15,0.036,0.044,0.054,0.227,0.035,0.052,0.055,0.043,0.059,0.057,0.049,0.174,0.056,0.049,0.053,0.363,0.048,0.049,0.235,0.051,0.045,0.054,0.085,0.054,0.191,0.034,0.051,0.408,0.054,0.053,0.053,0.056,0.057,0.045,0.161,0.055,0.045,0.052,0.048,0.043,0.052,0.425,0.05,0.029,0.053,0.159,0.045,0.046,0.256,0.052,0.053,0.052,0.047,0.048,0.055
16,0.036,0.044,0.054,0.227,0.035,0.052,0.055,0.043,0.059,0.057,0.049,2.23,0.056,0.049,0.053,0.363,0.048,0.049,0.235,0.051,0.045,0.054,0.185,0.054,0.191,0.034,0.051,0.408,0.054,0.053,0.053,0.056,0.057,0.045,0.161,0.055,0.045,0.052,0.048,0.043,0.052,0.365,0.05,0.029,0.053,0.159,0.045,0.046,0.256,0.052,0.053,0.052,0.047,0.048,0.055
17,0.036,0.044,0.054,0.227,0.035,0.052,0.055,0.043,0.059,0.057,0.049,2.23,0.056,0.049,0.053,0.363,0.048,0.049,0.235,0.051,0.045,0.054,0.185,0.054,0.191,0.034,0.051,0.408,0.054,0.053,0.053,0.056,0.057,0.045,0.161,0.055,0.045,0.052,0.048,0.043,0.052,0.365,0.05,0.029,0.053,0.159,0.045,0.046,0.256,0.052,0.053,0.052,0.047,0.048,0.055
18,0.036,0.044,0.054,0.227,0.035,0.052,0.055,0.043,0.059,0.057,0.049,2.23,0.056,0.049,0.053,0.363,0.048,0.049,0.235,0.051,0.045,0.054,0.185,0.054,0.191,0.034,0.051,0.343,0.054,0.053,0.053,0.056,0.057,0.045,0.161,0.055,0.045,0.052,0.048,0.043,0.052,0.365,0.05,0.029,0.053,0.159,0.045,0.046,0.256,0.052,0.053,0.052,0.047,0.048,0.055
19,0.036,0.044,0.054,0.227,0.035,0.052,0.055,0.043,0.059,0.057,0.049,0.174,0.056,0.049,0.053,0.363,0.048,0.049,0.235,0.051,0.045,0.054,0.125,0.054,0.191,0.034,0.051,0.343,0.054,0.053,0.053,0.056,0.057,0.045,0.161,0.055,0.045,0.052,0.048,0.043,0.052,0.365,0.05,0.029,0.053,0.199,0.045,0.046,0.256,0.052,0.053,0.052,0.047,0.048,0.055
20,0.036,0.044,0.054,0.227,0.035,0.052,0.055,0.043,0.059,0.057,0.049,0.174,0.056,0.049,0.053,0.363,0.048,0.049,0.235,0.051,0.045,0.054,0.125,0.054,0.191,0.034,0.051,0.343,0.054,0.053,0.053,0.056,0.057,0.045,0.161,0.055,0.045,0.052,0.048,0.043,0.052,0.365,0.05,0.029,0.053,0.199,0.045,0.046,0.256,0.052,0.053,0.052,0.047,0.048,0.055
21,0.036,0.044,0.054,0.227,0.035,0.052,0.055,0.043,0.059,0.057,0.049,0.174,0.056,0.049,0.053,0.363,0.048,0.049,0.235,0.051,0.045,0.054,0.125,0.054,0.191,0.034,0.051,0.356,0.054,0.053,0.053,0.056,0.057,0.045,0.161,0.055,0.045,0.052,0.048,0.043,0.052,0.365,0.05,0.029,0.053,0.199,0.045,0.046,0.256,0.052,0.053,0.052,0.047,0.048,0.055
22,0.036,0.044,0.054,0.227,0.035,0.052,0.055,0.043,0.281,0.057,0.049,0.191,0.056,0.049,0.053,0.363,0.048,0.049,0.235,0.051,0.045,0.054,0.125,0.054,0.191,0.034,0.051,0.356,0.054,0.053,0.053,0.056,0.057,0.045,0.161,0.055,0.045,0.052,0.048,0.043,0.052,0.365,0.05,0.029,0.053,0.199,0.045,0.046,0.256,0.052,0.053,0.052,0.047,0.048,0.055
23,0.036,0.044,0.054,0.227,0.035,0.052,0.055,0.043,0.281,0.057,0.049,0.251,0.056,0.049,0.053,0.363,0.048,0.049,0.235,0.051,0.045,0.054,0.125,0.054,0.191,0.034,0.051,0.356,0.054,0.053,0.053,0.056,0.25,0.228,0.043,0.055,0.045,0.052,0.048,0.043,0.052,0.365,0.05,0.029,0.053,0.199,0.045,0.046,0.256,0.052,0.053,0.052,0.047,0.048,0.055
24,0.036,0.044,0.054,0.227,0.035,0.052,0.055,0.043,0.281,0.057,0.049,0.251,0.056,0.049,0.223,0.463,0.048,0.049,0.387,0.051,0.045,0.054,0.125,0.054,0.191,0.034,0.051,0.356,0.054,0.053,0.053,0.056,0.25,0.228,0.043,0.055,0.045,0.052,0.048,0.043,0.052,0.237,0.05,0.029,0.053,0.199,0.045,0.046,0.256,0.052,0.053,0.052,0.047,0.048,0.055
25,0.036,0.044,0.054,0.231,0.035,0.052,0.055,0.043,0.281,0.057,0.049,0.169,0.056,0.049,0.223,0.463,0.048,0.049,0.387,0.051,0.045,0.054,0.125,0.266,0.191,0.034,0.051,0.346,0.054,0.053,0.053,0.056,0.25,0.228,0.043,0.055,0.045,0.052,0.048,0.043,0.052,0.237,0.05,0.029,0.053,0.159,0.045,0.046,0.256,0.052,0.053,0.052,0.047,0.048,0.055
26,0.036,0.044,0.054,0.231,0.035,0.052,0.055,0.043,0.281,0.057,0.049,0.169,0.056,0.049,0.223,0.463,0.048,0.049,0.205,0.051,0.045,0.054,0.125,0.266,0.191,0.034,0.051,0.346,0.054,0.053,0.053,0.056,0.25,0.228,0.043,0.055,0.045,0.052,0.048,0.043,0.052,0.355,0.05,0.029,0.053,0.159,0.045,0.046,0.256,0.052,0.053,0.052,0.047,0.048,0.055
27,0.036,0.044,0.054,0.231,0.035,0.052,0.055,0.043,0.281,0.057,0.049,0.169,0.056,0.049,0.223,0.463,0.048,0.049,0.205,0.051,0.045,0.054,0.125,0.266,0.191,0.034,0.051,0.346,0.054,0.053,0.053,0.056,0.25,0.228,0.043,0.055,0.045,0.052,0.048,0.043,0.052,0.355,0.05,0.029,0.053,0.159,0.045,0.046,0.256,0.052,0.053,0.052,0.047,0.048,0.055
28,0.036,0.044,0.054,0.231,0.035,0.052,0.055,0.043,0.281,0.057,0.049,0.269,0.056,0.049,0.223,0.563,0.048,0.049,0.205,0.051,0.045,0.054,0.125,0.266,0.191,0.034,0.051,0.346,0.054,0.053,0.053,0.056,0.25,0.228,0.043,0.055,0.045,0.052,0.048,0.043,0.052,0.355,0.05,0.029,0.053,0.159,0.045,0.046,0.256,0.052,0.053,0.052,0.047,0.048,0.174
29,0.036,0.044,0.054,0.231,0.035,0.052,0.055,0.213,0.281,0.057,0.049,0.329,0.056,0.049,0.223,0.463,0.048,0.049,0.205,0.051,0.045,0.054,0.185,0.266,0.191,0.034,0.051,0.346,0.054,0.053,0.053,0.056,0.25,0.228,0.043,0.055,0.045,0.052,0.048,0.043,0.052,0.355,0.05,0.029,0.053,0.159,0.045,0.046,0.256,0.052,0.053,0.052,0.047,0.048,0.174
30,0.036,0.044,0.054,0.231,0.235,0.052,0.055,0.213,0.281,0.057,0.049,0.555,0.056,0.049,0.223,0.463,0.048,0.049,0.205,0.051,0.045,0.054,0.125,0.266,0.05,0.034,0.051,0.028,0.054,0.053,0.053,0.056,0.25,0.228,0.043,0.055,0.045,0.052,0.048,0.043,0.052,0.054,0.05,0.029,0.053,0.159,0.045,0.046,0.256,0.052,0.053,0.052,0.047,0.048,0.174
31,0.036,0.044,0.054,0.231,0.235,0.052,0.055,0.213,0.281,0.057,0.049,0.535,0.056,0.049,0.223,0.463,0.048,0.049,0.205,0.051,0.045,0.054,0.085,0.266,0.05,0.034,0.051,0.028,0.054,0.053,0.053,0.056,0.25,0.228,0.043,0.055,0.045,0.052,0.048,0.043,0.052,0.054,0.05,0.029,0.053,0.159,0.045,0.046,0.256,0.052,0.053,0.052,0.047,0.048,0.174
32,0.036,0.044,0.054,0.231,0.235,0.052,0.055,0.213,0.281,0.057,0.049,0.535,0.056,0.049,0.223,0.463,0.048,0.049,0.205,0.051,0.045,0.054,0.085,0.266,0.05,0.034,0.051,0.028,0.054,0.053,0.053,0.056,0.25,0.228,0.043,0.055,0.045,0.052,0.048,0.043,0.052,0.054,0.05,0.029,0.053,0.352,0.045,0.046,0.054,0.052,0.053,0.052,0.047,0.048,0.174
33,0.036,0.044,0.054,0.231,0.235,0.052,0.055,0.213,0.281,0.057,0.049,0.57,0.056,0.049,0.223,0.463,0.048,0.049,0.205,0.051,0.045,0.054,0.085,0.266,0.05,0.034,0.051,0.028,0.054,0.053,0.053,0.056,0.25,0.228,0.043,0.055,0.045,0.052,0.048,0.043,0.052,0.054,0.05,0.029,0.053,0.352,0.045,0.046,0.054,0.052,0.053,0.052,0.047,0.048,0.174
34,0.036,0.044,0.054,0.231,0.235,0.052,0.055,0.213,0.281,0.057,0.049,0.57,0.056,0.049,0.223,0.423,0.048,0.049,0.205,0.051,0.045,0.054,0.085,0.266,0.05,0.034,0.051,0.028,0.054,0.053,0.053,0.056,0.25,0.228,0.043,0.055,0.045,0.052,0.048,0.043,0.052,0.054,0.05,0.029,0.053,0.352,0.045,0.046,0.054,0.052,0.053,0.052,0.047,0.048,0.174
35,0.036,0.044,0.054,0.231,0.235,0.052,0.055,0.213,0.281,0.057,0.049,0.57,0.056,0.049,0.223,0.483,0.048,0.049,0.205,0.051,0.045,0.054,0.085,0.266,0.05,0.034,0.051,0.028,0.054,0.053,0.053,0.056,0.25,0.228,0.043,0.055,0.045,0.052,0.048,0.043,0.052,0.054,0.05,0.133,0.053,0.352,0.045,0.046,0.054,0.052,0.053,0.052,0.047,0.048,0.174
36,0.036,0.044,0.054,0.231,0.235,0.052,0.055,0.213,0.281,0.057,0.049,0.57,0.056,0.049,0.223,0.523,0.048,0.049,0.205,0.171,0.045,0.054,0.085,0.266,0.05,0.034,0.051,0.028,0.054,0.053,0.053,0.056,0.25,0.228,0.043,0.055,0.045,0.052,0.048,0.043,0.052,0.054,0.05,0.133,0.053,0.352,0.045,0.046,0.054,0.052,0.053,0.052,0.047,0.048,0.174
37,0.036,0.044,0.054,0.231,0.235,0.052,0.055,0.213,0.281,0.057,0.049,0.57,0.056,0.049,0.223,0.723,0.048,0.049,0.205,0.171,0.045,0.054,0.085,0.266,0.05,0.034,0.051,0.028,0.054,0.053,0.053,0.056,0.057,0.228,0.043,0.055,0.045,0.052,0.048,0.043,0.052,0.054,0.05,0.133,0.053,0.352,0.045,0.046,0.054,0.052,0.053,0.052,0.047,0.048,0.174
38,0.036,0.044,0.054,0.231,0.235,0.052,0.055,0.213,0.281,0.057,0.049,0.57,0.056,0.049,0.223,0.723,0.048,0.049,0.205,0.171,0.045,0.054,0.085,0.266,0.05,0.034,0.051,0.028,0.054,0.053,0.053,0.056,0.057,0.228,0.043,0.055,0.045,0.052,0.048,0.043,0.052,0.054,0.05,0.133,0.053,0.352,0.045,0.046,0.054,0.052,0.053,0.052,0.047,0.048,0.174
39,0.036,0.044,0.054,0.048,0.235,0.052,0.055,0.213,0.281,0.057,0.049,0.57,0.056,0.049,0.223,0.854,0.048,0.049,0.205,0.171,0.045,0.054,0.085,0.054,0.05,0.034,0.051,0.028,0.054,0.053,0.053,0.056,0.057,0.228,0.043,0.055,0.045,0.052,0.048,0.043,0.052,0.054,0.05,0.133,0.053,0.352,0.045,0.046,0.054,0.052,0.053,0.052,0.047,0.219,0.174
40,0.036,0.044,0.054,0.048,0.235,0.052,0.055,0.213,0.281,0.057,0.049,0.57,0.056,0.049,0.223,0.754,0.048,0.049,0.205,0.171,0.045,0.054,0.085,0.054,0.05,0.034,0.051,0.028,0.054,0.053,0.053,0.056,0.167,0.228,0.043,0.055,0.045,0.052,0.048,0.043,0.052,0.054,0.05,0.133,0.053,0.352,0.045,0.046,0.054,0.052,0.053,0.052,0.047,0.219,0.174
41,0.036,0.198,0.054,0.048,0.235,0.052,0.055,0.213,0.281,0.057,0.049,0.57,0.056,0.049,0.223,0.754,0.088,0.049,0.205,0.171,0.045,0.054,0.085,0.054,0.05,0.034,0.051,0.028,0.054,0.053,0.053,0.056,0.167,0.228,0.043,0.055,0.045,0.052,0.048,0.043,0.052,0.054,0.05,0.133,0.053,0.352,0.045,0.046,0.054,0.052,0.053,0.052,0.047,0.219,0.174
42,0.036,0.198,0.054,0.048,0.235,0.052,0.055,0.213,0.281,0.057,0.049,0.488,0.056,0.049,0.223,0.754,0.123,0.049,0.205,0.171,0.045,0.054,0.085,0.054,0.05,0.034,0.051,0.028,0.054,0.053,0.053,0.056,0.167,0.228,0.043,0.055,0.045,0.052,0.048,0.043,0.052,0.054,0.05,0.133,0.053,0.452,0.045,0.046,0.054,0.052,0.053,0.052,0.047,0.219,0.174
43,0.036,0.198,0.054,0.048,0.235,0.052,0.055,0.043,0.281,0.057,0.049,0.488,0.056,0.049,0.223,0.754,0.123,0.049,0.205,0.171,0.045,0.054,0.085,0.054,0.05,0.034,0.051,0.028,0.054,0.053,0.053,0.233,0.167,0.228,0.043,0.055,0.045,0.052,0.048,0.043,0.052,0.054,0.05,0.133,0.053,0.496,0.045,0.046,0.153,0.052,0.053,0.052,0.047,0.219,0.174
44,0.036,0.198,0.054,0.166,0.035,0.052,0.055,0.043,0.059,0.057,0.049,0.743,0.056,0.049,0.223,0.754,0.123,0.049,0.053,0.171,0.045,0.054,0.085,0.169,0.05,0.034,0.051,0.028,0.054,0.053,0.053,0.233,0.167,0.228,0.043,0.055,0.045,0.052,0.048,0.043,0.052,0.054,0.05,0.133,0.053,0.496,0.045,0.046,0.153,0.052,0.053,0.052,0.047,0.219,0.174
45,0.036,0.198,0.054,0.166,0.035,0.052,0.055,0.043,0.059,0.057,0.049,0.743,0.056,0.049,0.223,0.729,0.133,0.049,0.053,0.171,0.045,0.054,0.085,0.169,0.05,0.034,0.051,0.028,0.054,0.053,0.053,0.233,0.167,0.045,0.043,0.055,0.045,0.052,0.048,0.043,0.052,0.054,0.05,0.133,0.053,0.496,0.045,0.046,0.153,0.052,0.053,0.052,0.047,0.219,0.174
46,0.036,0.198,0.054,0.166,0.035,0.052,0.055,0.043,0.059,0.057,0.049,0.743,0.056,0.049,0.053,0.729,0.133,0.049,0.053,0.171,0.045,0.054,0.085,0.169,0.05,0.034,0.051,0.028,0.054,0.053,0.053,0.233,0.167,0.045,0.043,0.144,0.045,0.052,0.048,0.043,0.052,0.054,0.05,0.133,0.053,0.303,0.045,0.046,0.153,0.052,0.053,0.229,0.047,0.219,0.055
47,0.036,0.198,0.054,0.166,0.035,0.052,0.055,0.043,0.059,0.057,0.049,0.743,0.056,0.049,0.053,0.729,0.133,0.049,0.053,0.171,0.045,0.054,0.085,0.169,0.05,0.034,0.051,0.028,0.054,0.053,0.053,0.233,0.167,0.045,0.043,0.144,0.045,0.052,0.048,0.043,0.052,0.054,0.05,0.133,0.053,0.303,0.045,0.046,0.153,0.052,0.053,0.229,0.047,0.219,0.055
48,0.192,0.198,0.054,0.166,0.035,0.052,0.055,0.043,0.059,0.057,0.049,0.743,0.056,0.049,0.053,0.729,0.133,0.049,0.053,0.171,0.045,0.054,0.085,0.169,0.05,0.034,0.155,0.028,0.054,0.053,0.053,0.233,0.167,0.045,0.043,0.144,0.045,0.052,0.048,0.043,0.052,0.054,0.05,0.133,0.053,0.219,0.045,0.046,0.153,0.052,0.053,0.229,0.047,0.219,0.055
49,0.192,0.198,0.054,0.166,0.035,0.052,0.055,0.043,0.059,0.057,0.049,0.743,0.056,0.049,0.053,0.729,0.133,0.049,0.053,0.171,0.045,0.054,0.085,0.169,0.05,0.034,0.155,0.242,0.054,0.053,0.053,0.233,0.167,0.045,0.043,0.144,0.045,0.052,0.048,0.043,0.052,0.054,0.05,0.133,0.217,0.343,0.045,0.046,0.153,0.052,0.053,0.229,0.047,0.219,0.055
50,0.192,0.198,0.054,0.166,0.035,0.052,0.055,0.043,0.059,0.057,0.049,0.659,0.056,0.049,0.053,0.729,0.133,0.049,0.053,0.171,0.045,0.054,0.185,0.169,0.05,0.034,0.155,0.242,0.054,0.053,0.053,0.233,0.167,0.045,0.043,0.144,0.045,0.052,0.048,0.043,0.052,0.054,0.05,0.133,0.217,0.343,0.045,0.046,0.153,0.052,0.053,0.229,0.047,0.219,0.055
51,0.192,0.198,0.054,0.166,0.035,0.052,0.055,0.043,0.059,0.057,0.049,0.659,0.056,0.049,0.053,0.729,0.133,0.049,0.053,0.171,0.045,0.054,0.185,0.169,0.05,0.034,0.155,0.242,0.054,0.053,0.053,0.233,0.167,0.045,0.043,0.144,0.045,0.052,0.048,0.175,0.052,0.054,0.05,0.133,0.217,0.343,0.045,0.046,0.153,0.052,0.053,0.229,0.047,0.219,0.055
52,0.192,0.198,0.054,0.166,0.035,0.052,0.055,0.043,0.059,0.057,0.049,0.599,0.056,0.049,0.053,0.729,0.133,0.049,0.053,0.171,0.045,0.054,0.185,0.169,0.05,0.034,0.155,0.242,0.054,0.053,0.053,0.233,0.167,0.045,0.043,0.144,0.045,0.052,0.048,0.175,0.052,0.054,0.05,0.133,0.217,0.343,0.045,0.046,0.153,0.052,0.053,0.229,0.047,0.219,0.055
53,0.192,0.198,0.054,0.166,0.035,0.052,0.055,0.201,0.059,0.057,0.049,0.599,0.056,0.049,0.053,0.729,0.133,0.049,0.053,0.171,0.045,0.054,0.185,0.169,0.05,0.034,0.155,0.242,0.054,0.053,0.053,0.233,0.167,0.045,0.043,0.144,0.045,0.052,0.048,0.389,0.052,0.054,0.05,0.029,0.217,0.343,0.045,0.046,0.153,0.052,0.053,0.229,0.047,0.219,0.055
54,0.192,0.198,0.054,0.166,0.035,0.052,0.055,0.201,0.059,0.057,0.049,0.646,0.056,0.049,0.053,0.729,0.133,0.049,0.053,0.051,0.045,0.054,0.185,0.169,0.05,0.034,0.155,0.242,0.054,0.053,0.053,0.233,0.167,0.045,0.043,0.144,0.045,0.052,0.048,0.389,0.052,0.054,0.05,0.029,0.217,0.378,0.233,0.046,0.153,0.052,0.053,0.229,0.047,0.219,0.055
55,0.192,0.198,0.054,0.166,0.035,0.052,0.209,0.201,0.059,0.057,0.049,0.646,0.056,0.049,0.053,0.679,0.133,0.049,0.053,0.051,0.045,0.054,0.185,0.169,0.153,0.034,0.371,0.242,0.054,0.053,0.053,0.233,0.167,0.045,0.043,0.144,0.045,0.052,0.048,0.389,0.052,0.054,0.05,0.029,0.217,0.486,0.233,0.046,0.153,0.052,0.053,0.389,0.047,0.219,0.055
56,0.192,0.198,0.054,0.166,0.035,0.052,0.209,0.201,0.059,0.057,0.049,0.68,0.056,0.049,0.053,0.679,0.133,0.049,0.053,0.051,0.045,0.054,0.185,0.169,0.153,0.034,0.371,0.242,0.054,0.053,0.053,0.233,0.167,0.045,0.043,0.144,0.045,0.052,0.048,0.389,0.052,0.054,0.05,0.029,0.217,0.426,0.233,0.046,0.153,0.052,0.053,0.389,0.047,0.219,0.055
57,0.192,0.198,0.054,0.166,0.035,0.052,0.209,0.201,0.059,0.057,0.049,0.68,0.056,0.049,0.053,0.629,0.133,0.049,0.053,0.051,0.045,0.054,0.285,0.169,0.153,0.034,0.371,0.242,0.054,0.053,0.053,0.233,0.167,0.045,0.043,0.144,0.045,0.052,0.048,0.389,0.052,0.054,0.05,0.029,0.217,0.426,0.233,0.046,0.153,0.052,0.053,0.389,0.047,0.219,0.055
58,0.192,0.198,0.054,0.166,0.035,0.052,0.209,0.201,0.059,0.057,0.049,0.74,0.056,0.049,0.053,0.629,0.168,0.049,0.053,0.051,0.045,0.054,0.285,0.169,0.343,0.034,0.371,0.242,0.054,0.053,0.053,0.233,0.057,0.045,0.043,0.144,0.045,0.052,0.048,0.389,0.052,0.054,0.05,0.029,0.217,0.486,0.233,0.046,0.153,0.31,0.053,0.389,0.047,0.219,0.055
59,0.192,0.198,0.054,0.166,0.035,0.052,0.209,0.201,0.059,0.057,0.049,0.74,0.056,0.049,0.053,0.718,0.168,0.049,0.053,0.051,0.045,0.054,0.285,0.169,0.343,0.034,0.371,0.242,0.054,0.053,0.053,0.233,0.057,0.045,0.043,0.144,0.045,0.052,0.048,0.389,0.052,0.054,0.05,0.029,0.217,0.486,0.233,0.046,0.153,0.31,0.053,0.389,0.047,0.219,0.055
60,0.192,0.198,0.054,0.166,0.035,0.052,0.209,0.201,0.059,0.057,0.049,0.381,0.056,0.049,0.053,0.052,0.048,0.049,0.053,0.051,0.045,0.054,0.155,0.169,0.343,0.034,0.371,0.242,0.054,0.053,0.053,0.233,0.057,0.045,0.043,0.144,0.045,0.052,0.048,0.389,0.052,0.054,0.05,0.029,0.217,0.486,0.233,0.046,0.153,0.31,0.053,0.389,0.047,0.219,0.055
61,0.192,0.044,0.054,0.166,0.035,0.052,0.209,0.201,0.059,0.057,0.188,0.381,0.056,0.049,0.053,0.052,0.048,0.049,0.053,0.051,0.045,0.054,0.155,0.169,0.343,0.034,0.371,0.242,0.054,0.053,0.053,0.233,0.057,0.045,0.043,0.144,0.045,0.052,0.048,0.389,0.052,0.054,0.05,0.228,0.217,0.486,0.233,0.046,0.054,0.31,0.053,0.389,0.047,0.048,0.055
62,0.192,0.044,0.054,0.048,0.035,0.052,0.209,0.201,0.059,0.057,0.188,0.381,0.056,0.049,0.053,0.052,0.048,0.049,0.053,0.051,0.045,0.054,0.155,0.054,0.343,0.034,0.371,0.242,0.054,0.053,0.053,0.233,0.057,0.045,0.043,0.144,0.045,0.052,0.048,0.389,0.052,0.054,0.05,0.228,0.217,0.486,0.233,0.046,0.054,0.31,0.053,0.389,0.047,0.048,0.055
63,0.192,0.044,0.054,0.048,0.035,0.052,0.209,0.201,0.059,0.057,0.188,0.381,0.056,0.049,0.053,0.052,0.048,0.049,0.053,0.051,0.045,0.054,0.155,0.054,0.343,0.208,0.371,0.028,0.054,0.053,0.053,0.233,0.057,0.045,0.043,0.144,0.045,0.052,0.048,0.389,0.161,0.054,0.05,0.228,0.217,0.486,0.233,0.046,0.054,0.31,0.053,0.389,0.047,0.048,0.055
64,0.192,0.044,0.054,0.048,0.035,0.052,0.209,0.387,0.059,0.057,0.188,0.381,0.056,0.049,0.053,0.052,0.048,0.049,0.053,0.051,0.045,0.054,0.155,0.054,0.343,0.208,0.371,0.028,0.054,0.053,0.053,0.413,0.057,0.045,0.043,0.055,0.045,0.052,0.048,0.389,0.161,0.054,0.05,0.228,0.217,0.486,0.233,0.046,0.054,0.31,0.053,0.389,0.047,0.048,0.055
65,0.192,0.044,0.054,0.048,0.035,0.052,0.209,0.387,0.059,0.057,0.188,0.381,0.056,0.049,0.053,0.052,0.048,0.049,0.053,0.051,0.045,0.054,0.155,0.054,0.343,0.208,0.371,0.028,0.054,0.053,0.053,0.236,0.057,0.045,0.043,0.055,0.045,0.052,0.048,0.389,0.161,0.054,0.05,0.228,0.217,0.486,0.233,0.046,0.054,0.31,0.053,0.389,0.047,0.048,0.055
66,0.308,0.044,0.054,0.048,0.035,0.052,0.209,0.387,0.059,0.057,0.188,0.215,0.056,0.049,0.053,0.052,0.048,0.049,0.053,0.051,0.045,0.054,0.155,0.054,0.343,0.208,0.267,0.028,0.054,0.053,0.053,0.236,0.057,0.045,0.043,0.055,0.045,0.052,0.048,0.389,0.161,0.054,0.05,0.228,0.217,0.486,0.233,0.046,0.054,0.31,0.053,0.389,0.047,0.048,0.055
67,0.308,0.044,0.054,0.048,0.035,0.052,0.209,0.387,0.059,0.057,0.188,0.215,0.056,0.049,0.053,0.052,0.048,0.049,0.053,0.051,0.045,0.054,0.155,0.054,0.343,0.208,0.267,0.028,0.054,0.053,0.053,0.236,0.057,0.045,0.161,0.055,0.045,0.052,0.048,0.389,0.161,0.054,0.05,0.228,0.217,0.302,0.233,0.046,0.054,0.31,0.053,0.389,0.047,0.048,0.055
68,0.308,0.044,0.054,0.048,0.035,0.052,0.209,0.387,0.059,0.057,0.188,0.215,0.056,0.049,0.053,0.052,0.048,0.049,0.053,0.051,0.045,0.16,0.055,0.054,0.343,0.208,0.267,0.028,0.054,0.053,0.053,0.236,0.057,0.045,0.161,0.055,0.045,0.052,0.048,0.389,0.161,0.054,0.05,0.228,0.217,0.302,0.233,0.046,0.054,0.31,0.053,0.212,0.047,0.048,0.055
69,0.308,0.044,0.054,0.048,0.035,0.052,0.209,0.387,0.059,0.057,0.188,0.215,0.056,0.049,0.053,0.052,0.048,0.049,0.053,0.051,0.045,0.16,0.055,0.054,0.343,0.208,0.267,0.028,0.054,0.053,0.053,0.236,0.057,0.045,0.161,0.055,0.045,0.052,0.048,0.257,0.161,0.054,0.05,0.228,0.217,0.302,0.233,0.046,0.054,0.31,0.053,0.052,0.047,0.048,0.055
70,0.152,0.044,0.054,0.048,0.035,0.052,0.209,0.387,0.059,0.057,0.188,0.052,0.056,0.049,0.053,0.052,0.048,0.049,0.053,0.051,0.045,0.16,0.055,0.054,0.343,0.208,0.267,0.028,0.054,0.053,0.053,0.236,0.057,0.045,0.161,0.055,0.045,0.052,0.048,0.257,0.161,0.054,0.05,0.228,0.217,0.342,0.233,0.046,0.054,0.31,0.053,0.052,0.047,0.048,0.055
71,0.152,0.044,0.054,0.048,0.035,0.052,0.209,0.387,0.059,0.057,0.188,0.052,0.056,0.049,0.053,0.052,0.048,0.049,0.053,0.051,0.045,0.16,0.055,0.054,0.343,0.208,0.267,0.028,0.054,0.053,0.053,0.236,0.057,0.045,0.161,0.055,0.045,0.052,0.048,0.257,0.161,0.054,0.05,0.228,0.053,0.342,0.233,0.046,0.054,0.31,0.053,0.052,0.047,0.048,0.055
72,0.152,0.044,0.054,0.048,0.035,0.052,0.209,0.387,0.059,0.057,0.188,0.052,0.056,0.049,0.053,0.169,0.249,0.049,0.053,0.051,0.045,0.16,0.236,0.054,0.343,0.208,0.267,0.028,0.054,0.053,0.053,0.236,0.057,0.045,0.161,0.055,0.045,0.052,0.048,0.257,0.161,0.054,0.05,0.228,0.053,0.302,0.233,0.046,0.054,0.31,0.053,0.052,0.047,0.048,0.055
73,0.152,0.044,0.054,0.048,0.035,0.052,0.209,0.229,0.059,0.057,0.188,0.142,0.056,0.049,0.053,0.169,0.249,0.049,0.053,0.051,0.045,0.16,0.236,0.054,0.24,0.208,0.267,0.028,0.054,0.259,0.053,0.236,0.057,0.045,0.161,0.055,0.045,0.052,0.048,0.257,0.161,0.054,0.05,0.228,0.053,0.289,0.233,0.046,0.054,0.31,0.053,0.052,0.047,0.048,0.055
74,0.152,0.044,0.054,0.048,0.035,0.052,0.209,0.229,0.059,0.057,0.188,0.142,0.056,0.049,0.053,0.169,0.249,0.049,0.053,0.051,0.045,0.16,0.236,0.054,0.24,0.208,0.267,0.028,0.054,0.259,0.053,0.236,0.057,0.045,0.161,0.055,0.045,0.052,0.048,0.257,0.161,0.054,0.05,0.228,0.053,0.289,0.233,0.046,0.054,0.31,0.053,0.052,0.047,0.048,0.055
75,0.152,0.044,0.054,0.048,0.035,0.052,0.209,0.229,0.059,0.057,0.188,0.142,0.056,0.049,0.053,0.169,0.249,0.049,0.053,0.051,0.045,0.16,0.236,0.054,0.24,0.208,0.267,0.028,0.054,0.259,0.053,0.236,0.057,0.045,0.161,0.055,0.045,0.052,0.048,0.043,0.161,0.054,0.24,0.228,0.053,0.289,0.233,0.046,0.054,0.31,0.053,0.052,0.047,0.048,0.055
76,0.152,0.044,0.054,0.048,0.035,0.052,0.209,0.229,0.059,0.057,0.188,0.142,0.056,0.049,0.053,0.169,0.249,0.27,0.053,0.051,0.045,0.16,0.236,0.054,0.24,0.208,0.267,0.028,0.054,0.259,0.053,0.236,0.057,0.045,0.161,0.055,0.045,0.052,0.048,0.043,0.161,0.054,0.24,0.228,0.053,0.289,0.045,0.046,0.054,0.206,0.053,0.052,0.047,0.048,0.055
77,0.152,0.044,0.054,0.048,0.035,0.052,0.055,0.229,0.059,0.057,0.188,0.142,0.056,0.171,0.053,0.169,0.249,0.27,0.235,0.051,0.045,0.16,0.236,0.054,0.24,0.208,0.051,0.028,0.054,0.259,0.053,0.236,0.057,0.045,0.161,0.055,0.045,0.374,0.048,0.043,0.305,0.054,0.24,0.228,0.053,0.349,0.045,0.046,0.054,0.206,0.053,0.052,0.047,0.048,0.055
78,0.152,0.044,0.054,0.048,0.035,0.052,0.055,0.229,0.233,0.057,0.188,0.142,0.056,0.171,0.053,0.169,0.249,0.27,0.235,0.051,0.045,0.16,0.236,0.054,0.24,0.208,0.051,0.028,0.054,0.259,0.053,0.236,0.057,0.045,0.161,0.055,0.045,0.374,0.048,0.043,0.305,0.054,0.24,0.228,0.053,0.349,0.045,0.046,0.054,0.052,0.053,0.052,0.047,0.048,0.055
79,0.152,0.044,0.054,0.048,0.035,0.052,0.055,0.229,0.233,0.057,0.188,0.142,0.056,0.171,0.053,0.169,0.249,0.27,0.235,0.051,0.045,0.357,0.236,0.054,0.24,0.208,0.051,0.028,0.054,0.259,0.053,0.236,0.057,0.045,0.161,0.055,0.045,0.374,0.048,0.043,0.305,0.054,0.24,0.228,0.053,0.289,0.045,0.046,0.054,0.052,0.053,0.052,0.047,0.048,0.055
80,0.152,0.044,0.054,0.227,0.035,0.052,0.055,0.229,0.233,0.057,0.188,0.142,0.056,0.171,0.053,0.169,0.249,0.27,0.235,0.051,0.045,0.357,0.236,0.054,0.05,0.208,0.051,0.028,0.22,0.259,0.053,0.236,0.057,0.045,0.161,0.055,0.045,0.374,0.048,0.043,0.305,0.054,0.24,0.228,0.053,0.289,0.045,0.046,0.054,0.052,0.053,0.052,0.047,0.048,0.055
81,0.152,0.044,0.054,0.227,0.035,0.052,0.055,0.229,0.233,0.057,0.049,0.142,0.056,0.171,0.053,0.169,0.249,0.27,0.235,0.051,0.045,0.357,0.236,0.054,0.05,0.208,0.051,0.028,0.441,0.259,0.053,0.236,0.057,0.045,0.161,0.055,0.045,0.374,0.048,0.043,0.196,0.054,0.24,0.228,0.053,0.289,0.045,0.046,0.054,0.052,0.053,0.052,0.047,0.048,0.055
82,0.152,0.044,0.054,0.227,0.035,0.052,0.055,0.229,0.233,0.057,0.049,0.142,0.056,0.171,0.053,0.169,0.249,0.27,0.235,0.051,0.045,0.357,0.236,0.054,0.05,0.208,0.051,0.028,0.441,0.259,0.053,0.236,0.057,0.045,0.161,0.055,0.045,0.374,0.048,0.043,0.196,0.054,0.24,0.228,0.053,0.252,0.045,0.046,0.054,0.052,0.053,0.052,0.047,0.048,0.055
83,0.152,0.044,0.054,0.227,0.035,0.052,0.055,0.229,0.233,0.057,0.049,0.142,0.056,0.171,0.053,0.169,0.249,0.27,0.235,0.051,0.045,0.357,0.236,0.054,0.05,0.208,0.051,0.028,0.441,0.259,0.053,0.236,0.057,0.045,0.161,0.055,0.045,0.374,0.048,0.043,0.196,0.054,0.24,0.029,0.053,0.292,0.045,0.046,0.054,0.052,0.053,0.052,0.047,0.048,0.055
84,0.036,0.193,0.054,0.227,0.035,0.052,0.055,0.229,0.233,0.169,0.049,0.142,0.056,0.171,0.053,0.169,0.249,0.27,0.235,0.051,0.045,0.357,0.236,0.054,0.05,0.208,0.051,0.028,0.441,0.259,0.053,0.056,0.057,0.045,0.161,0.055,0.045,0.374,0.048,0.043,0.196,0.054,0.24,0.029,0.053,0.292,0.152,0.046,0.054,0.052,0.053,0.052,0.047,0.048,0.055
85,0.036,0.193,0.054,0.227,0.035,0.052,0.055,0.229,0.233,0.169,0.049,0.142,0.056,0.171,0.053,0.169,0.249,0.27,0.235,0.051,0.045,0.357,0.236,0.054,0.05,0.034,0.051,0.028,0.441,0.259,0.053,0.056,0.057,0.045,0.043,0.055,0.045,0.374,0.048,0.043,0.385,0.054,0.24,0.029,0.053,0.292,0.152,0.046,0.054,0.052,0.053,0.052,0.047,0.048,0.26
86,0.036,0.193,0.054,0.227,0.035,0.284,0.055,0.043,0.233,0.169,0.049,0.142,0.056,0.171,0.053,0.169,0.249,0.27,0.235,0.051,0.045,0.251,0.236,0.054,0.05,0.034,0.051,0.028,0.441,0.259,0.053,0.056,0.057,0.045,0.043,0.055,0.045,0.374,0.048,0.043,0.385,0.054,0.24,0.029,0.053,0.292,0.152,0.046,0.054,0.052,0.053,0.052,0.047,0.048,0.26
87,0.036,0.193,0.054,0.227,0.035,0.284,0.055,0.043,0.233,0.169,0.049,0.142,0.056,0.171,0.053,0.169,0.249,0.27,0.235,0.051,0.045,0.251,0.236,0.054,0.05,0.034,0.051,0.028,0.441,0.053,0.053,0.056,0.057,0.045,0.043,0.055,0.045,0.374,0.048,0.043,0.385,0.054,0.24,0.029,0.053,0.452,0.152,0.046,0.256,0.052,0.053,0.052,0.047,0.048,0.26
88,0.036,0.393,0.054,0.227,0.035,0.284,0.055,0.043,0.233,0.169,0.049,0.142,0.056,0.171,0.053,0.169,0.249,0.27,0.235,0.051,0.045,0.251,0.236,0.054,0.05,0.034,0.051,0.028,0.441,0.053,0.053,0.056,0.057,0.176,0.043,0.055,0.045,0.374,0.048,0.043,0.385,0.054,0.24,0.029,0.053,0.452,0.152,0.154,0.256,0.052,0.053,0.052,0.047,0.048,0.26
89,0.036,0.393,0.054,0.227,0.035,0.284,0.055,0.043,0.233,0.169,0.049,0.142,0.056,0.171,0.053,0.169,0.249,0.27,0.235,0.051,0.045,0.251,0.236,0.054,0.05,0.034,0.051,0.028,0.441,0.053,0.053,0.056,0.057,0.176,0.043,0.055,0.045,0.374,0.048,0.043,0.385,0.054,0.24,0.029,0.053,0.452,0.152,0.154,0.256,0.052,0.053,0.052,0.047,0.048,0.26
90,0.036,0.393,0.054,0.227,0.035,0.284,0.055,0.043,0.233,0.169,0.049,0.142,0.056,0.171,0.053,0.052,0.249,0.27,0.235,0.051,0.045,0.251,0.236,0.054,0.05,0.034,0.051,0.028,0.441,0.053,0.053,0.056,0.057,0.176,0.043,0.055,0.045,0.374,0.048,0.043,0.385,0.054,0.24,0.029,0.053,0.512,0.152,0.154,0.256,0.052,0.152,0.052,0.047,0.048,0.379
91,0.036,0.393,0.054,0.227,0.035,0.284,0.055,0.043,0.233,0.169,0.049,0.052,0.056,0.171,0.053,0.052,0.249,0.27,0.235,0.051,0.045,0.251,0.236,0.054,0.05,0.034,0.051,0.028,0.441,0.053,0.053,0.056,0.057,0.359,0.043,0.055,0.045,0.374,0.048,0.043,0.385,0.054,0.24,0.029,0.053,0.512,0.152,0.154,0.256,0.052,0.152,0.052,0.047,0.048,0.379
92,0.036,0.393,0.054,0.227,0.035,0.284,0.055,0.043,0.233,0.169,0.049,0.052,0.056,0.171,0.053,0.052,0.249,0.27,0.235,0.051,0.045,0.251,0.236,0.054,0.05,0.034,0.051,0.028,0.441,0.053,0.053,0.056,0.057,0.359,0.043,0.055,0.045,0.374,0.048,0.043,0.385,0.054,0.24,0.029,0.053,0.512,0.152,0.154,0.256,0.052,0.152,0.052,0.047,0.048,0.379
93,0.036,0.393,0.054,0.227,0.035,0.284,0.055,0.043,0.233,0.169,0.049,0.052,0.056,0.171,0.053,0.052,0.249,0.27,0.235,0.051,0.045,0.251,0.236,0.054,0.05,0.034,0.051,0.028,0.441,0.053,0.053,0.056,0.057,0.359,0.043,0.055,0.045,0.374,0.048,0.043,0.385,0.054,0.24,0.029,0.053,0.452,0.152,0.154,0.256,0.052,0.152,0.052,0.047,0.048,0.379
94,0.036,0.393,0.054,0.227,0.035,0.284,0.055,0.043,0.233,0.169,0.049,0.052,0.056,0.171,0.053,0.052,0.048,0.27,0.235,0.051,0.045,0.251,0.055,0.054,0.05,0.034,0.051,0.028,0.441,0.053,0.053,0.056,0.25,0.359,0.043,0.055,0.045,0.374,0.048,0.043,0.385,0.054,0.24,0.029,0.053,0.452,0.152,0.154,0.256,0.052,0.152,0.052,0.047,0.048,0.379
95,0.036,0.393,0.054,0.227,0.035,0.284,0.055,0.043,0.233,0.169,0.049,0.052,0.056,0.049,0.053,0.052,0.048,0.27,0.235,0.051,0.045,0.251,0.055,0.054,0.05,0.034,0.051,0.028,0.441,0.053,0.053,0.056,0.25,0.359,0.043,0.055,0.045,0.374,0.048,0.043,0.385,0.054,0.24,0.029,0.053,0.464,0.152,0.154,0.256,0.052,0.152,0.052,0.047,0.048,0.379
96,0.036,0.393,0.054,0.227,0.035,0.284,0.055,0.043,0.233,0.169,0.049,0.052,0.056,0.049,0.053,0.052,0.048,0.27,0.235,0.051,0.24,0.251,0.055,0.054,0.05,0.034,0.051,0.028,0.441,0.053,0.053,0.056,0.25,0.359,0.043,0.196,0.045,0.374,0.048,0.043,0.385,0.054,0.24,0.029,0.053,0.452,0.152,0.154,0.256,0.052,0.152,0.052,0.233,0.048,0.379
97,0.036,0.393,0.054,0.227,0.035,0.284,0.055,0.043,0.233,0.169,0.049,0.052,0.056,0.049,0.053,0.052,0.048,0.27,0.235,0.051,0.24,0.251,0.055,0.054,0.05,0.034,0.051,0.028,0.441,0.053,0.053,0.056,0.25,0.359,0.043,0.196,0.045,0.228,0.048,0.043,0.241,0.054,0.05,0.029,0.053,0.412,0.152,0.154,0.256,0.052,0.152,0.052,0.233,0.048,0.379
98,0.036,0.244,0.054,0.227,0.035,0.284,0.055,0.043,0.059,0.169,0.049,0.052,0.056,0.049,0.053,0.052,0.048,0.049,0.235,0.268,0.24,0.251,0.055,0.054,0.05,0.034,0.051,0.028,0.441,0.053,0.053,0.056,0.25,0.359,0.043,0.196,0.045,0.228,0.048,0.043,0.241,0.054,0.05,0.029,0.053,0.412,0.152,0.154,0.256,0.052,0.152,0.052,0.233,0.048,0.379
99,0.036,0.244,0.054,0.227,0.035,0.284,0.055,0.043,0.059,0.169,0.049,0.052,0.056,0.049,0.053,0.052,0.048,0.049,0.053,0.268,0.24,0.251,0.055,0.054,0.05,0.034,0.051,0.028,0.441,0.053,0.053,0.056,0.25,0.359,0.043,0.196,0.045,0.052,0.048,0.043,0.241,0.16,0.05,0.029,0.053,0.512,0.152,0.154,0.256,0.052,0.152,0.052,0.233,0.048,0.379
100,0.036,0.244,0.054,0.227,0.035,0.284,0.055,0.043,0.059,0.169,0.049,0.052,0.056,0.049,0.053,0.052,0.048,0.049,0.053,0.268,0.24,0.251,0.055,0.054,0.05,0.034,0.051,0.028,0.275,0.053,0.053,0.056,0.25,0.359,0.043,0.196,0.045,0.052,0.048,0.043,0.241,0.16,0.05,0.029,0.053,0.412,0.152,0.154,0.256,0.052,0.152,0.052,0.233,0.048,0.379
101,0.036,0.244,0.054,0.227,0.035,0.284,0.055,0.043,0.059,0.169,0.049,0.196,0.056,0.049,0.053,0.183,0.048,0.049,0.053,0.268,0.24,0.054,0.055,0.266,0.05,0.034,0.051,0.028,0.275,0.053,0.053,0.056,0.25,0.359,0.043,0.196,0.045,0.052,0.048,0.043,0.241,0.16,0.05,0.029,0.053,0.412,0.152,0.154,0.256,0.052,0.152,0.052,0.233,0.048,0.379
102,0.036,0.244,0.054,0.048,0.235,0.284,0.055,0.043,0.059,0.057,0.049,0.196,0.056,0.049,0.053,0.183,0.048,0.049,0.053,0.268,0.24,0.054,0.055,0.266,0.05,0.034,0.051,0.028,0.275,0.053,0.053,0.056,0.25,0.359,0.043,0.196,0.045,0.052,0.048,0.043,0.241,0.16,0.05,0.029,0.053,0.412,0.045,0.154,0.256,0.052,0.152,0.052,0.233,0.048,0.379
103,0.036,0.244,0.054,0.231,0.235,0.284,0.055,0.043,0.059,0.057,0.049,0.196,0.056,0.049,0.053,0.183,0.048,0.049,0.053,0.268,0.24,0.054,0.055,0.266,0.05,0.034,0.051,0.028,0.054,0.053,0.053,0.056,0.25,0.359,0.043,0.196,0.045,0.052,0.048,0.043,0.241,0.16,0.05,0.029,0.053,0.412,0.045,0.154,0.256,0.052,0.152,0.052,0.233,0.048,0.379
104,0.036,0.244,0.054,0.231,0.235,0.284,0.055,0.043,0.059,0.057,0.049,0.196,0.056,0.049,0.053,0.183,0.048,0.049,0.053,0.268,0.24,0.054,0.055,0.266,0.05,0.034,0.051,0.028,0.054,0.053,0.053,0.056,0.25,0.359,0.043,0.196,0.045,0.052,0.048,0.043,0.241,0.16,0.05,0.029,0.053,0.424,0.045,0.154,0.256,0.052,0.152,0.052,0.233,0.048,0.379
105,0.036,0.341,0.054,0.231,0.235,0.284,0.055,0.213,0.059,0.057,0.049,0.196,0.056,0.049,0.053,0.183,0.048,0.049,0.053,0.268,0.24,0.054,0.055,0.266,0.05,0.034,0.051,0.028,0.054,0.053,0.053,0.056,0.25,0.359,0.043,0.196,0.045,0.052,0.048,0.043,0.241,0.16,0.05,0.029,0.053,0.436,0.045,0.154,0.256,0.052,0.152,0.052,0.233,0.048,0.379
106,0.036,0.341,0.054,0.231,0.235,0.284,0.055,0.213,0.059,0.057,0.049,0.196,0.056,0.049,0.053,0.183,0.048,0.049,0.053,0.268,0.24,0.054,0.055,0.266,0.05,0.034,0.051,0.028,0.054,0.053,0.053,0.056,0.25,0.228,0.043,0.196,0.045,0.052,0.048,0.043,0.241,0.16,0.05,0.029,0.053,0.436,0.045,0.046,0.256,0.052,0.152,0.052,0.233,0.048,0.379
107,0.036,0.341,0.054,0.231,0.235,0.284,0.055,0.213,0.059,0.057,0.049,0.196,0.056,0.049,0.053,0.183,0.048,0.049,0.053,0.268,0.24,0.054,0.055,0.266,0.05,0.034,0.051,0.028,0.054,0.053,0.053,0.056,0.25,0.228,0.043,0.196,0.045,0.052,0.048,0.043,0.052,0.16,0.05,0.029,0.053,0.436,0.045,0.046,0.256,0.052,0.152,0.052,0.233,0.048,0.174
108,0.036,0.341,0.054,0.231,0.235,0.052,0.055,0.213,0.059,0.057,0.049,0.196,0.056,0.049,0.053,0.183,0.048,0.049,0.053,0.268,0.24,0.054,0.055,0.266,0.05,0.034,0.051,0.028,0.054,0.053,0.053,0.056,0.057,0.228,0.043,0.196,0.045,0.052,0.048,0.043,0.052,0.16,0.05,0.029,0.053,0.401,0.045,0.046,0.256,0.052,0.053,0.052,0.233,0.048,0.055
109,0.036,0.341,0.054,0.231,0.235,0.052,0.055,0.213,0.059,0.057,0.049,0.196,0.056,0.049,0.053,0.183,0.048,0.049,0.053,0.268,0.24,0.054,0.055,0.266,0.05,0.034,0.051,0.028,0.054,0.053,0.053,0.056,0.057,0.228,0.043,0.196,0.045,0.052,0.048,0.043,0.052,0.16,0.05,0.029,0.053,0.241,0.045,0.046,0.054,0.052,0.053,0.052,0.233,0.048,0.055
110,0.036,0.141,0.054,0.231,0.235,0.052,0.055,0.213,0.059,0.057,0.049,0.196,0.056,0.21,0.053,0.183,0.048,0.049,0.053,0.268,0.24,0.054,0.055,0.266,0.05,0.034,0.051,0.028,0.054,0.053,0.053,0.056,0.057,0.228,0.043,0.196,0.045,0.052,0.048,0.043,0.052,0.16,0.05,0.029,0.053,0.241,0.045,0.046,0.054,0.052,0.053,0.052,0.233,0.048,0.055
111,0.036,0.141,0.054,0.231,0.235,0.052,0.055,0.213,0.059,0.057,0.049,0.196,0.056,0.21,0.053,0.183,0.048,0.049,0.053,0.268,0.24,0.054,0.055,0.266,0.05,0.034,0.051,0.028,0.054,0.053,0.053,0.056,0.057,0.228,0.043,0.196,0.045,0.052,0.048,0.043,0.052,0.16,0.05,0.029,0.053,0.217,0.045,0.046,0.054,0.052,0.053,0.052,0.233,0.048,0.055
112,0.036,0.141,0.054,0.349,0.235,0.052,0.055,0.213,0.059,0.057,0.049,0.196,0.056,0.21,0.053,0.183,0.048,0.049,0.053,0.268,0.24,0.054,0.055,0.266,0.05,0.034,0.051,0.028,0.054,0.053,0.053,0.056,0.057,0.228,0.043,0.196,0.045,0.052,0.048,0.043,0.052,0.16,0.05,0.029,0.053,0.217,0.045,0.046,0.054,0.052,0.053,0.052,0.233,0.048,0.055
113,0.036,0.141,0.054,0.349,0.235,0.052,0.055,0.213,0.059,0.057,0.049,0.196,0.056,0.21,0.053,0.183,0.048,0.049,0.053,0.268,0.24,0.054,0.055,0.266,0.05,0.034,0.051,0.028,0.054,0.053,0.053,0.056,0.057,0.045,0.043,0.196,0.045,0.052,0.048,0.043,0.052,0.16,0.05,0.029,0.053,0.252,0.045,0.046,0.054,0.052,0.053,0.052,0.233,0.048,0.055
114,0.036,0.141,0.054,0.349,0.235,0.052,0.055,0.213,0.059,0.057,0.049,0.196,0.056,0.21,0.053,0.183,0.048,0.049,0.053,0.268,0.24,0.054,0.055,0.266,0.05,0.034,0.051,0.028,0.054,0.053,0.053,0.056,0.057,0.045,0.043,0.196,0.045,0.052,0.048,0.043,0.052,0.16,0.05,0.133,0.053,0.252,0.045,0.046,0.054,0.052,0.053,0.052,0.233,0.048,0.055
115,0.036,0.141,0.054,0.349,0.235,0.052,0.055,0.213,0.059,0.057,0.049,0.196,0.056,0.21,0.053,0.183,0.048,0.049,0.053,0.268,0.24,0.054,0.055,0.169,0.05,0.034,0.051,0.028,0.054,0.053,0.053,0.056,0.167,0.045,0.043,0.196,0.045,0.052,0.048,0.043,0.052,0.16,0.05,0.133,0.053,0.252,0.045,0.046,0.054,0.052,0.053,0.052,0.233,0.048,0.055
116,0.036,0.141,0.054,0.349,0.035,0.052,0.055,0.213,0.059,0.057,0.049,0.362,0.056,0.21,0.053,0.183,0.048,0.049,0.053,0.268,0.24,0.054,0.055,0.169,0.05,0.034,0.051,0.028,0.054,0.053,0.053,0.056,0.167,0.045,0.043,0.055,0.045,0.052,0.048,0.043,0.052,0.16,0.05,0.133,0.053,0.445,0.045,0.046,0.054,0.052,0.053,0.052,0.233,0.048,0.055
117,0.036,0.141,0.054,0.166,0.035,0.052,0.055,0.213,0.059,0.057,0.049,0.362,0.056,0.21,0.053,0.183,0.048,0.049,0.053,0.268,0.24,0.054,0.055,0.169,0.05,0.034,0.051,0.028,0.054,0.053,0.053,0.056,0.167,0.045,0.043,0.055,0.045,0.052,0.048,0.043,0.052,0.054,0.05,0.133,0.053,0.445,0.045,0.046,0.054,0.052,0.053,0.052,0.233,0.048,0.055
118,0.036,0.141,0.054,0.166,0.035,0.052,0.055,0.213,0.059,0.057,0.049,0.362,0.056,0.21,0.053,0.183,0.048,0.049,0.053,0.268,0.045,0.054,0.055,0.169,0.05,0.034,0.051,0.028,0.054,0.053,0.053,0.056,0.167,0.045,0.043,0.055,0.045,0.052,0.048,0.043,0.052,0.054,0.05,0.133,0.217,0.669,0.045,0.046,0.054,0.052,0.053,0.052,0.047,0.048,0.055
119,0.036,0.141,0.054,0.166,0.035,0.052,0.055,0.043,0.059,0.057,0.049,0.362,0.056,0.21,0.053,0.183,0.048,0.049,0.205,0.268,0.045,0.054,0.055,0.169,0.05,0.034,0.051,0.028,0.054,0.053,0.053,0.056,0.167,0.045,0.043,0.055,0.045,0.052,0.048,0.175,0.052,0.054,0.05,0.133,0.217,0.669,0.045,0.046,0.054,0.052,0.053,0.052,0.047,0.048,0.055
120,0.036,0.141,0.054,0.166,0.035,0.052,0.055,0.043,0.059,0.057,0.049,0.362,0.056,0.21,0.053,0.183,0.048,0.049,0.205,0.051,0.045,0.054,0.055,0.169,0.05,0.034,0.051,0.028,0.054,0.053,0.053,0.177,0.167,0.045,0.043,0.055,0.045,0.052,0.048,0.175,0.052,0.054,0.05,0.133,0.217,0.366,0.045,0.046,0.054,0.052,0.053,0.052,0.047,0.048,0.055
121,0.036,0.141,0.054,0.166,0.035,0.052,0.055,0.043,0.059,0.057,0.188,0.218,0.056,0.21,0.053,0.052,0.048,0.049,0.205,0.051,0.045,0.054,0.055,0.169,0.05,0.034,0.051,0.028,0.054,0.053,0.053,0.177,0.167,0.045,0.043,0.055,0.045,0.052,0.048,0.175,0.052,0.054,0.05,0.133,0.217,0.366,0.045,0.046,0.054,0.052,0.053,0.052,0.047,0.048,0.055
122,0.036,0.141,0.054,0.166,0.035,0.052,0.055,0.043,0.281,0.057,0.188,0.218,0.056,0.21,0.053,0.052,0.048,0.049,0.205,0.051,0.045,0.054,0.055,0.169,0.153,0.034,0.051,0.028,0.054,0.053,0.053,0.177,0.167,0.045,0.043,0.055,0.045,0.052,0.048,0.175,0.052,0.054,0.05,0.133,0.217,0.366,0.045,0.046,0.054,0.052,0.053,0.052,0.047,0.048,0.055
123,0.036,0.044,0.054,0.166,0.035,0.052,0.055,0.043,0.281,0.057,0.188,0.218,0.056,0.21,0.053,0.052,0.048,0.049,0.205,0.051,0.045,0.054,0.055,0.169,0.153,0.034,0.051,0.028,0.054,0.053,0.053,0.177,0.167,0.045,0.043,0.055,0.045,0.052,0.048,0.175,0.052,0.054,0.05,0.133,0.217,0.366,0.045,0.046,0.054,0.052,0.053,0.052,0.047,0.219,0.055
124,0.036,0.044,0.054,0.166,0.035,0.052,0.055,0.043,0.281,0.057,0.188,0.218,0.056,0.21,0.053,0.052,0.048,0.049,0.205,0.051,0.045,0.054,0.055,0.169,0.153,0.034,0.051,0.028,0.054,0.053,0.053,0.177,0.167,0.045,0.043,0.055,0.045,0.052,0.048,0.175,0.052,0.054,0.05,0.133,0.217,0.366,0.045,0.046,0.054,0.052,0.053,0.052,0.047,0.219,0.055
125,0.036,0.044,0.054,0.166,0.035,0.052,0.055,0.043,0.281,0.057,0.188,0.218,0.056,0.21,0.053,0.052,0.048,0.049,0.205,0.051,0.045,0.054,0.055,0.169,0.153,0.034,0.051,0.242,0.054,0.053,0.053,0.177,0.167,0.045,0.043,0.055,0.045,0.052,0.048,0.175,0.052,0.054,0.05,0.133,0.217,0.366,0.045,0.046,0.054,0.052,0.053,0.052,0.047,0.219,0.055
126,0.036,0.044,0.054,0.166,0.035,0.052,0.055,0.043,0.281,0.057,0.188,0.218,0.056,0.21,0.053,0.052,0.048,0.049,0.205,0.051,0.045,0.054,0.055,0.169,0.153,0.034,0.051,0.242,0.054,0.053,0.053,0.177,0.167,0.045,0.043,0.055,0.045,0.052,0.048,0.175,0.052,0.054,0.05,0.133,0.217,0.366,0.045,0.046,0.054,0.052,0.053,0.052,0.047,0.219,0.055
127,0.036,0.044,0.054,0.166,0.035,0.052,0.055,0.043,0.281,0.057,0.188,0.218,0.056,0.21,0.053,0.052,0.048,0.049,0.205,0.051,0.045,0.054,0.055,0.169,0.153,0.034,0.051,0.242,0.054,0.053,0.053,0.177,0.167,0.045,0.043,0.055,0.045,0.052,0.048,0.175,0.052,0.054,0.05,0.133,0.217,0.366,0.045,0.046,0.054,0.052,0.053,0.052,0.047,0.219,0.055
128,0.036,0.044,0.054,0.166,0.035,0.052,0.055,0.043,0.281,0.057,0.188,0.218,0.056,0.21,0.053,0.052,0.048,0.049,0.205,0.051,0.045,0.054,0.055,0.169,0.153,0.034,0.051,0.242,0.054,0.053,0.053,0.177,0.167,0.045,0.043,0.055,0.045,0.052,0.048,0.175,0.052,0.054,0.05,0.133,0.217,0.366,0.233,0.046,0.054,0.052,0.053,0.052,0.047,0.219,0.055
129,0.036,0.044,0.054,0.166,0.035,0.052,0.055,0.043,0.281,0.057,0.188,0.218,0.056,0.21,0.053,0.052,0.048,0.049,0.205,0.051,0.045,0.054,0.055,0.169,0.153,0.034,0.051,0.242,0.054,0.053,0.053,0.177,0.167,0.045,0.216,0.055,0.045,0.052,0.048,0.175,0.052,0.054,0.05,0.133,0.217,0.366,0.233,0.046,0.054,0.206,0.053,0.052,0.047,0.219,0.055
130,0.036,0.044,0.054,0.048,0.035,0.052,0.055,0.043,0.281,0.057,0.188,0.218,0.056,0.049,0.053,0.052,0.048,0.049,0.205,0.051,0.045,0.054,0.055,0.169,0.153,0.034,0.051,0.242,0.054,0.053,0.053,0.354,0.167,0.045,0.216,0.055,0.045,0.052,0.048,0.175,0.052,0.054,0.05,0.133,0.217,0.173,0.233,0.046,0.054,0.206,0.053,0.052,0.047,0.219,0.055
131,0.036,0.044,0.054,0.048,0.035,0.052,0.055,0.043,0.281,0.057,0.188,0.308,0.056,0.049,0.223,0.052,0.048,0.049,0.205,0.051,0.045,0.054,0.055,0.169,0.294,0.034,0.051,0.242,0.054,0.053,0.053,0.354,0.167,0.045,0.216,0.055,0.045,0.052,0.048,0.175,0.052,0.054,0.05,0.133,0.217,0.173,0.233,0.046,0.054,0.206,0.053,0.052,0.047,0.219,0.055
132,0.036,0.044,0.054,0.048,0.035,0.052,0.055,0.043,0.281,0.057,0.188,0.471,0.056,0.049,0.223,0.052,0.048,0.049,0.205,0.051,0.045,0.054,0.055,0.169,0.294,0.034,0.051,0.242,0.054,0.053,0.053,0.354,0.167,0.045,0.216,0.055,0.045,0.052,0.048,0.175,0.052,0.054,0.05,0.029,0.217,0.173,0.233,0.046,0.054,0.206,0.053,0.052,0.047,0.219,0.055
133,0.036,0.044,0.054,0.048,0.035,0.052,0.209,0.043,0.281,0.057,0.188,0.471,0.056,0.049,0.223,0.052,0.048,0.049,0.205,0.051,0.045,0.054,0.055,0.054,0.484,0.034,0.267,0.242,0.054,0.053,0.053,0.354,0.057,0.045,0.216,0.055,0.045,0.052,0.048,0.175,0.052,0.054,0.05,0.029,0.217,0.173,0.233,0.046,0.054,0.206,0.053,0.052,0.047,0.219,0.055
134,0.036,0.044,0.054,0.048,0.035,0.052,0.209,0.043,0.281,0.057,0.188,0.471,0.056,0.049,0.223,0.052,0.048,0.049,0.205,0.051,0.045,0.054,0.055,0.054,0.484,0.034,0.267,0.242,0.054,0.053,0.053,0.354,0.057,0.045,0.216,0.055,0.045,0.052,0.048,0.175,0.052,0.054,0.05,0.029,0.217,0.173,0.233,0.046,0.054,0.206,0.053,0.212,0.047,0.219,0.055
135,0.036,0.044,0.054,0.048,0.035,0.052,0.209,0.043,0.281,0.057,0.188,0.471,0.056,0.049,0.223,0.052,0.048,0.049,0.205,0.051,0.045,0.054,0.055,0.054,0.484,0.034,0.267,0.242,0.054,0.053,0.053,0.354,0.057,0.045,0.216,0.055,0.045,0.052,0.048,0.175,0.052,0.054,0.05,0.029,0.217,0.173,0.233,0.046,0.054,0.206,0.053,0.212,0.047,0.219,0.055
136,0.036,0.044,0.054,0.048,0.035,0.052,0.209,0.043,0.281,0.057,0.188,0.471,0.056,0.049,0.223,0.052,0.048,0.049,0.205,0.051,0.045,0.054,0.055,0.054,0.484,0.034,0.267,0.242,0.054,0.053,0.053,0.354,0.057,0.045,0.216,0.055,0.045,0.052,0.048,0.175,0.052,0.054,0.05,0.029,0.217,0.049,0.233,0.046,0.054,0.206,0.053,0.212,0.047,0.219,0.055
137,0.036,0.044,0.054,0.048,0.035,0.052,0.209,0.043,0.281,0.057,0.188,0.471,0.056,0.049,0.223,0.052,0.048,0.049,0.205,0.051,0.045,0.054,0.055,0.054,0.484,0.034,0.267,0.242,0.054,0.053,0.053,0.354,0.057,0.045,0.216,0.055,0.045,0.052,0.048,0.043,0.052,0.054,0.05,0.029,0.217,0.049,0.233,0.046,0.054,0.206,0.053,0.212,0.047,0.219,0.055
138,0.036,0.044,0.054,0.048,0.035,0.052,0.209,0.043,0.281,0.169,0.188,0.305,0.056,0.049,0.223,0.052,0.249,0.049,0.205,0.051,0.045,0.054,0.055,0.054,0.484,0.034,0.267,0.242,0.054,0.053,0.053,0.233,0.057,0.045,0.216,0.055,0.045,0.052,0.048,0.043,0.052,0.054,0.05,0.029,0.217,0.049,0.233,0.046,0.054,0.206,0.053,0.212,0.047,0.219,0.055
139,0.036,0.044,0.054,0.048,0.035,0.052,0.209,0.043,0.281,0.169,0.188,0.305,0.056,0.049,0.223,0.052,0.249,0.049,0.053,0.051,0.045,0.054,0.055,0.054,0.484,0.034,0.371,0.028,0.054,0.053,0.053,0.233,0.057,0.045,0.216,0.055,0.045,0.052,0.048,0.043,0.052,0.054,0.05,0.029,0.217,0.049,0.233,0.046,0.054,0.206,0.053,0.212,0.047,0.219,0.055
140,0.036,0.044,0.054,0.048,0.035,0.052,0.209,0.043,0.281,0.169,0.188,0.305,0.056,0.049,0.223,0.052,0.249,0.049,0.053,0.051,0.045,0.054,0.055,0.054,0.381,0.034,0.371,0.028,0.054,0.053,0.053,0.233,0.057,0.045,0.216,0.055,0.045,0.052,0.048,0.043,0.052,0.054,0.05,0.029,0.053,0.049,0.233,0.046,0.054,0.206,0.053,0.212,0.047,0.219,0.055
141,0.036,0.198,0.054,0.048,0.035,0.052,0.209,0.043,0.281,0.169,0.049,0.305,0.056,0.049,0.223,0.052,0.249,0.049,0.053,0.051,0.045,0.054,0.055,0.054,0.381,0.034,0.371,0.028,0.22,0.053,0.053,0.233,0.057,0.045,0.216,0.055,0.045,0.052,0.048,0.043,0.052,0.054,0.05,0.029,0.053,0.049,0.233,0.046,0.054,0.206,0.053,0.212,0.047,0.219,0.055
142,0.036,0.198,0.054,0.048,0.035,0.052,0.209,0.043,0.281,0.169,0.049,0.305,0.056,0.049,0.223,0.052,0.249,0.049,0.053,0.051,0.045,0.054,0.055,0.054,0.381,0.034,0.371,0.028,0.22,0.053,0.053,0.413,0.057,0.045,0.216,0.055,0.045,0.052,0.048,0.043,0.052,0.054,0.05,0.029,0.053,0.049,0.233,0.046,0.054,0.206,0.053,0.212,0.047,0.219,0.055
143,0.036,0.198,0.054,0.048,0.035,0.052,0.209,0.043,0.281,0.169,0.049,0.305,0.056,0.171,0.223,0.052,0.249,0.049,0.053,0.051,0.045,0.054,0.055,0.054,0.381,0.034,0.371,0.028,0.22,0.053,0.053,0.413,0.057,0.045,0.216,0.055,0.045,0.228,0.048,0.043,0.052,0.054,0.05,0.029,0.053,0.049,0.233,0.046,0.054,0.206,0.053,0.212,0.047,0.219,0.055
144,0.036,0.198,0.054,0.048,0.035,0.052,0.209,0.043,0.059,0.169,0.049,0.305,0.056,0.171,0.223,0.052,0.249,0.049,0.053,0.051,0.045,0.054,0.236,0.054,0.381,0.034,0.371,0.028,0.22,0.053,0.053,0.413,0.057,0.045,0.216,0.055,0.045,0.228,0.048,0.043,0.052,0.054,0.05,0.029,0.053,0.049,0.233,0.046,0.054,0.206,0.053,0.212,0.047,0.219,0.055
145,0.076,0.198,0.054,0.048,0.035,0.052,0.209,0.043,0.059,0.169,0.049,0.305,0.056,0.171,0.223,0.052,0.249,0.049,0.053,0.051,0.045,0.054,0.236,0.054,0.381,0.034,0.371,0.028,0.22,0.053,0.053,0.413,0.057,0.045,0.216,0.055,0.045,0.374,0.048,0.043,0.052,0.054,0.05,0.029,0.053,0.049,0.233,0.046,0.054,0.206,0.053,0.212,0.047,0.048,0.055
146,0.192,0.198,0.054,0.048,0.035,0.052,0.209,0.043,0.059,0.169,0.049,0.142,0.056,0.171,0.223,0.052,0.249,0.049,0.053,0.051,0.045,0.054,0.236,0.054,0.381,0.208,0.371,0.028,0.22,0.053,0.053,0.413,0.057,0.045,0.216,0.055,0.045,0.374,0.048,0.043,0.161,0.054,0.05,0.029,0.053,0.049,0.233,0.046,0.054,0.206,0.053,0.212,0.047,0.048,0.055
147,0.192,0.198,0.054,0.048,0.035,0.052,0.209,0.201,0.059,0.169,0.049,0.142,0.056,0.171,0.223,0.052,0.249,0.049,0.053,0.051,0.045,0.054,0.236,0.054,0.381,0.208,0.371,0.028,0.22,0.053,0.053,0.413,0.057,0.045,0.216,0.055,0.045,0.374,0.048,0.043,0.161,0.054,0.05,0.029,0.053,0.049,0.233,0.154,0.054,0.206,0.053,0.389,0.047,0.048,0.055
148,0.192,0.198,0.054,0.048,0.035,0.052,0.209,0.201,0.059,0.169,0.049,0.142,0.056,0.171,0.223,0.052,0.249,0.21,0.053,0.051,0.045,0.054,0.236,0.054,0.381,0.208,0.371,0.028,0.22,0.053,0.053,0.413,0.057,0.045,0.216,0.055,0.045,0.374,0.048,0.043,0.161,0.054,0.05,0.228,0.053,0.049,0.233,0.154,0.054,0.206,0.053,0.229,0.047,0.048,0.055
149,0.192,0.198,0.054,0.048,0.035,0.052,0.209,0.201,0.059,0.169,0.049,0.052,0.056,0.171,0.223,0.052,0.249,0.21,0.053,0.051,0.045,0.054,0.236,0.054,0.381,0.208,0.371,0.028,0.22,0.053,0.053,0.413,0.057,0.045,0.216,0.055,0.045,0.374,0.048,0.043,0.161,0.054,0.05,0.228,0.053,0.049,0.233,0.154,0.054,0.052,0.053,0.229,0.047,0.048,0.055
150,0.348,0.198,0.054,0.048,0.035,0.052,0.209,0.201,0.059,0.169,0.049,0.052,0.056,0.171,0.223,0.052,0.249,0.21,0.053,0.051,0.045,0.054,0.236,0.054,0.381,0.208,0.371,0.028,0.22,0.053,0.053,0.413,0.057,0.045,0.216,0.055,0.045,0.374,0.048,0.043,0.161,0.054,0.05,0.228,0.053,0.049,0.045,0.154,0.054,0.052,0.053,0.229,0.047,0.048,0.055
151,0.348,0.198,0.054,0.048,0.035,0.052,0.209,0.201,0.059,0.169,0.049,0.052,0.056,0.171,0.223,0.052,0.249,0.21,0.053,0.051,0.045,0.054,0.236,0.054,0.24,0.208,0.371,0.028,0.441,0.053,0.053,0.413,0.057,0.045,0.043,0.055,0.045,0.374,0.048,0.043,0.161,0.054,0.05,0.228,0.053,0.049,0.045,0.154,0.054,0.052,0.053,0.229,0.047,0.048,0.055
152,0.348,0.198,0.054,0.048,0.035,0.052,0.209,0.201,0.059,0.169,0.049,0.052,0.056,0.171,0.223,0.052,0.249,0.21,0.053,0.051,0.045,0.054,0.336,0.054,0.24,0.208,0.371,0.028,0.441,0.053,0.053,0.236,0.057,0.045,0.043,0.055,0.045,0.374,0.048,0.043,0.161,0.054,0.05,0.228,0.053,0.049,0.045,0.154,0.054,0.052,0.053,0.229,0.047,0.048,0.055
153,0.348,0.198,0.054,0.048,0.035,0.052,0.209,0.201,0.059,0.169,0.049,0.052,0.056,0.171,0.053,0.052,0.249,0.21,0.053,0.051,0.045,0.054,0.336,0.054,0.24,0.208,0.371,0.028,0.441,0.259,0.053,0.236,0.057,0.045,0.043,0.055,0.045,0.374,0.048,0.043,0.161,0.054,0.05,0.228,0.053,0.049,0.045,0.154,0.054,0.052,0.053,0.229,0.047,0.048,0.174
154,0.348,0.198,0.054,0.048,0.035,0.052,0.209,0.201,0.059,0.169,0.049,0.052,0.056,0.171,0.053,0.052,0.249,0.21,0.053,0.051,0.045,0.054,0.336,0.054,0.24,0.208,0.371,0.028,0.441,0.259,0.053,0.236,0.057,0.045,0.043,0.055,0.045,0.374,0.048,0.043,0.161,0.054,0.05,0.228,0.053,0.049,0.045,0.154,0.054,0.052,0.053,0.229,0.047,0.048,0.174
155,0.348,0.198,0.054,0.048,0.035,0.052,0.055,0.201,0.059,0.169,0.049,0.052,0.056,0.171,0.053,0.052,0.249,0.21,0.053,0.051,0.045,0.054,0.336,0.054,0.05,0.208,0.155,0.028,0.441,0.259,0.053,0.236,0.057,0.045,0.043,0.055,0.045,0.374,0.048,0.043,0.161,0.054,0.05,0.228,0.053,0.049,0.045,0.154,0.054,0.052,0.053,0.229,0.047,0.048,0.174
156,0.348,0.198,0.054,0.048,0.035,0.052,0.055,0.201,0.059,0.057,0.049,0.052,0.056,0.171,0.053,0.052,0.249,0.21,0.053,0.051,0.045,0.054,0.336,0.054,0.05,0.208,0.155,0.028,0.441,0.259,0.053,0.236,0.057,0.045,0.161,0.055,0.045,0.374,0.048,0.043,0.161,0.054,0.05,0.228,0.053,0.209,0.045,0.154,0.054,0.052,0.053,0.229,0.047,0.048,0.174
157,0.348,0.198,0.054,0.048,0.035,0.052,0.055,0.201,0.059,0.057,0.049,0.052,0.056,0.171,0.053,0.052,0.249,0.21,0.053,0.051,0.045,0.054,0.336,0.054,0.05,0.208,0.051,0.028,0.441,0.259,0.053,0.236,0.057,0.045,0.161,0.055,0.045,0.374,0.048,0.043,0.161,0.054,0.05,0.228,0.053,0.209,0.045,0.154,0.054,0.052,0.053,0.229,0.047,0.048,0.174
158,0.348,0.198,0.054,0.048,0.035,0.052,0.055,0.201,0.059,0.057,0.049,0.052,0.056,0.171,0.053,0.052,0.249,0.21,0.053,0.051,0.045,0.054,0.336,0.054,0.05,0.208,0.051,0.028,0.441,0.259,0.053,0.236,0.057,0.045,0.161,0.055,0.045,0.374,0.048,0.043,0.161,0.054,0.05,0.228,0.053,0.209,0.045,0.154,0.054,0.052,0.053,0.229,0.047,0.048,0.174
159,0.308,0.198,0.054,0.048,0.035,0.052,0.055,0.387,0.059,0.057,0.049,0.052,0.056,0.171,0.053,0.052,0.249,0.431,0.053,0.051,0.045,0.054,0.336,0.054,0.05,0.208,0.051,0.028,0.441,0.259,0.053,0.236,0.057,0.228,0.161,0.055,0.045,0.374,0.048,0.043,0.161,0.054,0.05,0.228,0.053,0.209,0.045,0.154,0.054,0.052,0.053,0.229,0.047,0.048,0.174
160,0.348,0.198,0.054,0.048,0.035,0.052,0.055,0.387,0.059,0.057,0.049,0.052,0.056,0.171,0.053,0.052,0.048,0.431,0.053,0.051,0.045,0.054,0.336,0.054,0.05,0.208,0.051,0.028,0.441,0.259,0.053,0.236,0.057,0.228,0.161,0.055,0.045,0.374,0.048,0.043,0.161,0.054,0.05,0.228,0.053,0.209,0.045,0.154,0.054,0.052,0.053,0.229,0.047,0.048,0.174
161,0.348,0.044,0.054,0.048,0.035,0.052,0.055,0.387,0.059,0.057,0.049,0.052,0.056,0.049,0.053,0.052,0.048,0.431,0.053,0.051,0.045,0.054,0.336,0.054,0.05,0.208,0.051,0.028,0.275,0.259,0.053,0.236,0.057,0.228,0.161,0.055,0.045,0.374,0.048,0.043,0.161,0.054,0.05,0.228,0.053,0.209,0.152,0.154,0.054,0.052,0.053,0.229,0.047,0.048,0.174
162,0.348,0.044,0.054,0.048,0.035,0.052,0.055,0.387,0.059,0.057,0.049,0.052,0.056,0.049,0.053,0.052,0.048,0.431,0.053,0.051,0.045,0.054,0.336,0.054,0.05,0.208,0.051,0.028,0.275,0.259,0.053,0.056,0.057,0.228,0.161,0.055,0.045,0.374,0.048,0.043,0.161,0.054,0.05,0.228,0.053,0.209,0.152,0.154,0.054,0.052,0.053,0.229,0.047,0.048,0.174
163,0.408,0.044,0.054,0.048,0.035,0.284,0.055,0.387,0.059,0.057,0.049,0.052,0.056,0.049,0.053,0.052,0.048,0.431,0.053,0.051,0.045,0.054,0.336,0.054,0.05,0.208,0.051,0.028,0.275,0.259,0.053,0.056,0.057,0.228,0.161,0.055,0.045,0.374,0.048,0.257,0.161,0.054,0.05,0.228,0.053,0.209,0.152,0.154,0.054,0.052,0.053,0.229,0.047,0.048,0.174
164,0.292,0.044,0.054,0.048,0.035,0.284,0.055,0.387,0.059,0.057,0.049,0.052,0.056,0.049,0.053,0.052,0.048,0.431,0.053,0.051,0.045,0.054,0.336,0.054,0.05,0.208,0.051,0.028,0.275,0.259,0.053,0.056,0.057,0.228,0.161,0.055,0.045,0.374,0.048,0.257,0.052,0.054,0.05,0.228,0.053,0.209,0.152,0.154,0.054,0.052,0.053,0.229,0.047,0.048,0.174
165,0.292,0.044,0.054,0.048,0.035,0.284,0.055,0.387,0.059,0.057,0.049,0.052,0.056,0.049,0.053,0.052,0.048,0.431,0.053,0.051,0.24,0.054,0.336,0.054,0.05,0.208,0.051,0.028,0.275,0.259,0.053,0.056,0.057,0.228,0.161,0.055,0.045,0.052,0.048,0.257,0.052,0.054,0.05,0.228,0.053,0.209,0.152,0.046,0.054,0.052,0.053,0.229,0.047,0.048,0.174
166,0.292,0.244,0.054,0.048,0.035,0.284,0.055,0.387,0.059,0.057,0.049,0.196,0.056,0.049,0.053,0.052,0.048,0.431,0.053,0.051,0.24,0.054,0.155,0.054,0.05,0.208,0.051,0.028,0.275,0.259,0.053,0.056,0.057,0.228,0.161,0.055,0.045,0.052,0.048,0.257,0.241,0.054,0.05,0.228,0.053,0.209,0.152,0.046,0.054,0.052,0.053,0.229,0.047,0.048,0.174
167,0.252,0.393,0.054,0.048,0.035,0.284,0.055,0.229,0.059,0.057,0.049,0.196,0.056,0.049,0.053,0.052,0.048,0.431,0.053,0.051,0.24,0.054,0.155,0.054,0.05,0.208,0.051,0.028,0.275,0.053,0.053,0.056,0.057,0.228,0.161,0.055,0.045,0.052,0.048,0.257,0.241,0.054,0.05,0.228,0.053,0.209,0.152,0.046,0.054,0.052,0.053,0.229,0.047,0.048,0.174
168,0.252,0.393,0.054,0.048,0.035,0.284,0.055,0.229,0.059,0.057,0.049,0.196,0.056,0.049,0.053,0.052,0.048,0.27,0.053,0.051,0.24,0.054,0.155,0.054,0.05,0.034,0.051,0.028,0.275,0.053,0.053,0.056,0.057,0.228,0.161,0.055,0.045,0.052,0.048,0.257,0.241,0.054,0.05,0.228,0.053,0.209,0.152,0.046,0.054,0.052,0.152,0.229,0.047,0.048,0.174
169,0.192,0.393,0.054,0.048,0.035,0.284,0.055,0.229,0.059,0.057,0.049,0.196,0.056,0.049,0.053,0.052,0.048,0.27,0.053,0.171,0.24,0.054,0.155,0.054,0.05,0.034,0.051,0.028,0.275,0.053,0.053,0.056,0.057,0.228,0.161,0.055,0.045,0.052,0.048,0.257,0.385,0.054,0.05,0.228,0.053,0.209,0.152,0.046,0.054,0.052,0.152,0.052,0.047,0.048,0.174
170,0.192,0.393,0.054,0.048,0.035,0.284,0.055,0.229,0.059,0.057,0.049,0.196,0.056,0.049,0.053,0.052,0.048,0.27,0.053,0.171,0.24,0.054,0.055,0.054,0.05,0.034,0.051,0.028,0.275,0.053,0.053,0.056,0.057,0.228,0.161,0.055,0.045,0.052,0.048,0.257,0.385,0.054,0.05,0.029,0.053,0.209,0.152,0.046,0.054,0.052,0.152,0.052,0.047,0.048,0.174
171,0.252,0.393,0.054,0.048,0.035,0.284,0.055,0.229,0.059,0.057,0.049,0.196,0.056,0.049,0.053,0.052,0.048,0.27,0.053,0.171,0.24,0.054,0.055,0.054,0.05,0.034,0.051,0.028,0.275,0.053,0.053,0.056,0.057,0.228,0.161,0.055,0.045,0.052,0.048,0.257,0.385,0.054,0.05,0.029,0.053,0.209,0.152,0.046,0.054,0.052,0.152,0.052,0.233,0.048,0.055
172,0.096,0.393,0.054,0.048,0.035,0.284,0.055,0.229,0.059,0.057,0.049,0.196,0.056,0.049,0.053,0.052,0.048,0.27,0.053,0.171,0.24,0.054,0.055,0.054,0.05,0.034,0.051,0.028,0.275,0.053,0.053,0.056,0.057,0.228,0.161,0.055,0.045,0.052,0.048,0.257,0.385,0.054,0.05,0.029,0.053,0.209,0.152,0.046,0.054,0.052,0.152,0.052,0.233,0.048,0.055
173,0.096,0.393,0.054,0.048,0.035,0.284,0.055,0.229,0.059,0.057,0.049,0.196,0.056,0.049,0.053,0.052,0.048,0.27,0.053,0.388,0.24,0.054,0.055,0.054,0.05,0.034,0.051,0.028,0.054,0.053,0.053,0.056,0.057,0.228,0.161,0.055,0.045,0.052,0.048,0.257,0.385,0.054,0.05,0.029,0.053,0.209,0.152,0.046,0.054,0.052,0.152,0.052,0.233,0.048,0.055
174,0.096,0.393,0.054,0.048,0.035,0.284,0.055,0.229,0.059,0.057,0.049,0.196,0.056,0.21,0.053,0.052,0.048,0.27,0.053,0.388,0.24,0.054,0.055,0.054,0.05,0.034,0.051,0.028,0.054,0.053,0.053,0.056,0.057,0.228,0.043,0.055,0.045,0.052,0.048,0.257,0.385,0.054,0.05,0.029,0.053,0.209,0.152,0.046,0.054,0.052,0.152,0.052,0.233,0.048,0.055
175,0.036,0.393,0.054,0.231,0.035,0.284,0.055,0.229,0.059,0.057,0.049,0.196,0.056,0.21,0.053,0.052,0.048,0.27,0.053,0.388,0.24,0.251,0.055,0.054,0.05,0.034,0.051,0.028,0.054,0.053,0.053,0.056,0.057,0.228,0.043,0.055,0.045,0.052,0.048,0.257,0.385,0.054,0.05,0.029,0.053,0.209,0.152,0.046,0.054,0.052,0.152,0.052,0.233,0.048,0.055
176,0.036,0.393,0.054,0.231,0.035,0.284,0.055,0.229,0.059,0.057,0.049,0.196,0.056,0.21,0.053,0.183,0.048,0.27,0.053,0.388,0.24,0.251,0.055,0.054,0.05,0.034,0.051,0.028,0.054,0.053,0.053,0.056,0.057,0.228,0.043,0.055,0.045,0.052,0.048,0.257,0.385,0.054,0.05,0.029,0.053,0.209,0.152,0.046,0.054,0.052,0.152,0.052,0.233,0.048,0.055
177,0.036,0.393,0.054,0.231,0.035,0.284,0.055,0.229,0.233,0.057,0.049,0.196,0.056,0.21,0.053,0.183,0.048,0.27,0.053,0.388,0.24,0.251,0.055,0.054,0.05,0.034,0.051,0.028,0.054,0.053,0.053,0.056,0.057,0.228,0.043,0.055,0.045,0.052,0.048,0.257,0.385,0.054,0.05,0.029,0.053,0.209,0.152,0.046,0.054,0.052,0.152,0.052,0.233,0.048,0.055
178,0.126,0.393,0.054,0.231,0.035,0.284,0.055,0.229,0.233,0.057,0.049,0.196,0.056,0.21,0.053,0.183,0.048,0.27,0.053,0.388,0.24,0.251,0.055,0.054,0.05,0.034,0.051,0.028,0.054,0.053,0.053,0.056,0.057,0.228,0.043,0.055,0.045,0.052,0.048,0.257,0.385,0.054,0.05,0.029,0.053,0.049,0.152,0.046,0.054,0.052,0.152,0.052,0.233,0.048,0.055
179,0.126,0.393,0.054,0.231,0.035,0.284,0.055,0.229,0.233,0.057,0.049,0.196,0.056,0.21,0.053,0.183,0.048,0.27,0.053,0.388,0.24,0.251,0.055,0.054,0.05,0.034,0.051,0.028,0.054,0.053,0.053,0.056,0.057,0.228,0.043,0.055,0.045,0.052,0.048,0.257,0.385,0.054,0.05,0.029,0.053,0.049,0.045,0.046,0.054,0.052,0.152,0.052,0.233,0.048,0.055
180,0.126,0.393,0.054,0.231,0.035,0.284,0.055,0.229,0.233,0.057,0.049,0.196,0.056,0.21,0.053,0.183,0.048,0.27,0.053,0.388,0.24,0.357,0.055,0.054,0.05,0.034,0.051,0.028,0.054,0.053,0.053,0.056,0.25,0.228,0.043,0.055,0.045,0.052,0.048,0.257,0.385,0.054,0.05,0.029,0.053,0.049,0.045,0.046,0.054,0.052,0.152,0.052,0.233,0.048,0.055
181,0.126,0.244,0.054,0.231,0.035,0.284,0.055,0.043,0.233,0.057,0.049,0.196,0.056,0.21,0.053,0.183,0.048,0.049,0.053,0.388,0.24,0.357,0.055,0.054,0.05,0.034,0.051,0.028,0.054,0.053,0.053,0.056,0.25,0.045,0.043,0.055,0.045,0.052,0.048,0.257,0.385,0.054,0.05,0.029,0.053,0.049,0.045,0.046,0.054,0.052,0.152,0.052,0.233,0.048,0.055
182,0.191,0.244,0.054,0.231,0.035,0.284,0.055,0.043,0.233,0.057,0.049,0.196,0.056,0.21,0.053,0.183,0.048,0.049,0.205,0.388,0.24,0.357,0.055,0.054,0.05,0.034,0.051,0.028,0.054,0.053,0.053,0.056,0.25,0.045,0.043,0.144,0.045,0.052,0.048,0.257,0.385,0.054,0.05,0.029,0.053,0.049,0.045,0.046,0.054,0.052,0.152,0.052,0.233,0.048,0.055
183,0.251,0.244,0.054,0.231,0.035,0.284,0.055,0.043,0.233,0.057,0.049,0.196,0.056,0.21,0.053,0.183,0.048,0.049,0.205,0.388,0.24,0.357,0.055,0.266,0.05,0.034,0.051,0.028,0.054,0.053,0.053,0.056,0.25,0.045,0.043,0.144,0.045,0.052,0.048,0.257,0.385,0.054,0.05,0.029,0.053,0.173,0.045,0.046,0.054,0.052,0.152,0.052,0.233,0.048,0.055
184,0.321,0.244,0.054,0.231,0.035,0.284,0.055,0.213,0.233,0.057,0.049,0.196,0.056,0.21,0.053,0.183,0.048,0.049,0.205,0.388,0.24,0.357,0.055,0.266,0.05,0.034,0.051,0.028,0.054,0.053,0.053,0.056,0.25,0.045,0.043,0.144,0.045,0.052,0.048,0.257,0.385,0.054,0.05,0.029,0.053,0.173,0.045,0.046,0.054,0.052,0.152,0.052,0.233,0.048,0.055
185,0.321,0.244,0.054,0.231,0.035,0.052,0.055,0.213,0.233,0.057,0.049,0.196,0.056,0.21,0.053,0.183,0.048,0.049,0.205,0.388,0.24,0.357,0.055,0.266,0.05,0.034,0.051,0.028,0.054,0.053,0.053,0.056,0.25,0.045,0.043,0.144,0.045,0.052,0.048,0.043,0.385,0.054,0.05,0.029,0.053,0.173,0.045,0.046,0.054,0.052,0.152,0.052,0.233,0.048,0.055
186,0.321,0.244,0.054,0.231,0.035,0.052,0.055,0.213,0.233,0.057,0.049,0.052,0.056,0.21,0.053,0.3,0.048,0.049,0.205,0.388,0.24,0.357,0.055,0.266,0.05,0.034,0.051,0.028,0.054,0.053,0.053,0.056,0.25,0.176,0.043,0.144,0.045,0.052,0.048,0.043,0.385,0.054,0.05,0.029,0.053,0.173,0.045,0.046,0.054,0.052,0.053,0.052,0.233,0.048,0.055
187,0.321,0.244,0.054,0.231,0.035,0.052,0.055,0.213,0.233,0.057,0.049,0.052,0.056,0.21,0.053,0.3,0.048,0.049,0.205,0.268,0.045,0.357,0.055,0.266,0.153,0.034,0.051,0.028,0.054,0.053,0.053,0.056,0.25,0.176,0.043,0.144,0.045,0.052,0.048,0.043,0.385,0.16,0.05,0.029,0.053,0.173,0.045,0.046,0.054,0.052,0.053,0.052,0.233,0.048,0.055
188,0.321,0.044,0.054,0.231,0.035,0.052,0.055,0.213,0.233,0.057,0.049,0.052,0.056,0.21,0.053,0.3,0.048,0.049,0.387,0.268,0.045,0.357,0.055,0.266,0.153,0.034,0.051,0.028,0.054,0.053,0.053,0.056,0.25,0.176,0.043,0.144,0.045,0.052,0.048,0.043,0.196,0.16,0.05,0.029,0.053,0.173,0.045,0.046,0.054,0.052,0.053,0.052,0.233,0.048,0.055
189,0.381,0.044,0.054,0.048,0.035,0.052,0.055,0.213,0.233,0.057,0.049,0.052,0.056,0.21,0.053,0.3,0.048,0.049,0.387,0.268,0.045,0.357,0.055,0.266,0.153,0.034,0.051,0.028,0.054,0.053,0.053,0.056,0.25,0.176,0.043,0.144,0.045,0.052,0.048,0.043,0.052,0.16,0.05,0.029,0.053,0.173,0.045,0.046,0.054,0.052,0.053,0.052,0.233,0.048,0.055
190,0.321,0.044,0.054,0.048,0.035,0.052,0.055,0.213,0.233,0.057,0.049,0.052,0.056,0.21,0.053,0.3,0.048,0.049,0.387,0.268,0.045,0.357,0.055,0.266,0.153,0.034,0.051,0.028,0.054,0.053,0.053,0.056,0.25,0.176,0.043,0.144,0.045,0.052,0.048,0.043,0.052,0.16,0.05,0.029,0.053,0.366,0.045,0.046,0.054,0.052,0.053,0.052,0.233,0.048,0.055
191,0.321,0.044,0.054,0.048,0.035,0.052,0.055,0.213,0.455,0.057,0.049,0.052,0.056,0.21,0.053,0.3,0.048,0.049,0.387,0.268,0.045,0.357,0.055,0.381,0.153,0.034,0.051,0.028,0.054,0.053,0.053,0.056,0.25,0.176,0.043,0.144,0.045,0.052,0.048,0.043,0.052,0.16,0.05,0.029,0.053,0.366,0.045,0.046,0.054,0.052,0.053,0.052,0.233,0.048,0.055
192,0.321,0.044,0.054,0.048,0.035,0.052,0.055,0.213,0.455,0.057,0.049,0.052,0.056,0.21,0.053,0.3,0.048,0.049,0.387,0.268,0.045,0.357,0.055,0.381,0.153,0.034,0.051,0.028,0.054,0.053,0.053,0.056,0.25,0.176,0.043,0.144,0.045,0.052,0.048,0.043,0.052,0.16,0.05,0.029,0.053,0.366,0.045,0.046,0.054,0.052,0.053,0.052,0.233,0.048,0.055
193,0.321,0.044,0.054,0.166,0.035,0.052,0.055,0.213,0.455,0.057,0.049,0.052,0.056,0.21,0.053,0.3,0.048,0.049,0.387,0.268,0.045,0.357,0.055,0.381,0.153,0.034,0.051,0.028,0.054,0.053,0.053,0.056,0.25,0.176,0.043,0.144,0.045,0.052,0.048,0.043,0.052,0.16,0.05,0.029,0.053,0.366,0.045,0.046,0.054,0.052,0.053,0.052,0.047,0.219,0.055
194,0.321,0.044,0.054,0.166,0.035,0.052,0.055,0.213,0.455,0.057,0.049,0.052,0.056,0.049,0.053,0.3,0.048,0.049,0.387,0.268,0.045,0.357,0.055,0.381,0.153,0.034,0.051,0.028,0.054,0.053,0.053,0.056,0.057,0.176,0.043,0.144,0.045,0.052,0.048,0.043,0.052,0.16,0.05,0.029,0.053,0.366,0.045,0.046,0.054,0.052,0.053,0.052,0.047,0.219,0.055
195,0.321,0.044,0.054,0.166,0.035,0.052,0.055,0.213,0.455,0.057,0.049,0.052,0.056,0.049,0.053,0.3,0.048,0.049,0.387,0.051,0.045,0.357,0.055,0.381,0.153,0.034,0.051,0.028,0.054,0.053,0.053,0.116,0.057,0.176,0.043,0.144,0.045,0.052,0.048,0.043,0.052,0.16,0.05,0.029,0.053,0.366,0.045,0.046,0.256,0.206,0.053,0.052,0.047,0.219,0.055
196,0.311,0.044,0.054,0.166,0.035,0.052,0.055,0.213,0.455,0.057,0.049,0.052,0.056,0.049,0.053,0.169,0.048,0.049,0.387,0.051,0.045,0.357,0.055,0.381,0.153,0.034,0.051,0.028,0.054,0.053,0.053,0.237,0.057,0.176,0.043,0.144,0.045,0.052,0.048,0.043,0.052,0.16,0.05,0.029,0.053,0.366,0.045,0.046,0.256,0.206,0.053,0.052,0.047,0.219,0.055
197,0.311,0.044,0.054,0.166,0.035,0.052,0.055,0.213,0.281,0.057,0.049,0.052,0.056,0.049,0.053,0.169,0.048,0.049,0.387,0.051,0.045,0.16,0.055,0.169,0.153,0.034,0.051,0.028,0.054,0.053,0.053,0.237,0.057,0.176,0.043,0.144,0.045,0.052,0.048,0.043,0.052,0.16,0.05,0.029,0.217,0.366,0.045,0.046,0.256,0.206,0.053,0.052,0.047,0.219,0.055
198,0.311,0.044,0.054,0.166,0.235,0.052,0.055,0.043,0.281,0.057,0.049,0.052,0.056,0.049,0.053,0.169,0.048,0.049,0.387,0.051,0.045,0.054,0.055,0.169,0.153,0.034,0.051,0.028,0.054,0.053,0.053,0.237,0.057,0.176,0.043,0.144,0.045,0.052,0.048,0.043,0.052,0.16,0.05,0.029,0.217,0.366,0.045,0.046,0.256,0.206,0.053,0.052,0.047,0.219,0.055
199,0.311,0.044,0.054,0.166,0.235,0.052,0.055,0.043,0.281,0.057,0.049,0.052,0.056,0.049,0.053,0.169,0.048,0.049,0.387,0.051,0.045,0.054,0.055,0.169,0.153,0.034,0.051,0.028,0.054,0.053,0.053,0.292,0.057,0.176,0.043,0.144,0.045,0.052,0.048,0.043,0.052,0.16,0.05,0.029,0.217,0.366,0.045,0.046,0.256,0.206,0.053,0.052,0.047,0.219,0.055
200,0.311,0.044,0.054,0.166,0.235,0.052,0.055,0.043,0.281,0.057,0.049,0.052,0.056,0.049,0.053,0.169,0.048,0.049,0.387,0.051,0.045,0.054,0.055,0.169,0.153,0.034,0.051,0.028,0.054,0.053,0.053,0.292,0.057,0.176,0.043,0.055,0.045,0.052,0.048,0.043,0.052,0.16,0.05,0.029,0.217,0.366,0.233,0.046,0.256,0.206,0.053,0.052,0.047,0.219,0.055
201,0.311,0.044,0.054,0.166,0.235,0.052,0.055,0.043,0.281,0.057,0.049,0.052,0.056,0.049,0.053,0.169,0.048,0.049,0.387,0.051,0.045,0.054,0.055,0.169,0.343,0.034,0.051,0.028,0.054,0.053,0.053,0.292,0.057,0.176,0.043,0.055,0.045,0.052,0.048,0.043,0.161,0.16,0.24,0.029,0.217,0.242,0.233,0.046,0.256,0.206,0.053,0.052,0.047,0.219,0.055
202,0.311,0.044,0.054,0.166,0.235,0.052,0.055,0.043,0.281,0.057,0.049,0.052,0.056,0.049,0.053,0.169,0.048,0.049,0.235,0.051,0.045,0.054,0.055,0.169,0.343,0.034,0.051,0.028,0.054,0.053,0.053,0.292,0.057,0.176,0.043,0.055,0.045,0.052,0.048,0.043,0.161,0.16,0.24,0.029,0.217,0.242,0.233,0.046,0.256,0.206,0.053,0.052,0.047,0.219,0.055
203,0.311,0.044,0.054,0.345,0.235,0.052,0.055,0.043,0.281,0.057,0.049,0.052,0.056,0.049,0.053,0.169,0.048,0.049,0.235,0.051,0.045,0.054,0.055,0.169,0.343,0.034,0.051,0.028,0.054,0.053,0.053,0.292,0.057,0.176,0.043,0.055,0.045,0.052,0.048,0.043,0.161,0.16,0.24,0.029,0.217,0.242,0.233,0.046,0.256,0.206,0.053,0.052,0.047,0.219,0.055
204,0.311,0.044,0.054,0.345,0.235,0.052,0.055,0.043,0.281,0.057,0.049,0.142,0.056,0.049,0.053,0.052,0.048,0.049,0.235,0.051,0.045,0.054,0.055,0.169,0.343,0.034,0.051,0.242,0.054,0.053,0.053,0.292,0.057,0.045,0.043,0.196,0.045,0.052,0.048,0.043,0.161,0.16,0.24,0.029,0.217,0.049,0.233,0.046,0.256,0.31,0.053,0.052,0.047,0.219,0.055
205,0.261,0.044,0.054,0.345,0.235,0.052,0.055,0.043,0.281,0.057,0.049,0.142,0.056,0.049,0.053,0.052,0.048,0.049,0.235,0.051,0.045,0.054,0.055,0.169,0.24,0.034,0.051,0.242,0.054,0.053,0.053,0.292,0.057,0.045,0.043,0.196,0.045,0.052,0.048,0.043,0.161,0.054,0.24,0.029,0.217,0.049,0.233,0.046,0.256,0.31,0.053,0.052,0.047,0.219,0.055
206,0.261,0.044,0.054,0.345,0.235,0.052,0.055,0.043,0.281,0.057,0.049,0.142,0.056,0.049,0.053,0.052,0.048,0.049,0.235,0.051,0.045,0.054,0.055,0.169,0.24,0.034,0.155,0.242,0.054,0.053,0.053,3.253,0.057,0.045,0.043,0.196,0.045,0.052,0.048,0.043,0.161,0.054,0.24,0.029,0.217,0.049,0.233,0.046,0.256,0.31,0.053,0.052,0.047,0.219,0.055
207,0.261,0.044,0.054,0.345,0.235,0.052,0.055,0.043,0.281,0.057,0.049,0.308,0.056,0.049,0.053,0.052,0.048,0.049,0.235,0.051,0.045,0.054,0.055,0.169,0.24,0.034,0.155,0.242,0.054,0.053,0.053,3.253,0.057,0.045,0.043,0.196,0.045,0.052,0.048,0.043,0.161,0.054,0.24,0.029,0.217,0.049,0.233,0.046,0.256,0.31,0.053,0.052,0.047,0.219,0.055
208,0.261,0.044,0.054,0.345,0.235,0.052,0.055,0.043,0.281,0.057,0.049,0.308,0.056,0.049,0.053,0.052,0.048,0.049,0.235,0.051,0.045,0.054,0.055,0.169,0.24,0.034,0.155,0.242,0.054,0.053,0.053,3.253,0.167,0.045,0.043,0.196,0.045,0.052,0.048,0.043,0.161,0.054,0.24,0.029,0.217,0.049,0.233,0.046,0.256,0.31,0.053,0.052,0.047,0.219,0.055
209,0.261,0.044,0.054,0.345,0.235,0.052,0.055,0.043,0.281,0.057,0.049,0.308,0.056,0.049,0.053,0.052,0.048,0.049,0.235,0.051,0.045,0.054,0.055,0.054,0.24,0.034,0.155,0.242,0.054,0.053,0.053,3.253,0.167,0.045,0.043,0.196,0.045,0.052,0.048,0.043,0.161,0.054,0.24,0.029,0.217,0.049,0.233,0.046,0.256,0.31,0.053,0.052,0.047,0.219,0.055
210,0.261,0.044,0.054,0.345,0.235,0.052,0.055,0.043,0.281,0.057,0.049,0.308,0.056,0.049,0.053,0.052,0.048,0.049,0.053,0.051,0.045,0.054,0.236,0.054,0.24,0.034,0.371,0.242,0.054,0.053,0.053,3.253,0.167,0.045,0.043,0.196,0.045,0.052,0.048,0.043,0.161,0.054,0.24,0.029,0.217,0.049,0.233,0.046,0.256,0.31,0.053,0.052,0.047,0.219,0.055
211,0.261,0.044,0.054,0.227,0.235,0.052,0.055,0.043,0.281,0.057,0.049,0.308,0.056,0.049,0.053,0.052,0.048,0.049,0.053,0.051,0.045,0.054,0.236,0.054,0.24,0.034,0.371,0.242,0.054,0.053,0.053,3.433,0.167,0.045,0.043,0.196,0.045,0.052,0.048,0.043,0.161,0.054,0.24,0.029,0.217,0.049,0.233,0.046,0.256,0.31,0.053,0.052,0.047,0.219,0.055
212,0.261,0.044,0.054,0.227,0.035,0.052,0.055,0.043,0.281,0.057,0.049,0.471,0.056,0.049,0.053,0.052,0.048,0.049,0.053,0.051,0.045,0.054,0.236,0.054,0.24,0.034,0.371,0.242,0.054,0.053,0.053,3.433,0.167,0.045,0.043,0.196,0.045,0.052,0.048,0.043,0.161,0.054,0.24,0.029,0.217,0.049,0.233,0.046,0.256,0.31,0.053,0.052,0.047,0.219,0.055
213,0.261,0.141,0.054,0.227,0.035,0.052,0.055,0.043,0.059,0.057,0.049,0.471,0.056,0.049,0.053,0.052,0.048,0.049,0.053,0.051,0.045,0.054,0.236,0.054,0.24,0.034,0.371,0.242,0.054,0.053,0.053,3.473,0.167,0.045,0.043,0.196,0.045,0.052,0.048,0.043,0.161,0.054,0.24,0.029,0.217,0.049,0.233,0.046,0.256,0.31,0.053,0.212,0.047,0.219,0.055
214,0.261,0.141,0.054,0.227,0.035,0.052,0.055,0.043,0.059,0.057,0.049,0.471,0.056,0.049,0.053,0.052,0.048,0.049,0.053,0.051,0.045,0.054,0.236,0.054,0.24,0.034,0.371,0.242,0.054,0.053,0.053,3.312,0.167,0.045,0.043,0.196,0.045,0.052,0.048,0.043,0.161,0.054,0.24,0.029,0.217,0.049,0.233,0.046,0.256,0.31,0.053,0.212,0.047,0.219,0.055
215,0.301,0.141,0.054,0.227,0.035,0.052,0.055,0.043,0.059,0.057,0.049,0.471,0.056,0.049,0.053,0.052,0.048,0.049,0.053,0.051,0.045,0.054,0.236,0.054,0.24,0.034,0.371,0.242,0.054,0.053,0.053,3.412,0.167,0.045,0.043,0.196,0.045,0.198,0.048,0.043,0.161,0.054,0.24,0.029,0.217,0.049,0.233,0.046,0.256,0.156,0.053,0.212,0.047,0.048,0.055
216,0.241,0.141,0.054,0.227,0.035,0.052,0.055,0.043,0.059,0.057,0.049,0.471,0.056,0.049,0.053,0.052,0.048,0.049,0.053,0.051,0.045,0.054,0.236,0.054,0.24,0.034,0.371,0.242,0.054,0.053,0.053,3.412,0.167,0.045,0.043,0.196,0.045,0.198,0.048,0.043,0.161,0.054,0.24,0.029,0.217,0.049,0.233,0.046,0.256,0.156,0.053,0.212,0.047,0.048,0.055
217,0.241,0.141,0.054,0.227,0.035,0.052,0.055,0.043,0.059,0.057,0.049,0.471,0.056,0.049,0.053,0.052,0.048,0.049,0.053,0.051,0.045,0.054,0.236,0.054,0.24,0.034,0.371,0.242,0.054,0.053,0.053,3.412,0.167,0.045,0.043,0.196,0.045,0.198,0.048,0.175,0.161,0.054,0.24,0.029,0.217,0.049,0.233,0.046,0.054,0.156,0.053,0.212,0.047,0.048,0.055
218,0.241,0.141,0.054,0.227,0.035,0.052,0.055,0.043,0.059,0.057,0.049,0.471,0.056,0.049,0.223,0.052,0.048,0.21,0.053,0.051,0.045,0.054,0.236,0.054,0.24,0.208,0.371,0.028,0.054,0.053,0.053,3.412,0.167,0.045,0.043,0.196,0.045,0.198,0.048,0.175,0.161,0.054,0.24,0.029,0.217,0.049,0.233,0.046,0.054,0.156,0.053,0.212,0.047,0.048,0.055
219,0.241,0.141,0.054,0.227,0.035,0.052,0.055,0.043,0.059,0.057,0.049,0.471,0.056,0.049,0.223,0.052,0.048,0.21,0.053,0.051,0.045,0.054,0.236,0.054,0.24,0.208,0.371,0.028,0.054,0.053,0.053,3.412,0.167,0.045,0.043,0.196,0.045,0.374,0.048,0.175,0.052,0.054,0.24,0.029,0.053,0.049,0.233,0.046,0.054,0.156,0.053,0.212,0.047,0.048,0.055
220,0.241,0.141,0.054,0.227,0.035,0.052,0.055,0.043,0.059,0.057,0.049,0.471,0.056,0.049,0.223,0.052,0.048,0.21,0.053,0.051,0.045,0.054,0.236,0.054,0.24,0.208,0.371,0.028,0.054,0.053,0.053,3.412,0.167,0.045,0.043,0.196,0.045,0.374,0.048,0.175,0.052,0.054,0.24,0.228,0.053,0.049,0.233,0.046,0.054,0.156,0.053,0.212,0.047,0.048,0.055
221,0.241,0.141,0.054,0.227,0.035,0.052,0.055,0.043,0.059,0.057,0.049,0.471,0.056,0.049,0.223,0.052,0.048,0.21,0.053,0.051,0.045,0.054,0.236,0.054,0.24,0.208,0.371,0.028,0.22,0.053,0.053,3.312,0.167,0.045,0.043,0.196,0.045,0.374,0.048,0.175,0.052,0.054,0.24,0.228,0.053,0.049,0.34,0.046,0.054,0.156,0.053,0.212,0.047,0.048,0.055
222,0.241,0.141,0.054,0.227,0.035,0.052,0.055,0.043,0.059,0.057,0.049,0.381,0.056,0.049,0.223,0.052,0.048,0.21,0.053,0.051,0.045,0.054,0.236,0.054,0.381,0.208,0.371,0.028,0.22,0.053,0.053,3.435,0.167,0.045,0.043,0.196,0.045,0.374,0.048,0.175,0.052,0.054,0.24,0.228,0.053,0.049,0.152,0.046,0.054,0.052,0.053,0.212,0.047,0.048,0.055
223,0.301,0.141,0.054,0.227,0.035,0.052,0.055,0.043,0.059,0.057,0.049,0.381,0.056,0.049,0.223,0.052,0.048,0.21,0.053,0.051,0.045,0.054,0.236,0.054,0.191,0.208,0.371,0.028,0.22,0.053,0.053,3.572,0.167,0.045,0.216,0.196,0.045,0.374,0.048,0.175,0.052,0.054,0.05,0.228,0.053,0.049,0.152,0.046,0.054,0.052,0.053,0.212,0.047,0.048,0.055
224,0.301,0.141,0.054,0.227,0.035,0.052,0.055,0.043,0.059,0.057,0.049,0.381,0.056,0.049,0.223,0.052,0.048,0.21,0.053,0.051,0.045,0.054,0.236,0.054,0.191,0.208,0.267,0.028,0.22,0.053,0.053,3.572,0.167,0.045,0.216,0.055,0.045,0.374,0.048,0.175,0.052,0.054,0.05,0.228,0.053,0.049,0.152,0.046,0.054,0.052,0.053,0.212,0.047,0.048,0.055
225,0.301,0.295,0.054,0.048,0.035,0.052,0.055,0.043,0.059,0.057,0.049,0.381,0.056,0.049,0.223,0.052,0.048,0.21,0.053,0.051,0.045,0.054,0.236,0.054,0.191,0.208,0.267,0.028,0.22,0.053,0.053,3.572,0.167,0.045,0.216,0.055,0.045,0.374,0.048,0.175,0.052,0.054,0.05,0.228,0.053,0.049,0.152,0.046,0.054,0.052,0.053,0.212,0.047,0.048,0.055
226,0.301,0.295,0.054,0.048,0.035,0.052,0.055,0.043,0.059,0.057,0.049,0.218,0.056,0.049,0.223,0.052,0.048,0.21,0.053,0.051,0.045,0.054,0.236,0.054,0.191,0.208,0.267,0.028,0.22,0.053,0.053,0.611,0.057,0.045,0.216,0.055,0.045,0.374,0.048,0.175,0.052,0.054,0.05,0.228,0.053,0.049,0.152,0.046,0.153,0.052,0.053,0.212,0.047,0.048,0.055
227,0.301,0.295,0.054,0.048,0.035,0.052,0.055,0.043,0.059,0.057,0.049,0.218,0.056,0.049,0.223,0.052,0.048,0.21,0.053,0.051,0.045,0.054,0.236,0.054,0.191,0.208,0.267,0.028,0.22,0.053,0.053,0.611,0.057,0.045,0.334,0.055,0.045,0.374,0.048,0.175,0.052,0.054,0.05,0.228,0.053,0.049,0.152,0.046,0.153,0.052,0.152,0.052,0.047,0.048,0.055
228,0.236,0.295,0.054,0.048,0.035,0.052,0.055,0.043,0.059,0.057,0.049,0.218,0.056,0.049,0.223,0.052,0.048,0.21,0.053,0.051,0.045,0.054,0.236,0.054,0.191,0.208,0.267,0.028,0.22,0.053,0.053,0.611,0.057,0.045,0.334,0.055,0.045,0.374,0.048,0.175,0.052,0.054,0.05,0.228,0.053,0.049,0.152,0.046,0.153,0.052,0.152,0.052,0.047,0.048,0.055
229,0.236,0.295,0.054,0.048,0.035,0.052,0.055,0.043,0.059,0.057,0.049,0.052,0.056,0.049,0.223,0.052,0.048,0.21,0.053,0.051,0.045,0.054,0.236,0.054,0.191,0.208,0.267,0.028,0.22,0.053,0.053,0.611,0.057,0.045,0.334,0.055,0.045,0.374,0.048,0.175,0.052,0.054,0.05,0.228,0.053,0.049,0.152,0.046,0.153,0.052,0.152,0.052,0.047,0.048,0.055
230,0.236,0.295,0.054,0.048,0.035,0.052,0.055,0.043,0.059,0.057,0.049,0.052,0.056,0.049,0.223,0.052,0.048,0.21,0.053,0.051,0.045,0.054,0.336,0.054,0.191,0.208,0.267,0.028,0.22,0.053,0.053,0.611,0.057,0.045,0.334,0.055,0.045,0.374,0.048,0.175,0.052,0.054,0.05,0.228,0.053,0.049,0.152,0.046,0.153,0.052,0.152,0.052,0.047,0.048,0.055
231,0.236,0.198,0.054,0.048,0.035,0.052,0.055,0.043,0.059,0.057,0.049,0.052,0.056,0.049,0.223,0.052,0.048,0.21,0.053,0.051,0.045,0.054,0.336,0.054,0.191,0.208,0.267,0.028,0.22,0.053,0.053,0.431,0.057,0.045,0.334,0.055,0.045,0.374,0.048,0.175,0.052,0.054,0.05,0.228,0.053,0.049,0.152,0.046,0.153,0.052,0.152,0.052,0.047,0.048,0.055
232,0.236,0.198,0.054,0.048,0.035,0.052,0.055,0.043,0.059,0.057,0.049,0.052,0.056,0.049,0.223,0.052,0.048,0.21,0.053,0.051,0.045,0.054,0.155,0.054,0.191,0.208,0.051,0.028,0.22,0.053,0.053,0.431,0.057,0.045,0.334,0.055,0.045,0.374,0.048,0.175,0.052,0.054,0.05,0.228,0.053,0.049,0.152,0.046,0.153,0.052,0.152,0.052,0.047,0.048,0.055
233,0.236,0.198,0.054,0.048,0.035,0.052,0.055,0.043,0.059,0.169,0.188,0.052,0.056,0.049,0.223,0.052,0.048,0.21,0.053,0.051,0.045,0.054,0.155,0.054,0.191,0.208,0.051,0.028,0.22,0.053,0.053,0.431,0.057,0.045,0.334,0.055,0.045,0.374,0.048,0.175,0.052,0.054,0.05,0.228,0.053,0.049,0.152,0.046,0.153,0.052,0.152,0.052,0.047,0.048,0.055
234,0.236,0.198,0.054,0.048,0.035,0.052,0.055,0.043,0.059,0.169,0.188,0.052,0.056,0.049,0.223,0.052,0.249,0.21,0.053,0.051,0.045,0.054,0.155,0.054,0.191,0.208,0.051,0.028,0.22,0.053,0.053,0.431,0.057,0.045,0.334,0.055,0.045,0.374,0.048,0.175,0.052,0.054,0.05,0.332,0.053,0.049,0.152,0.046,0.153,0.052,0.152,0.052,0.047,0.048,0.055
235,0.236,0.198,0.054,0.048,0.035,0.052,0.055,0.043,0.059,0.169,0.188,0.052,0.056,0.049,0.223,0.052,0.249,0.21,0.053,0.171,0.24,0.054,0.155,0.054,0.191,0.208,0.051,0.028,0.22,0.053,0.053,0.451,0.057,0.045,0.334,0.055,0.045,0.228,0.048,0.043,0.052,0.054,0.05,0.332,0.053,0.049,0.152,0.046,0.153,0.052,0.152,0.052,0.047,0.048,0.055
236,0.236,0.198,0.054,0.048,0.035,0.052,0.055,0.043,0.059,0.169,0.188,0.052,0.056,0.049,0.223,0.183,0.249,0.21,0.053,0.171,0.24,0.054,0.155,0.054,0.191,0.208,0.051,0.028,0.22,0.053,0.053,0.491,0.057,0.045,0.334,0.055,0.045,0.228,0.048,0.043,0.052,0.054,0.05,0.332,0.053,0.049,0.152,0.046,0.153,0.052,0.152,0.052,0.047,0.048,0.055
237,0.276,0.198,0.054,0.048,0.035,0.052,0.055,0.043,0.059,0.169,0.188,0.052,0.056,0.049,0.223,0.183,0.249,0.21,0.053,0.171,0.24,0.054,0.155,0.054,0.191,0.208,0.051,0.028,0.441,0.053,0.053,0.491,0.057,0.045,0.334,0.055,0.045,0.228,0.048,0.043,0.052,0.054,0.05,0.332,0.053,0.049,0.152,0.046,0.153,0.052,0.152,0.052,0.047,0.048,0.055
238,0.432,0.198,0.054,0.048,0.035,0.284,0.055,0.043,0.059,0.169,0.188,0.052,0.056,0.049,0.223,0.183,0.249,0.049,0.053,0.171,0.24,0.054,0.155,0.054,0.191,0.208,0.051,0.028,0.441,0.053,0.053,0.471,0.057,0.045,0.334,0.055,0.045,0.228,0.048,0.043,0.052,0.054,0.05,0.332,0.053,0.049,0.152,0.046,0.153,0.052,0.152,0.052,0.047,0.048,0.055
239,0.472,0.198,0.054,0.048,0.035,0.284,0.055,0.043,0.059,0.169,0.188,0.052,0.056,0.049,0.223,0.183,0.249,0.049,0.053,0.171,0.24,0.054,0.155,0.054,0.191,0.208,0.051,0.028,0.441,0.053,0.053,0.471,0.057,0.045,0.334,0.055,0.045,0.228,0.048,0.043,0.052,0.054,0.05,0.332,0.053,0.049,0.045,0.046,0.153,0.052,0.152,0.052,0.047,0.048,0.055
240,0.192,0.398,0.054,0.048,0.035,0.284,0.055,0.229,0.233,0.169,0.188,0.052,0.056,0.049,0.053,0.183,0.249,0.049,0.053,0.388,0.24,0.054,0.155,0.054,0.191,0.034,0.051,0.028,0.441,0.259,0.053,0.233,0.057,0.045,0.334,0.055,0.045,0.228,0.048,0.043,0.052,0.054,0.05,0.332,0.053,0.049,0.045,0.046,0.153,0.052,0.152,0.052,0.047,0.048,0.055
241,0.192,0.398,0.054,0.048,0.035,0.284,0.055,0.229,0.233,0.169,0.188,0.052,0.056,0.049,0.053,0.183,0.249,0.049,0.053,0.388,0.24,0.054,0.155,0.054,0.191,0.034,0.051,0.028,0.275,0.259,0.053,0.233,0.057,0.228,0.334,0.055,0.045,0.052,0.048,0.043,0.052,0.054,0.05,0.332,0.053,0.049,0.045,0.046,0.153,0.052,0.152,0.052,0.047,0.048,0.055
242,0.192,0.547,0.054,0.048,0.035,0.284,0.055,0.229,0.233,0.169,0.188,0.052,0.056,0.049,0.053,0.183,0.249,0.049,0.053,0.388,0.24,0.054,0.155,0.054,0.05,0.034,0.051,0.028,0.275,0.259,0.053,0.233,0.057,0.228,0.334,0.055,0.045,0.052,0.048,0.043,0.052,0.054,0.05,0.133,0.053,0.049,0.045,0.046,0.153,0.052,0.152,0.052,0.047,0.048,0.055
243,0.192,0.547,0.054,0.048,0.035,0.284,0.055,0.229,0.233,0.169,0.188,0.052,0.056,0.049,0.053,0.183,0.249,0.049,0.053,0.388,0.24,0.054,0.155,0.054,0.05,0.034,0.051,0.028,0.275,0.259,0.053,0.233,0.057,0.228,0.334,0.055,0.045,0.052,0.048,0.257,0.196,0.054,0.05,0.133,0.053,0.049,0.045,0.046,0.153,0.052,0.152,0.052,0.047,0.048,0.055
244,0.192,0.547,0.054,0.048,0.035,0.284,0.055,0.229,0.233,0.169,0.188,0.052,0.056,0.049,0.053,0.183,0.249,0.049,0.053,0.388,0.24,0.054,0.155,0.054,0.05,0.034,0.051,0.028,0.275,0.259,0.053,0.233,0.057,0.228,0.334,0.055,0.045,0.052,0.048,0.257,0.196,0.054,0.05,0.133,0.053,0.049,0.045,0.046,0.054,0.052,0.152,0.052,0.047,0.048,0.055
245,0.192,0.393,0.054,0.048,0.035,0.284,0.055,0.229,0.233,0.169,0.188,0.052,0.056,0.049,0.053,0.183,0.249,0.049,0.205,0.388,0.24,0.054,0.155,0.169,0.05,0.034,0.051,0.028,0.275,0.259,0.053,0.056,0.057,0.228,0.043,0.055,0.045,0.052,0.048,0.257,0.196,0.054,0.05,0.133,0.053,0.049,0.045,0.046,0.054,0.052,0.053,0.052,0.047,0.048,0.055
246,0.308,0.393,0.054,0.231,0.035,0.284,0.055,0.229,0.233,0.169,0.188,0.052,0.056,0.049,0.053,0.183,0.249,0.049,0.205,0.388,0.24,0.054,0.155,0.169,0.05,0.034,0.051,0.028,0.275,0.259,0.053,0.056,0.057,0.228,0.043,0.055,0.045,0.052,0.048,0.257,0.196,0.054,0.05,0.133,0.053,0.049,0.045,0.046,0.054,0.052,0.053,0.052,0.047,0.048,0.055
247,0.308,0.393,0.054,0.231,0.035,0.284,0.055,0.229,0.233,0.169,0.188,0.052,0.056,0.049,0.053,0.183,0.249,0.27,0.205,0.388,0.24,0.054,0.155,0.169,0.05,0.034,0.051,0.028,0.275,0.259,0.053,0.056,0.057,0.228,0.043,0.055,0.045,0.052,0.048,0.257,0.196,0.054,0.05,0.133,0.053,0.049,0.045,0.046,0.054,0.052,0.053,0.052,0.047,0.048,0.26
248,0.308,0.393,0.054,0.231,0.035,0.284,0.055,0.229,0.233,0.169,0.188,0.052,0.056,0.049,0.053,0.183,0.249,0.27,0.205,0.388,0.24,0.054,0.055,0.169,0.05,0.034,0.051,0.028,0.275,0.259,0.053,0.056,0.057,0.228,0.043,0.055,0.045,0.052,0.048,0.257,0.196,0.054,0.05,0.133,0.053,0.049,0.045,0.046,0.054,0.052,0.053,0.052,0.233,0.048,0.26
249,0.308,0.393,0.054,0.231,0.035,0.284,0.055,0.229,0.233,0.169,0.188,0.052,0.056,0.049,0.053,0.183,0.249,0.27,0.205,0.388,0.24,0.054,0.055,0.169,0.05,0.034,0.051,0.028,0.275,0.259,0.053,0.056,0.057,0.228,0.043,0.055,0.045,0.052,0.048,0.257,0.196,0.054,0.05,0.133,0.053,0.049,0.045,0.046,0.054,0.052,0.053,0.052,0.233,0.048,0.26
250,0.308,0.393,0.054,0.231,0.035,0.284,0.055,0.229,0.233,0.169,0.188,0.052,0.056,0.049,0.053,0.183,0.249,0.27,0.205,0.388,0.24,0.054,0.055,0.169,0.05,0.034,0.051,0.028,0.275,0.259,0.053,0.056,0.057,0.228,0.043,0.144,0.045,0.052,0.048,0.257,0.196,0.054,0.05,0.133,0.053,0.049,0.045,0.046,0.054,0.052,0.053,0.052,0.233,0.048,0.26
251,0.308,0.393,0.054,0.231,0.035,0.284,0.055,0.229,0.233,0.057,0.188,0.052,0.056,0.049,0.053,0.183,0.249,0.27,0.205,0.388,0.24,0.16,0.055,0.169,0.05,0.034,0.051,0.028,0.275,0.259,0.053,0.056,0.057,0.228,0.043,0.144,0.045,0.052,0.048,0.257,0.196,0.054,0.05,0.133,0.053,0.049,0.045,0.046,0.054,0.052,0.053,0.052,0.233,0.048,0.26
252,0.308,0.393,0.054,0.231,0.035,0.284,0.055,0.229,0.233,0.057,0.188,0.052,0.056,0.049,0.053,0.183,0.249,0.27,0.205,0.388,0.24,0.16,0.055,0.169,0.05,0.034,0.051,0.028,0.275,0.259,0.053,0.056,0.057,0.228,0.043,0.144,0.045,0.052,0.048,0.257,0.196,0.054,0.05,0.029,0.053,0.209,0.045,0.046,0.054,0.052,0.053,0.052,0.233,0.048,0.26
253,0.308,0.393,0.054,0.231,0.035,0.284,0.055,0.229,0.233,0.057,0.049,0.052,0.056,0.049,0.053,0.183,0.249,0.27,0.205,0.268,0.24,0.16,0.055,0.381,0.05,0.034,0.051,0.028,0.275,0.259,0.053,0.056,0.057,0.228,0.043,0.144,0.045,0.052,0.048,0.257,0.196,0.054,0.05,0.029,0.053,0.209,0.045,0.046,0.054,0.052,0.053,0.052,0.233,0.048,0.26
254,0.308,0.393,0.054,0.231,0.035,0.284,0.055,0.229,0.233,0.057,0.049,0.052,0.056,0.049,0.053,0.183,0.249,0.27,0.205,0.268,0.24,0.16,0.055,0.381,0.05,0.034,0.051,0.028,0.275,0.053,0.053,0.056,0.057,0.228,0.043,0.144,0.045,0.052,0.048,0.257,0.196,0.054,0.05,0.029,0.053,0.209,0.045,0.046,0.054,0.052,0.053,0.052,0.233,0.048,0.26
255,0.308,0.393,0.054,0.231,0.035,0.284,0.055,0.229,0.233,0.057,0.049,0.052,0.056,0.049,0.053,0.183,0.249,0.27,0.387,0.268,0.24,0.16,0.055,0.381,0.05,0.034,0.051,0.028,0.275,0.053,0.053,0.056,0.057,0.228,0.043,0.144,0.045,0.052,0.048,0.257,0.305,0.054,0.05,0.029,0.053,0.209,0.045,0.046,0.054,0.052,0.053,0.052,0.233,0.048,0.26
256,0.308,0.244,0.054,0.231,0.035,0.284,0.055,0.229,0.233,0.057,0.049,0.052,0.056,0.049,0.053,0.052,0.048,0.27,0.387,0.268,0.24,0.16,0.055,0.381,0.05,0.034,0.051,0.028,0.275,0.053,0.053,0.056,0.25,0.228,0.043,0.144,0.045,0.052,0.048,0.257,0.305,0.054,0.05,0.029,0.053,0.209,0.045,0.046,0.054,0.052,0.053,0.052,0.233,0.048,0.26
257,0.308,0.244,0.054,0.231,0.035,0.284,0.055,0.229,0.233,0.057,0.049,0.052,0.056,0.049,0.053,0.169,0.048,0.27,0.387,0.268,0.045,0.16,0.055,0.381,0.05,0.034,0.051,0.028,0.275,0.053,0.053,0.056,0.25,0.228,0.043,0.144,0.045,0.052,0.048,0.257,0.305,0.054,0.05,0.029,0.053,0.209,0.045,0.046,0.054,0.052,0.053,0.052,0.233,0.048,0.26
258,0.308,0.244,0.054,0.231,0.035,0.284,0.055,0.229,0.233,0.057,0.049,0.052,0.056,0.049,0.053,0.169,0.048,0.27,0.387,0.268,0.045,0.16,0.055,0.381,0.05,0.034,0.051,0.028,0.275,0.053,0.053,0.056,0.25,0.228,0.043,0.144,0.045,0.052,0.048,0.257,0.305,0.054,0.05,0.029,0.053,0.209,0.045,0.046,0.054,0.052,0.053,0.052,0.233,0.048,0.26
259,0.308,0.244,0.054,0.231,0.035,0.284,0.055,0.399,0.233,0.057,0.049,0.052,0.056,0.049,0.053,0.169,0.048,0.27,0.387,0.268,0.045,0.16,0.055,0.381,0.05,0.034,0.051,0.028,0.054,0.053,0.053,0.056,0.25,0.228,0.043,0.144,0.045,0.052,0.048,0.257,0.305,0.054,0.05,0.029,0.053,0.209,0.045,0.046,0.054,0.052,0.053,0.052,0.233,0.048,0.26
260,0.152,0.244,0.054,0.048,0.035,0.052,0.055,0.399,0.059,0.057,0.049,0.052,0.056,0.049,0.053,0.169,0.048,0.27,0.387,0.268,0.045,0.16,0.055,0.381,0.05,0.034,0.051,0.028,0.054,0.053,0.053,0.056,0.25,0.228,0.043,0.144,0.045,0.052,0.048,0.257,0.305,0.054,0.05,0.029,0.053,0.209,0.045,0.046,0.054,0.052,0.053,0.052,0.233,0.219,0.26
261,0.152,0.244,0.054,0.048,0.035,0.052,0.055,0.399,0.059,0.057,0.049,0.052,0.056,0.049,0.053,0.169,0.048,0.27,0.387,0.268,0.045,0.357,0.055,0.381,0.05,0.034,0.051,0.028,0.054,0.053,0.053,0.056,0.25,0.228,0.043,0.144,0.045,0.052,0.048,0.257,0.305,0.054,0.05,0.029,0.053,0.209,0.045,0.046,0.054,0.052,0.053,0.052,0.233,0.219,0.26
262,0.152,0.044,0.054,0.048,0.035,0.052,0.055,0.213,0.059,0.057,0.049,0.052,0.056,0.049,0.053,0.169,0.048,0.27,0.387,0.051,0.045,0.357,0.055,0.381,0.05,0.034,0.051,0.028,0.054,0.053,0.053,0.056,0.25,0.228,0.043,0.144,0.045,0.052,0.048,0.257,0.305,0.054,0.05,0.029,0.053,0.209,0.045,0.046,0.054,0.052,0.053,0.052,0.233,0.219,0.26
263,0.152,0.044,0.054,0.048,0.035,0.052,0.055,0.213,0.059,0.057,0.049,0.052,0.056,0.049,0.053,0.169,0.048,0.27,0.387,0.051,0.045,0.357,0.055,0.266,0.05,0.034,0.051,0.028,0.054,0.053,0.053,0.056,0.25,0.045,0.043,0.144,0.045,0.052,0.048,0.257,0.161,0.054,0.05,0.029,0.053,0.333,0.045,0.046,0.054,0.052,0.053,0.052,0.233,0.219,0.26
264,0.036,0.044,0.054,0.048,0.035,0.052,0.055,0.213,0.059,0.057,0.049,0.052,0.056,0.171,0.053,0.169,0.048,0.27,0.387,0.051,0.045,0.357,0.055,0.266,0.05,0.034,0.051,0.028,0.054,0.053,0.053,0.056,0.36,0.045,0.043,0.144,0.045,0.052,0.048,0.257,0.161,0.054,0.05,0.029,0.053,0.526,0.045,0.046,0.054,0.052,0.053,0.229,0.233,0.219,0.26
265,0.036,0.044,0.054,0.048,0.035,0.052,0.055,0.213,0.059,0.057,0.049,0.052,0.056,0.171,0.053,0.169,0.048,0.27,0.235,0.051,0.045,0.357,0.055,0.266,0.05,0.034,0.051,0.028,0.054,0.053,0.053,0.056,0.36,0.045,0.043,0.144,0.045,0.052,0.048,0.043,0.161,0.054,0.05,0.029,0.053,0.526,0.045,0.046,0.054,0.052,0.053,0.229,0.233,0.219,0.26
266,0.036,0.044,0.054,0.048,0.035,0.052,0.055,0.213,0.281,0.057,0.049,0.052,0.056,0.171,0.053,0.169,0.048,0.27,0.235,0.051,0.045,0.357,0.055,0.266,0.05,0.034,0.051,0.028,0.054,0.053,0.053,0.056,0.36,0.045,0.043,0.144,0.045,0.052,0.048,0.043,0.161,0.054,0.05,0.029,0.053,0.526,0.045,0.046,0.054,0.052,0.053,0.229,0.233,0.219,0.26
267,0.036,0.044,0.054,0.048,0.035,0.052,0.055,0.213,0.281,0.057,0.049,0.052,0.056,0.171,0.053,0.169,0.048,0.27,0.235,0.051,0.045,0.357,0.055,0.054,0.05,0.034,0.051,0.028,0.054,0.053,0.053,0.056,0.36,0.045,0.043,0.144,0.045,0.052,0.048,0.043,0.161,0.054,0.05,0.029,0.053,0.526,0.045,0.046,0.054,0.052,0.053,0.229,0.233,0.219,0.26
268,0.036,0.044,0.054,0.048,0.035,0.052,0.055,0.213,0.281,0.057,0.049,0.196,0.056,0.171,0.053,0.169,0.048,0.27,0.235,0.051,0.045,0.357,0.055,0.054,0.05,0.034,0.051,0.028,0.054,0.053,0.053,0.056,0.36,0.045,0.043,0.055,0.045,0.052,0.048,0.043,0.161,0.054,0.05,0.029,0.053,0.526,0.045,0.046,0.054,0.052,0.053,0.229,0.233,0.219,0.26
269,0.036,0.044,0.054,0.048,0.235,0.052,0.055,0.213,0.281,0.057,0.049,0.196,0.056,0.171,0.053,0.169,0.048,0.049,0.235,0.051,0.045,0.251,0.055,0.054,0.05,0.034,0.155,0.028,0.054,0.053,0.053,0.056,0.36,0.045,0.043,0.055,0.045,0.052,0.048,0.043,0.161,0.054,0.24,0.029,0.053,0.526,0.045,0.046,0.054,0.052,0.053,0.229,0.233,0.219,0.055
270,0.036,0.044,0.054,0.166,0.235,0.052,0.055,0.213,0.281,0.057,0.049,0.196,0.056,0.171,0.053,0.169,0.048,0.049,0.235,0.051,0.045,0.251,0.055,0.054,0.05,0.034,0.155,0.028,0.054,0.053,0.053,0.056,0.167,0.045,0.043,0.055,0.045,0.052,0.048,0.043,0.161,0.16,0.24,0.029,0.053,0.526,0.045,0.046,0.054,0.052,0.053,0.229,0.047,0.219,0.055
271,0.036,0.044,0.054,0.166,0.235,0.052,0.055,0.213,0.281,0.057,0.049,0.196,0.056,0.171,0.053,0.169,0.048,0.049,0.235,0.051,0.045,0.251,0.055,0.054,0.05,0.034,0.155,0.028,0.054,0.053,0.053,0.056,0.167,0.045,0.043,0.055,0.045,0.052,0.048,0.043,0.161,0.16,0.24,0.029,0.217,0.526,0.045,0.046,0.054,0.156,0.053,0.229,0.047,0.219,0.055
272,0.036,0.044,0.054,0.166,0.235,0.052,0.055,0.213,0.281,0.057,0.049,0.196,0.056,0.171,0.053,0.169,0.048,0.049,0.235,0.051,0.045,0.251,0.055,0.054,0.05,0.034,0.155,0.028,0.054,0.053,0.053,0.236,0.167,0.045,0.043,0.196,0.045,0.052,0.048,0.043,0.161,0.16,0.24,0.029,0.217,0.526,0.045,0.046,0.054,0.156,0.053,0.229,0.047,0.219,0.055
273,0.036,0.044,0.054,0.166,0.235,0.052,0.055,0.043,0.281,0.057,0.049,0.196,0.056,0.171,0.053,0.169,0.048,0.049,0.235,0.051,0.045,0.251,0.055,0.054,0.05,0.034,0.155,0.028,0.054,0.053,0.053,0.236,0.167,0.045,0.043,0.196,0.045,0.052,0.048,0.175,0.052,0.16,0.24,0.029,0.217,0.526,0.045,0.046,0.054,0.156,0.053,0.229,0.047,0.219,0.055
274,0.036,0.044,0.054,0.166,0.235,0.052,0.055,0.201,0.281,0.057,0.049,0.196,0.056,0.171,0.053,0.169,0.048,0.049,0.235,0.051,0.045,0.251,0.055,0.054,0.05,0.034,0.155,0.028,0.054,0.053,0.053,0.236,0.167,0.045,0.043,0.196,0.045,0.052,0.048,0.175,0.052,0.16,0.24,0.029,0.217,0.366,0.045,0.046,0.054,0.156,0.053,0.229,0.047,0.219,0.055
275,0.036,0.044,0.054,0.166,0.235,0.052,0.055,0.201,0.281,0.057,0.049,0.196,0.056,0.171,0.053,0.052,0.048,0.049,0.235,0.051,0.045,0.251,0.055,0.054,0.05,0.034,0.155,0.242,0.054,0.053,0.053,0.236,0.167,0.045,0.043,0.196,0.045,0.052,0.048,0.175,0.052,0.16,0.24,0.029,0.217,0.366,0.045,0.046,0.054,0.156,0.053,0.229,0.047,0.219,0.055
276,0.036,0.044,0.054,0.166,0.235,0.052,0.055,0.201,0.281,0.057,0.049,0.196,0.056,0.171,0.053,0.052,0.048,0.049,0.235,0.051,0.045,0.251,0.055,0.054,0.05,0.034,0.155,0.242,0.054,0.113,0.053,0.236,0.167,0.045,0.043,0.196,0.045,0.052,0.048,0.175,0.052,0.16,0.24,0.029,0.217,0.366,0.045,0.046,0.054,0.156,0.053,0.229,0.047,0.219,0.055
277,0.036,0.044,0.054,0.166,0.235,0.052,0.055,0.201,0.281,0.057,0.049,0.196,0.056,0.171,0.053,0.052,0.048,0.049,0.053,0.051,0.045,0.251,0.055,0.054,0.05,0.034,0.155,0.242,0.054,0.213,0.053,0.236,0.167,0.045,0.043,0.196,0.045,0.052,0.048,0.175,0.052,0.16,0.24,0.029,0.217,0.366,0.045,0.046,0.256,0.156,0.053,0.229,0.047,0.219,0.055
278,0.036,0.044,0.054,0.166,0.235,0.052,0.055,0.201,0.281,0.057,0.049,0.196,0.056,0.171,0.053,0.052,0.048,0.049,0.053,0.051,0.045,0.251,0.055,0.054,0.05,0.034,0.155,0.242,0.054,0.233,0.053,0.236,0.167,0.045,0.043,0.196,0.045,0.052,0.048,0.175,0.052,0.16,0.24,0.029,0.217,0.173,0.045,0.046,0.256,0.31,0.053,0.229,0.047,0.219,0.055
279,0.036,0.044,0.054,0.166,0.235,0.052,0.055,0.201,0.281,0.057,0.049,0.196,0.056,0.332,0.053,0.052,0.048,0.049,0.053,0.051,0.045,0.251,0.236,0.054,0.05,0.034,0.155,0.242,0.054,0.213,0.053,0.236,0.167,0.045,0.043,0.196,0.045,0.052,0.048,0.175,0.052,0.16,0.24,0.029,0.217,0.173,0.045,0.046,0.256,0.31,0.053,0.229,0.047,0.219,0.055
280,0.036,0.044,0.054,0.166,0.235,0.052,0.055,0.201,0.281,0.057,0.049,0.196,0.056,0.332,0.053,0.052,0.048,0.049,0.053,0.051,0.045,0.251,0.236,0.054,0.05,0.034,0.155,0.242,0.054,0.213,0.053,0.236,0.167,0.045,0.043,0.196,0.045,0.052,0.048,0.175,0.052,0.16,0.24,0.029,0.217,0.173,0.045,0.046,0.256,0.31,0.053,0.229,0.047,0.219,0.055
281,0.036,0.044,0.054,0.166,0.235,0.052,0.055,0.201,0.281,0.057,0.049,0.196,0.056,0.332,0.053,0.052,0.048,0.21,0.053,0.051,0.045,0.251,0.236,0.054,0.05,0.034,0.155,0.242,0.054,0.213,0.053,0.236,0.167,0.045,0.043,0.196,0.045,0.052,0.048,0.175,0.052,0.16,0.24,0.029,0.217,0.049,0.045,0.046,0.256,0.31,0.053,0.229,0.047,0.219,0.055
282,0.036,0.044,0.054,0.166,0.235,0.052,0.055,0.201,0.281,0.057,0.049,0.196,0.056,0.21,0.053,0.052,0.048,0.21,0.053,0.051,0.045,0.251,0.236,0.054,0.05,0.034,0.155,0.242,0.054,0.273,0.053,0.236,0.057,0.176,0.043,0.196,0.045,0.052,0.048,0.175,0.052,0.16,0.24,0.029,0.217,0.049,0.045,0.046,0.256,0.31,0.053,0.229,0.047,0.048,0.055
283,0.036,0.044,0.054,0.166,0.035,0.052,0.055,0.201,0.281,0.057,0.049,0.196,0.056,0.21,0.053,0.052,0.048,0.21,0.053,0.051,0.045,0.054,0.236,0.054,0.05,0.034,0.155,0.242,0.054,0.273,0.053,0.236,0.057,0.176,0.043,0.196,0.045,0.052,0.048,0.175,0.052,0.16,0.24,0.029,0.217,0.049,0.045,0.046,0.256,0.31,0.053,0.229,0.047,0.048,0.055
284,0.036,0.044,0.054,0.166,0.035,0.052,0.209,0.201,0.281,0.057,0.049,0.196,0.056,0.21,0.053,0.052,0.048,0.21,0.053,0.051,0.045,0.054,0.236,0.054,0.05,0.034,0.155,0.242,0.054,0.273,0.053,0.236,0.057,0.176,0.043,0.196,0.045,0.052,0.048,0.175,0.052,0.16,0.24,0.029,0.217,0.049,0.045,0.154,0.256,0.31,0.053,0.229,0.047,0.048,0.055
285,0.036,0.044,0.054,0.166,0.035,0.052,0.209,0.201,0.281,0.057,0.049,0.196,0.056,0.21,0.053,0.052,0.048,0.21,0.053,0.051,0.045,0.054,0.236,0.054,0.05,0.034,0.155,0.242,0.054,0.273,0.053,0.236,0.057,0.176,0.043,0.196,0.045,0.052,0.048,0.175,0.052,0.16,0.24,0.029,0.217,0.049,0.045,0.154,0.256,0.31,0.053,0.229,0.047,0.048,0.055
286,0.036,0.198,0.054,0.166,0.035,0.052,0.209,0.201,0.281,0.057,0.049,0.359,0.056,0.21,0.053,0.052,0.048,0.21,0.053,0.051,0.045,0.054,0.236,0.054,0.05,0.034,0.155,0.242,0.054,0.308,0.053,0.236,0.057,0.176,0.043,0.196,0.045,0.052,0.048,0.175,0.052,0.16,0.24,0.029,0.217,0.049,0.045,0.154,0.256,0.31,0.053,0.212,0.047,0.048,0.055
287,0.036,0.198,0.054,0.166,0.035,0.052,0.209,0.201,0.281,0.057,0.049,0.359,0.056,0.21,0.053,0.052,0.048,0.21,0.053,0.051,0.045,0.054,0.236,0.054,0.05,0.034,0.051,0.242,0.054,0.208,0.053,0.236,0.057,0.176,0.043,0.196,0.045,0.052,0.048,0.175,0.052,0.16,0.24,0.029,0.217,0.049,0.045,0.154,0.256,0.31,0.053,0.212,0.047,0.048,0.055
288,0.036,0.198,0.054,0.048,0.035,0.052,0.209,0.201,0.059,0.057,0.049,0.215,0.056,0.21,0.053,0.052,0.048,0.21,0.053,0.051,0.045,0.054,0.236,0.054,0.05,0.208,0.051,0.242,0.054,0.268,0.053,0.236,0.057,0.176,0.043,0.196,0.045,0.052,0.048,0.175,0.052,0.054,0.24,0.029,0.217,0.049,0.045,0.154,0.256,0.31,0.053,0.212,0.047,0.048,0.055
289,0.036,0.198,0.054,0.048,0.035,0.052,0.209,0.201,0.059,0.057,0.049,0.215,0.056,0.21,0.053,0.052,0.048,0.21,0.053,0.051,0.045,0.054,0.236,0.054,0.05,0.208,0.051,0.028,0.054,0.268,0.053,0.413,0.057,0.176,0.043,0.196,0.045,0.052,0.048,0.175,0.052,0.054,0.24,0.029,0.217,0.049,0.045,0.154,0.256,0.206,0.053,0.212,0.047,0.048,0.055
290,0.036,0.198,0.054,0.048,0.035,0.052,0.209,0.201,0.059,0.057,0.049,0.215,0.056,0.21,0.053,0.052,0.048,0.21,0.053,0.051,0.045,0.054,0.236,0.054,0.153,0.208,0.051,0.028,0.054,0.268,0.053,0.413,0.057,0.176,0.216,0.196,0.045,0.052,0.148,0.245,0.052,0.054,0.24,0.029,0.217,0.049,0.045,0.154,0.256,0.206,0.053,0.212,0.047,0.048,0.055
291,0.036,0.295,0.054,0.048,0.035,0.052,0.209,0.201,0.059,0.057,0.049,0.215,0.056,0.21,0.053,0.052,0.048,0.21,0.053,0.051,0.045,0.054,0.236,0.054,0.153,0.208,0.051,0.028,0.054,0.268,0.053,0.413,0.057,0.176,0.216,0.196,0.045,0.052,0.148,0.113,0.052,0.054,0.05,0.029,0.217,0.049,0.045,0.154,0.256,0.206,0.053,0.212,0.047,0.048,0.055
292,0.036,0.295,0.054,0.048,0.035,0.052,0.209,0.201,0.059,0.057,0.049,0.381,0.056,0.21,0.053,0.052,0.048,0.21,0.053,0.051,0.045,0.054,0.236,0.054,0.153,0.208,0.051,0.028,0.054,0.268,0.053,0.233,0.057,0.176,0.216,0.055,0.045,0.052,0.148,0.113,0.052,0.054,0.05,0.029,0.217,0.049,0.045,0.154,0.256,0.206,0.053,0.212,0.047,0.048,0.055
293,0.036,0.295,0.054,0.227,0.035,0.052,0.209,0.201,0.059,0.057,0.049,0.381,0.056,0.21,0.053,0.052,0.048,0.21,0.053,0.051,0.045,0.054,0.236,0.054,0.153,0.208,0.051,0.028,0.054,0.268,0.053,0.233,0.057,0.176,0.216,0.055,0.045,0.198,0.148,0.113,0.052,0.054,0.05,0.029,0.053,0.049,0.045,0.154,0.256,0.206,0.053,0.212,0.047,0.048,0.055
294,0.036,0.295,0.054,0.227,0.035,0.052,0.209,0.043,0.059,0.057,0.049,0.381,0.056,0.21,0.053,0.052,0.048,0.21,0.053,0.051,0.045,0.054,0.236,0.054,0.343,0.208,0.051,0.028,0.054,0.268,0.053,0.354,0.057,0.176,0.216,0.055,0.045,0.198,0.148,0.113,0.052,0.054,0.05,0.029,0.053,0.049,0.045,0.154,0.256,0.206,0.053,0.212,0.047,0.048,0.055
295,0.036,0.295,0.054,0.227,0.035,0.052,0.209,0.043,0.059,0.057,0.049,0.381,0.056,0.21,0.053,0.052,0.048,0.21,0.053,0.051,0.045,0.054,0.236,0.054,0.343,0.208,0.051,0.028,0.054,0.268,0.053,0.354,0.057,0.176,0.216,0.055,0.045,0.198,0.148,0.127,0.052,0.054,0.05,0.029,0.053,0.049,0.045,0.154,0.256,0.206,0.053,0.212,0.047,0.048,0.055
296,0.036,0.295,0.054,0.227,0.035,0.052,0.209,0.043,0.059,0.057,0.049,0.381,0.056,0.21,0.053,0.052,0.048,0.21,0.053,0.051,0.045,0.054,0.236,0.054,0.343,0.208,0.051,0.028,0.054,0.328,0.053,0.354,0.057,0.176,0.216,0.055,0.045,0.374,0.148,0.127,0.052,0.054,0.05,0.029,0.053,0.049,0.045,0.154,0.256,0.206,0.053,0.212,0.047,0.048,0.055
297,0.036,0.295,0.054,0.227,0.035,0.052,0.209,0.043,0.059,0.057,0.049,0.381,0.056,0.21,0.053,0.052,0.048,0.21,0.053,0.051,0.045,0.054,0.236,0.054,0.343,0.208,0.051,0.028,0.054,0.328,0.053,0.354,0.057,0.176,0.334,0.055,0.045,0.374,0.148,0.139,0.052,0.054,0.05,0.029,0.053,0.049,0.045,0.154,0.256,0.206,0.152,0.212,0.047,0.048,0.055
298,0.036,0.295,0.054,0.227,0.035,0.052,0.209,0.043,0.059,0.057,0.049,0.381,0.056,0.21,0.053,0.052,0.048,0.21,0.053,0.051,0.045,0.054,0.236,0.054,0.343,0.208,0.051,0.028,0.054,0.328,0.053,0.354,0.057,0.176,0.334,0.055,0.045,0.374,0.148,0.239,0.052,0.054,0.05,0.228,0.053,0.049,0.045,0.154,0.256,0.052,0.152,0.212,0.047,0.048,0.055
299,0.036,0.295,0.054,0.227,0.035,0.052,0.209,0.043,0.059,0.057,0.049,0.381,0.056,0.049,0.053,0.052,0.048,0.21,0.053,0.051,0.045,0.054,0.336,0.054,0.343,0.208,0.051,0.028,0.054,0.268,0.053,0.354,0.057,0.176,0.334,0.055,0.045,0.374,0.148,0.239,0.052,0.054,0.05,0.228,0.053,0.049,0.045,0.154,0.054,0.052,0.152,0.212,0.047,0.048,0.055
300,0.036,0.295,0.054,0.227,0.035,0.052,0.209,0.043,0.059,0.057,0.049,0.218,0.056,0.049,0.053,0.052,0.048,0.21,0.053,0.051,0.045,0.054,0.336,0.054,0.343,0.208,0.051,0.028,0.054,0.268,0.053,0.354,0.057,0.045,0.334,0.055,0.045,0.374,0.148,0.239,0.052,0.054,0.05,0.228,0.053,0.049,0.045,0.154,0.153,0.052,0.152,0.052,0.047,0.048,0.055
301,0.036,0.295,0.054,0.227,0.035,0.052,0.209,0.043,0.059,0.057,0.049,0.218,0.056,0.049,0.053,0.052,0.048,0.049,0.053,0.051,0.045,0.054,0.155,0.054,0.343,0.208,0.051,0.028,0.054,0.268,0.053,0.354,0.057,0.045,0.334,0.055,0.045,0.374,0.148,0.239,0.052,0.054,0.05,0.228,0.053,0.049,0.045,0.154,0.153,0.052,0.152,0.052,0.047,0.048,0.055
302,0.036,0.295,0.054,0.227,0.035,0.052,0.209,0.043,0.059,0.057,0.049,0.218,0.056,0.049,0.053,0.052,0.048,0.049,0.053,0.051,0.045,0.054,0.155,0.054,0.343,0.208,0.051,0.028,0.22,0.268,0.053,0.354,0.057,0.045,0.334,0.055,0.045,0.374,0.148,0.239,0.052,0.054,0.05,0.228,0.053,0.049,0.045,0.046,0.153,0.052,0.152,0.052,0.047,0.048,0.055
303,0.036,0.295,0.054,0.227,0.035,0.052,0.209,0.043,0.059,0.057,0.049,0.218,0.056,0.049,0.053,0.052,0.048,0.049,0.053,0.051,0.045,0.054,0.155,0.054,0.343,0.208,0.051,0.028,0.22,0.268,0.053,0.354,0.057,0.045,0.334,0.055,0.045,0.374,0.148,0.239,0.241,0.054,0.05,0.228,0.053,0.049,0.045,0.046,0.153,0.052,0.152,0.052,0.047,0.048,0.055
304,0.152,0.295,0.054,0.227,0.035,0.052,0.209,0.043,0.059,0.057,0.049,0.218,0.056,0.049,0.223,0.052,0.048,0.049,0.053,0.051,0.045,0.054,0.155,0.169,0.343,0.208,0.051,0.028,0.22,0.268,0.053,0.354,0.057,0.045,0.334,0.055,0.045,0.374,0.148,0.239,0.385,0.054,0.05,0.228,0.053,0.049,0.045,0.046,0.153,0.052,0.152,0.052,0.047,0.048,0.055
305,0.152,0.295,0.054,0.227,0.035,0.052,0.209,0.043,0.059,0.057,0.049,0.218,0.056,0.049,0.223,0.052,0.048,0.049,0.053,0.051,0.045,0.054,0.155,0.169,0.343,0.208,0.051,0.028,0.22,0.268,0.053,0.354,0.057,0.045,0.334,0.055,0.045,0.374,0.148,0.169,0.385,0.054,0.05,0.228,0.053,0.049,0.045,0.046,0.153,0.052,0.152,0.052,0.047,0.048,0.055
306,0.152,0.141,0.054,0.227,0.035,0.052,0.055,0.043,0.059,0.057,0.049,0.218,0.056,0.049,0.223,0.052,0.249,0.049,0.053,0.051,0.045,0.054,0.155,0.169,0.343,0.208,0.051,0.028,0.22,0.268,0.053,0.354,0.057,0.045,0.334,0.055,0.045,0.374,0.148,0.229,0.385,0.054,0.05,0.228,0.053,0.049,0.045,0.046,0.153,0.052,0.152,0.052,0.047,0.048,0.055
307,0.152,0.141,0.054,0.227,0.035,0.052,0.055,0.043,0.059,0.057,0.049,0.308,0.056,0.049,0.223,0.052,0.249,0.049,0.053,0.051,0.045,0.054,0.155,0.169,0.343,0.208,0.051,0.028,0.22,0.288,0.053,0.354,0.057,0.045,0.334,0.055,0.045,0.374,0.148,0.229,0.385,0.054,0.05,0.228,0.053,0.049,0.045,0.046,0.153,0.052,0.152,0.052,0.047,0.048,0.055
308,0.152,0.141,0.054,0.227,0.035,0.052,0.055,0.043,0.059,0.057,0.049,0.308,0.056,0.049,0.223,0.052,0.249,0.049,0.053,0.051,0.045,0.054,0.155,0.169,0.24,0.208,0.051,0.028,0.22,0.288,0.053,0.354,0.057,0.045,0.334,0.055,0.045,0.374,0.148,0.229,0.385,0.054,0.05,0.228,0.053,0.049,0.152,0.046,0.153,0.052,0.152,0.052,0.047,0.048,0.055
309,0.152,0.044,0.054,0.227,0.035,0.052,0.055,0.043,0.059,0.057,0.049,0.308,0.056,0.049,0.223,0.052,0.249,0.049,0.053,0.051,0.24,0.054,0.155,0.169,0.24,0.208,0.051,0.028,0.22,0.288,0.053,0.354,0.057,0.045,0.334,0.055,0.045,0.374,0.174,0.229,0.385,0.054,0.05,0.228,0.053,0.049,0.152,0.046,0.153,0.052,0.152,0.052,0.047,0.048,0.055
310,0.152,0.044,0.054,0.227,0.035,0.052,0.055,0.043,0.059,0.057,0.049,0.308,0.056,0.049,0.223,0.052,0.249,0.049,0.053,0.051,0.24,0.054,0.155,0.169,0.24,0.034,0.051,0.028,0.22,0.053,0.053,0.492,0.057,0.045,0.334,0.055,0.045,0.374,0.174,0.229,0.385,0.054,0.05,0.228,0.053,0.049,0.152,0.046,0.153,0.052,0.152,0.052,0.047,0.048,0.055
311,0.152,0.044,0.054,0.227,0.035,0.052,0.055,0.043,0.059,0.057,0.049,0.308,0.056,0.049,0.223,0.052,0.249,0.049,0.053,0.051,0.24,0.054,0.155,0.169,0.24,0.034,0.051,0.028,0.22,0.053,0.053,0.405,0.057,0.045,0.334,0.055,0.045,0.374,0.174,0.229,0.385,0.054,0.05,0.228,0.053,0.049,0.152,0.046,0.153,0.052,0.152,0.052,0.047,0.048,0.055
312,0.152,0.044,0.054,0.227,0.035,0.052,0.055,0.043,0.059,0.057,0.049,0.308,0.056,0.049,0.223,0.052,0.249,0.049,0.053,0.051,0.24,0.054,0.155,0.169,0.381,0.034,0.051,0.028,0.22,0.053,0.053,0.284,0.057,0.045,0.161,0.055,0.045,0.374,0.174,0.229,0.385,0.054,0.05,0.228,0.053,0.049,0.152,0.046,0.153,0.052,0.152,0.052,0.047,0.048,0.055
313,0.152,0.044,0.054,0.227,0.035,0.052,0.055,0.043,0.059,0.169,0.049,0.308,0.056,0.049,0.223,0.052,0.249,0.049,0.053,0.051,0.24,0.054,0.155,0.169,0.381,0.034,0.051,0.028,0.22,0.053,0.053,0.284,0.057,0.045,0.161,0.055,0.045,0.228,0.174,0.229,0.385,0.054,0.05,0.228,0.053,0.049,0.152,0.046,0.153,0.052,0.152,0.052,0.047,0.048,0.055
314,0.152,0.044,0.054,0.227,0.035,0.052,0.055,0.043,0.059,0.169,0.049,0.142,0.056,0.049,0.223,0.052,0.249,0.049,0.053,0.051,0.24,0.16,0.155,0.169,0.381,0.034,0.051,0.028,0.22,0.053,0.053,0.284,0.057,0.045,0.161,0.055,0.045,0.228,0.074,0.229,0.385,0.054,0.05,0.228,0.053,0.049,0.152,0.046,0.153,0.052,0.152,0.052,0.047,0.048,0.055
315,0.152,0.044,0.054,0.048,0.035,0.052,0.055,0.043,0.059,0.169,0.049,0.142,0.056,0.049,0.223,0.052,0.249,0.049,0.053,0.051,0.24,0.16,0.155,0.169,0.381,0.034,0.051,0.028,0.22,0.053,0.053,0.284,0.057,0.045,0.043,0.055,0.045,0.228,0.074,0.229,0.385,0.054,0.05,0.228,0.053,0.049,0.152,0.046,0.153,0.052,0.053,0.052,0.047,0.048,0.055
316,0.152,0.044,0.054,0.048,0.035,0.052,0.055,0.043,0.059,0.169,0.049,0.142,0.056,0.049,0.223,0.052,0.249,0.049,0.053,0.268,0.24,0.16,0.155,0.169,0.191,0.034,0.051,0.028,0.22,0.053,0.053,0.284,0.057,0.045,0.043,0.055,0.045,0.228,0.074,0.229,0.494,0.054,0.05,0.228,0.053,0.049,0.152,0.046,0.153,0.052,0.053,0.052,0.047,0.048,0.055
317,0.152,0.044,0.054,0.048,0.035,0.052,0.055,0.043,0.059,0.169,0.188,0.142,0.056,0.049,0.223,0.169,0.249,0.049,0.053,0.268,0.24,0.16,0.055,0.169,0.191,0.034,0.051,0.028,0.22,0.053,0.053,0.284,0.057,0.045,0.043,0.055,0.045,0.228,0.074,0.229,0.494,0.054,0.05,0.228,0.053,0.049,0.152,0.046,0.153,0.052,0.053,0.052,0.047,0.048,0.055
318,0.152,0.044,0.054,0.048,0.035,0.052,0.055,0.043,0.059,0.169,0.188,0.142,0.056,0.049,0.223,0.169,0.249,0.049,0.053,0.268,0.24,0.16,0.055,0.169,0.191,0.034,0.051,0.028,0.22,0.053,0.053,0.324,0.057,0.045,0.043,0.055,0.045,0.052,0.074,0.169,0.494,0.054,0.05,0.228,0.053,0.049,0.152,0.046,0.054,0.052,0.053,0.052,0.047,0.048,0.055
319,0.152,0.044,0.054,0.048,0.035,0.052,0.055,0.043,0.059,0.169,0.188,0.142,0.056,0.049,0.223,0.169,0.249,0.049,0.053,0.268,0.24,0.16,0.055,0.169,0.191,0.034,0.051,0.028,0.22,0.053,0.053,0.324,0.057,0.045,0.043,0.055,0.045,0.052,0.205,0.169,0.494,0.054,0.05,0.228,0.053,0.049,0.152,0.046,0.054,0.052,0.053,0.052,0.047,0.048,0.055
320,0.152,0.044,0.054,0.048,0.035,0.052,0.055,0.043,0.059,0.169,0.188,0.142,0.056,0.049,0.223,0.169,0.249,0.049,0.053,0.268,0.24,0.16,0.055,0.169,0.191,0.034,0.051,0.366,0.22,0.053,0.053,0.284,0.057,0.045,0.043,0.055,0.045,0.052,0.048,0.169,0.494,0.054,0.05,0.029,0.053,0.049,0.152,0.046,0.054,0.052,0.053,0.052,0.047,0.048,0.055
321,0.152,0.044,0.054,0.048,0.035,0.052,0.055,0.043,0.059,0.169,0.188,0.142,0.056,0.049,0.223,0.169,0.249,0.049,0.053,0.268,0.24,0.16,0.055,0.169,0.191,0.034,0.051,0.366,0.22,0.053,0.053,0.284,0.057,0.045,0.043,0.055,0.045,0.052,0.048,0.169,0.494,0.054,0.05,0.029,0.053,0.049,0.152,0.046,0.054,0.052,0.053,0.052,0.047,0.048,0.055
322,0.036,0.044,0.054,0.048,0.035,0.052,0.055,0.043,0.059,0.169,0.188,0.142,0.056,0.049,0.223,0.169,0.249,0.049,0.053,0.268,0.24,0.16,0.055,0.054,0.191,0.034,0.051,0.366,0.054,0.053,0.053,0.414,0.057,0.045,0.043,0.055,0.045,0.052,0.048,0.169,0.494,0.054,0.05,0.029,0.053,0.049,0.152,0.046,0.054,0.052,0.053,0.052,0.047,0.048,0.26
323,0.036,0.044,0.054,0.048,0.035,0.052,0.055,0.043,0.059,0.169,0.188,0.142,0.056,0.171,0.223,0.169,0.249,0.049,0.053,0.268,0.24,0.16,0.055,0.054,0.191,0.034,0.051,0.366,0.054,0.053,0.053,0.535,0.057,0.045,0.043,0.055,0.045,0.052,0.048,0.169,0.494,0.054,0.05,0.029,0.053,0.049,0.152,0.046,0.054,0.052,0.053,0.052,0.047,0.048,0.26
324,0.036,0.044,0.054,0.048,0.035,0.052,0.055,0.043,0.059,0.169,0.188,0.142,0.056,0.171,0.223,0.169,0.249,0.049,0.053,0.268,0.24,0.16,0.055,0.054,0.191,0.034,0.051,0.426,0.054,0.053,0.053,0.535,0.057,0.045,0.043,0.055,0.045,0.052,0.048,0.169,0.35,0.054,0.05,0.029,0.053,0.049,0.152,0.046,0.054,0.052,0.053,0.052,0.047,0.048,0.26
325,0.036,0.044,0.054,0.048,0.035,0.052,0.055,0.043,0.059,0.169,0.188,0.052,0.056,0.171,0.223,0.3,0.249,0.049,0.053,0.268,0.24,0.16,0.055,0.054,0.191,0.034,0.051,0.426,0.054,0.053,0.053,0.547,0.057,0.045,0.043,0.055,0.045,0.052,0.048,0.169,0.161,0.054,0.05,0.029,0.053,0.049,0.152,0.046,0.054,0.052,0.053,0.052,0.047,0.048,0.26
326,0.036,0.044,0.054,0.048,0.035,0.052,0.055,0.043,0.233,0.169,0.188,0.052,0.056,0.171,0.053,0.3,0.249,0.049,0.053,0.268,0.24,0.16,0.055,0.054,0.191,0.034,0.051,0.426,0.054,0.053,0.053,2.494,0.057,0.045,0.043,0.055,0.045,0.052,0.048,0.169,0.161,0.054,0.05,0.029,0.053,0.049,0.045,0.046,0.054,0.052,0.053,0.052,0.047,0.048,0.26
327,0.036,0.244,0.054,0.048,0.035,0.052,0.055,0.043,0.233,0.169,0.188,0.052,0.056,0.171,0.053,0.3,0.249,0.049,0.053,0.268,0.24,0.16,0.055,0.266,0.191,0.034,0.051,0.426,0.054,0.053,0.053,2.494,0.057,0.045,0.043,0.055,0.045,0.052,0.048,0.169,0.161,0.054,0.05,0.029,0.053,0.209,0.045,0.046,0.054,0.052,0.053,0.052,0.047,0.048,0.26
328,0.036,0.393,0.054,0.166,0.035,0.052,0.055,0.043,0.233,0.169,0.188,0.052,0.056,0.171,0.053,0.3,0.048,0.049,0.053,0.268,0.24,0.16,0.055,0.266,0.191,0.034,0.051,0.426,0.054,0.053,0.053,2.494,0.057,0.045,0.043,0.055,0.045,0.052,0.048,0.169,0.161,0.054,0.05,0.029,0.053,0.209,0.045,0.046,0.054,0.052,0.053,0.052,0.047,0.048,0.26
329,0.036,0.393,0.054,0.166,0.035,0.052,0.055,0.043,0.233,0.169,0.188,0.052,0.056,0.171,0.053,0.3,0.048,0.049,0.053,0.268,0.24,0.16,0.055,0.266,0.191,0.034,0.051,0.426,0.054,0.053,0.053,0.532,0.167,0.045,0.043,0.055,0.045,0.052,0.048,0.169,0.161,0.054,0.05,0.029,0.053,0.333,0.045,0.046,0.054,0.052,0.053,0.052,0.047,0.048,0.26
330,0.036,0.393,0.054,0.166,0.035,0.052,0.055,0.043,0.233,0.169,0.188,0.052,0.056,0.171,0.053,0.3,0.048,0.049,0.053,0.268,0.24,0.16,0.055,0.266,0.191,0.034,0.051,0.028,0.054,0.053,0.053,0.532,0.167,0.045,0.043,0.055,0.045,0.052,0.048,0.169,0.161,0.054,0.05,0.029,0.053,0.333,0.045,0.046,0.054,0.052,0.053,0.052,0.047,0.048,0.26
331,0.036,0.393,0.054,0.166,0.035,0.052,0.055,0.043,0.233,0.057,0.188,0.052,0.056,0.171,0.053,0.3,0.048,0.049,0.053,0.268,0.045,0.16,0.055,0.266,0.191,0.034,0.051,0.028,0.054,0.053,0.053,0.52,0.167,0.045,0.043,0.055,0.045,0.052,0.048,0.169,0.161,0.054,0.05,0.029,0.053,0.333,0.045,0.046,0.054,0.052,0.053,0.229,0.047,0.048,0.26
332,0.036,0.393,0.054,0.166,0.035,0.052,0.055,0.213,0.233,0.057,0.188,0.052,0.056,0.171,0.053,0.3,0.048,0.049,0.053,0.388,0.045,0.054,0.055,0.266,0.05,0.034,0.051,0.028,0.054,0.053,0.053,0.52,0.167,0.045,0.043,0.055,0.045,0.052,0.048,0.169,0.161,0.054,0.05,0.029,0.053,0.333,0.045,0.046,0.054,0.052,0.053,0.229,0.047,0.048,0.26
333,0.036,0.393,0.054,0.166,0.035,0.052,0.055,0.213,0.233,0.057,0.188,0.052,0.056,0.171,0.053,0.3,0.048,0.049,0.053,0.388,0.045,0.054,0.055,0.266,0.05,0.034,0.051,0.028,0.054,0.053,0.053,0.52,0.167,0.045,0.043,0.055,0.045,0.052,0.048,0.169,0.161,0.054,0.05,0.029,0.053,0.333,0.045,2.305,0.054,0.052,0.053,0.229,0.047,0.048,0.26
334,0.036,0.393,0.054,0.166,0.035,0.052,0.055,0.213,0.233,0.057,0.188,0.052,0.056,0.171,0.053,0.3,0.048,0.049,0.053,0.388,0.045,0.054,0.055,0.266,0.05,0.034,0.051,0.028,0.054,0.053,0.053,0.52,0.167,0.045,0.043,0.055,0.045,0.052,0.048,0.069,0.052,0.054,0.05,0.029,0.053,0.333,0.045,2.305,0.054,0.052,0.053,0.229,0.047,0.048,0.26
335,0.036,0.393,0.054,0.349,0.035,0.052,0.055,0.213,0.233,0.057,0.188,0.052,0.056,0.171,0.053,0.183,0.048,0.049,0.053,0.388,0.045,0.054,0.055,0.266,0.05,0.034,0.051,0.028,0.054,0.053,0.053,0.52,0.167,0.045,0.043,0.055,0.045,0.052,0.048,0.069,0.052,0.054,0.05,0.029,0.053,0.333,0.045,2.305,0.054,0.052,0.053,0.229,0.047,0.048,0.26
336,0.036,0.393,0.054,0.349,0.035,0.052,0.055,0.399,0.233,0.057,0.188,0.052,0.056,0.171,0.053,0.183,0.048,0.049,0.053,0.388,0.045,0.054,0.055,0.266,0.05,0.034,0.051,0.028,0.054,0.053,0.053,0.54,0.167,0.045,0.043,0.055,0.045,0.052,0.048,0.069,0.052,0.054,0.05,0.029,0.053,0.333,0.045,0.106,0.054,0.052,0.053,0.229,0.047,0.048,0.26
337,0.036,0.393,0.054,0.349,0.035,0.052,0.055,0.399,0.233,0.057,0.049,0.052,0.056,0.171,0.053,0.183,0.048,0.049,0.053,0.388,0.045,0.054,0.055,0.266,0.05,0.034,0.051,0.028,0.054,0.053,0.053,0.54,0.167,0.045,0.043,0.055,0.045,0.052,0.048,0.069,0.052,0.054,0.05,0.029,0.053,0.333,0.045,0.118,0.054,0.052,0.053,0.229,0.047,0.048,0.26
338,0.036,0.393,0.054,0.349,0.035,0.052,0.055,0.399,0.455,0.057,0.049,0.196,0.056,0.171,0.053,0.183,0.048,0.049,0.053,0.171,0.045,0.054,0.055,0.266,0.05,0.034,0.051,0.028,0.054,0.053,0.053,0.54,0.167,0.228,0.043,0.055,0.045,0.052,0.048,0.069,0.052,0.16,0.05,0.029,0.053,0.333,0.045,0.118,0.054,0.052,0.053,0.229,0.047,0.048,0.26
339,0.036,0.393,0.054,0.349,0.035,0.052,0.055,0.399,0.455,0.057,0.049,0.196,0.056,0.171,0.053,0.183,0.048,0.049,0.053,0.171,0.045,0.054,0.055,0.266,0.05,0.034,0.051,0.028,0.054,0.259,0.053,0.599,0.167,0.228,0.043,0.055,0.045,0.052,0.048,0.069,0.052,0.16,0.05,0.029,0.053,0.333,0.045,0.118,0.054,0.052,0.053,0.229,0.047,0.048,0.26
340,0.036,0.393,0.054,0.349,0.035,0.052,0.055,0.399,0.455,0.057,0.049,0.196,0.056,0.171,0.053,0.183,0.048,0.27,0.053,0.171,0.045,0.054,0.055,0.266,0.05,0.034,0.155,0.028,0.275,0.259,0.053,0.599,0.167,0.228,0.043,0.055,0.045,0.052,0.048,0.057,0.052,0.16,0.05,0.029,0.053,0.333,0.045,0.178,0.054,0.052,0.053,0.229,0.047,0.048,0.26
341,0.036,0.393,0.054,0.349,0.035,0.052,0.055,0.399,0.455,0.057,0.049,0.196,0.056,0.049,0.053,0.183,0.048,0.27,0.053,0.171,0.045,0.054,0.055,0.054,0.05,0.034,0.155,0.028,0.275,0.259,0.053,0.599,0.167,0.359,0.043,0.055,0.045,0.052,0.048,0.057,0.052,0.16,0.05,0.029,0.053,0.333,0.045,0.118,0.054,0.052,0.053,0.229,0.047,0.048,0.26
342,0.036,0.244,0.054,0.349,0.035,0.052,0.055,0.399,0.455,0.057,0.049,0.196,0.056,0.049,0.053,0.183,0.048,0.27,0.235,0.171,0.045,0.054,0.055,0.054,0.05,0.034,0.155,0.028,0.275,0.259,0.053,0.925,0.167,0.359,0.043,0.055,0.045,0.052,0.048,0.057,0.052,0.16,0.05,0.029,0.053,0.333,0.045,0.138,0.054,0.052,0.053,0.229,0.047,0.048,0.379
343,0.036,0.244,0.054,0.349,0.035,0.052,0.055,0.399,0.455,0.057,0.049,0.196,0.056,0.21,0.053,0.183,0.048,0.27,0.387,0.171,0.045,0.054,0.055,0.054,0.05,0.034,0.155,0.028,0.275,0.259,0.053,0.925,0.36,0.359,0.043,0.055,0.045,0.052,0.048,0.057,0.052,0.16,0.05,0.029,0.053,0.333,0.233,0.138,0.054,0.052,0.053,0.229,0.047,0.048,0.379
344,0.036,0.244,0.054,0.349,0.035,0.052,0.055,0.557,0.455,0.057,0.049,0.196,0.056,0.21,0.053,0.183,0.048,0.431,0.387,0.171,0.045,0.054,0.055,0.054,0.05,0.034,0.155,0.028,0.275,0.259,0.053,0.925,0.36,0.359,0.043,0.055,0.045,0.052,0.048,0.057,0.052,0.16,0.05,0.029,0.053,0.333,0.233,0.138,0.054,0.052,0.053,0.229,0.047,0.048,0.174
345,0.036,0.244,0.054,0.349,0.035,0.052,0.055,0.557,0.455,0.057,0.049,0.196,0.056,0.21,0.053,0.052,0.048,0.431,0.387,0.171,0.045,0.054,0.055,0.054,0.05,0.034,0.155,0.028,0.275,0.259,0.053,0.925,0.36,0.359,0.043,0.055,0.045,0.052,0.048,0.057,0.052,0.16,0.05,0.029,0.053,0.333,0.233,0.138,0.054,0.052,0.053,0.229,0.047,0.048,0.174
346,0.036,0.244,0.054,0.231,0.035,0.052,0.055,0.387,0.281,0.057,0.049,0.196,0.056,0.21,0.053,0.052,0.048,0.431,0.387,0.171,0.045,0.054,0.055,0.054,0.05,0.034,0.155,0.028,0.275,0.259,0.053,0.599,0.36,0.359,0.043,0.055,0.045,0.052,0.048,0.057,0.052,0.16,0.05,0.029,0.053,0.526,0.233,0.15,0.054,0.052,0.053,0.229,0.047,0.048,0.174
347,0.036,0.244,0.054,0.231,0.035,0.052,0.055,0.387,0.281,0.057,0.049,0.196,0.056,0.21,0.053,0.052,0.048,0.431,0.387,0.171,0.045,0.251,0.055,0.054,0.05,0.034,0.155,0.028,0.275,0.259,0.053,0.599,0.25,0.359,0.043,0.055,0.045,0.052,0.048,0.057,0.052,0.16,0.05,0.029,0.053,0.402,0.233,0.15,0.054,0.052,0.053,0.229,0.047,0.048,0.174
348,0.036,0.244,0.054,0.231,0.035,0.052,0.055,0.387,0.281,0.057,0.049,0.196,0.056,0.21,0.053,0.052,0.048,0.431,0.387,0.171,0.045,0.251,0.055,0.054,0.05,0.034,0.155,0.028,0.275,0.259,0.053,0.599,0.25,0.359,0.043,0.055,0.045,0.052,0.048,0.057,0.052,0.16,0.05,0.029,0.053,0.402,0.233,0.15,0.054,0.052,0.053,0.229,0.047,0.219,0.174
349,0.036,0.044,0.054,0.048,0.035,0.052,0.055,0.387,0.281,0.057,0.049,0.196,0.056,0.21,0.053,0.052,0.048,0.431,0.387,0.171,0.045,0.251,0.236,0.054,0.05,0.034,0.155,0.028,0.275,0.259,0.053,0.599,0.25,0.359,0.043,0.055,0.045,0.052,0.048,0.057,0.052,0.16,0.05,0.029,0.053,0.242,0.233,0.13,0.054,0.052,0.053,0.229,0.047,0.219,0.174
350,0.036,0.044,0.054,0.048,0.035,0.052,0.055,0.387,0.281,0.057,0.049,0.196,0.056,0.21,0.053,0.052,0.048,0.531,0.387,0.051,0.045,0.251,0.236,0.054,0.05,0.034,0.155,0.028,0.275,0.259,0.053,0.599,0.25,0.359,0.043,0.055,0.045,0.052,0.048,0.057,0.052,0.16,0.05,0.029,0.053,0.242,0.233,0.13,0.054,0.052,0.053,0.229,0.047,0.219,0.174
351,0.036,0.044,0.054,0.048,0.035,0.052,0.055,0.387,0.281,0.057,0.049,0.196,0.056,0.21,0.053,0.052,0.048,0.543,0.387,0.051,0.045,0.251,0.236,0.054,0.05,0.034,0.155,0.028,0.275,0.259,0.053,0.599,0.25,0.359,0.043,0.055,0.045,0.052,0.048,0.057,0.052,0.16,0.05,0.029,0.053,0.242,0.233,0.13,0.054,0.052,0.053,0.229,0.047,0.219,0.174
352,0.036,0.044,0.054,0.048,0.035,0.052,0.055,0.387,0.281,0.057,0.049,0.196,0.056,0.21,0.053,0.052,0.048,0.543,0.387,0.051,0.045,0.251,0.236,0.054,0.05,0.034,0.155,0.028,0.275,0.259,0.053,0.599,0.25,0.359,0.143,0.055,0.045,0.052,0.048,0.057,0.052,0.16,0.05,0.029,0.053,0.242,0.233,0.13,0.054,0.206,0.053,0.229,0.047,0.219,0.174
353,0.036,0.141,0.054,0.048,0.035,0.052,0.055,0.387,0.281,0.057,0.049,0.196,0.056,0.21,0.053,0.052,0.048,0.543,0.387,0.051,0.045,0.251,0.236,0.054,0.05,0.034,0.155,0.028,0.275,0.053,0.053,0.659,0.25,0.359,0.043,0.055,0.045,0.052,0.048,0.057,0.052,0.16,0.05,0.029,0.053,0.242,0.233,0.13,0.054,0.206,0.053,0.052,0.047,0.219,0.174
354,0.036,0.141,0.054,0.048,0.035,0.052,0.055,0.387,0.281,0.057,0.049,0.196,0.056,0.21,0.053,0.052,0.048,0.543,0.387,0.051,0.045,0.251,0.236,0.054,0.05,0.034,0.155,0.028,0.275,0.053,0.053,0.985,0.25,0.359,0.043,0.055,0.045,0.052,0.048,2.187,0.052,0.16,0.05,0.029,0.053,0.242,0.233,0.13,0.054,0.206,0.053,0.052,0.047,0.219,0.174
355,0.036,0.141,0.054,0.048,0.035,0.052,0.055,0.387,0.281,0.057,0.049,0.196,0.056,0.21,0.053,0.052,0.048,0.627,0.387,0.051,0.045,0.251,0.336,0.054,0.05,0.034,0.155,0.028,0.275,0.053,0.053,0.925,0.25,0.359,0.043,0.055,0.045,0.052,0.048,2.187,0.052,0.16,0.05,0.029,0.053,0.242,0.233,0.13,0.054,0.206,0.053,0.052,0.047,0.219,0.174
356,0.036,0.141,0.054,0.048,0.235,0.052,0.055,0.387,0.281,0.057,0.049,0.196,0.056,0.21,0.053,0.052,0.048,0.618,0.387,0.051,0.045,0.251,0.336,0.054,0.05,0.034,0.155,0.028,0.275,0.053,0.053,0.865,0.25,0.359,0.143,0.055,0.045,0.052,0.048,2.187,0.052,0.054,0.05,0.029,0.053,0.242,0.233,0.13,0.256,0.206,0.053,0.052,0.047,0.219,0.174
357,0.036,0.141,0.054,0.048,0.235,0.052,0.055,0.387,0.281,0.057,0.049,0.196,0.056,0.21,0.053,0.052,0.048,0.578,0.387,0.051,0.045,0.251,0.336,0.054,0.05,0.034,0.155,0.028,0.275,0.053,0.053,2.812,0.057,0.359,0.143,0.055,0.045,0.052,0.048,0.057,0.052,0.054,0.05,0.029,0.053,0.242,0.233,0.13,0.256,0.206,0.053,0.052,0.047,0.219,0.174
358,0.036,0.141,0.054,0.048,0.235,0.052,0.055,0.201,0.281,0.057,0.049,0.052,0.056,0.21,0.053,0.052,0.048,0.578,0.387,0.051,0.045,0.251,0.336,0.054,0.05,0.034,0.051,0.028,0.275,0.053,0.053,2.486,0.057,0.359,0.143,0.196,0.045,0.052,0.048,0.057,0.052,0.054,0.05,0.029,0.053,0.242,0.233,0.13,0.256,0.206,0.053,0.052,0.047,0.219,0.174
359,0.036,0.141,0.054,0.048,0.235,0.052,0.055,0.201,0.281,0.057,0.049,0.052,0.056,0.21,0.053,0.052,0.048,0.578,0.387,0.051,0.045,0.251,0.336,0.054,0.05,0.034,0.051,0.028,0.275,0.053,0.053,2.306,0.057,0.228,0.143,0.285,0.045,0.052,0.048,0.057,0.052,0.054,0.05,0.133,0.053,0.242,0.233,0.13,0.256,0.206,0.053,0.052,0.047,0.219,0.174
360,0.036,0.141,0.054,0.048,0.235,0.052,0.055,0.201,0.059,0.057,0.049,0.052,0.056,0.21,0.053,0.052,0.048,0.578,0.387,0.051,0.045,0.251,0.336,0.054,0.05,0.034,0.051,0.242,0.275,0.053,0.053,0.359,0.057,0.045,0.143,0.285,0.045,0.052,0.048,0.117,0.052,0.054,0.05,0.133,0.053,0.049,0.233,2.389,0.355,0.206,0.053,0.052,0.047,0.219,0.055
361,0.036,0.141,0.054,0.048,0.235,0.052,0.055,0.201,0.059,0.057,0.049,0.215,0.056,0.21,0.053,0.052,0.048,0.578,0.387,0.051,0.045,0.251,0.336,0.054,0.05,0.034,0.051,0.242,0.275,0.053,0.053,0.359,0.057,0.045,0.143,0.285,0.045,0.052,0.048,0.202,0.052,0.054,0.05,0.133,0.053,0.049,0.233,2.389,0.355,0.206,0.053,0.052,0.047,0.219,0.055
362,0.152,0.141,0.054,0.048,0.235,0.052,0.055,0.201,0.059,0.057,0.049,0.215,0.056,0.21,0.053,0.052,0.048,0.357,0.387,0.051,0.045,0.251,0.336,0.054,0.05,0.034,0.051,0.242,0.054,0.053,0.053,0.374,0.057,0.045,0.143,0.285,0.045,0.052,0.048,0.202,0.052,0.054,0.05,0.133,0.053,0.049,0.233,2.389,0.355,0.206,0.053,0.052,0.047,0.219,0.055
363,0.152,0.141,0.054,0.227,0.235,0.052,0.055,0.201,0.059,0.057,0.049,0.215,0.056,0.049,0.053,0.052,0.048,0.357,0.235,0.051,0.045,0.251,0.336,0.054,0.05,0.034,0.051,0.242,0.054,0.053,0.053,0.551,0.057,0.045,0.143,0.285,0.045,0.052,0.048,0.202,0.052,0.054,0.05,0.133,0.053,0.049,0.233,0.118,0.355,0.206,0.053,0.212,0.047,0.219,0.055
364,0.152,0.141,0.054,0.227,0.235,0.052,0.055,0.043,0.059,0.057,0.049,0.381,0.056,0.049,0.053,0.052,0.048,0.196,0.053,0.051,0.045,0.251,0.336,0.054,0.05,0.034,0.051,0.242,0.054,0.053,0.053,0.551,0.057,0.045,0.451,0.285,0.045,0.052,0.048,0.202,0.052,0.054,0.05,0.133,0.053,0.049,0.233,0.118,0.355,0.206,0.053,0.212,0.047,0.219,0.055
365,0.152,0.141,0.054,0.227,0.235,0.052,0.055,0.043,0.059,0.057,0.049,0.471,0.056,0.049,0.053,0.052,0.048,0.196,0.053,0.051,0.045,0.251,0.336,0.054,0.05,0.034,0.267,0.242,0.054,0.053,0.053,0.551,0.057,0.045,0.451,0.285,0.045,0.052,0.048,0.202,0.052,0.054,0.05,0.133,0.053,0.049,0.045,0.118,0.355,0.206,0.053,0.212,0.047,0.219,0.055
366,0.152,0.141,0.054,0.227,0.235,0.052,0.055,0.043,0.059,0.057,0.049,0.471,0.056,0.049,0.053,0.052,0.048,0.196,0.053,0.051,0.045,0.251,0.336,0.054,0.05,0.034,0.267,0.242,0.054,0.053,0.053,0.591,0.057,0.045,0.451,0.285,0.045,0.052,0.048,0.262,0.052,0.054,0.05,0.133,0.053,0.049,0.045,0.178,0.355,0.206,0.053,0.212,0.047,0.219,0.055
367,0.152,0.141,0.054,0.227,0.235,0.052,0.055,0.043,0.059,0.057,0.049,0.471,0.056,0.049,0.053,0.052,0.048,0.296,0.053,0.051,0.045,0.251,0.336,0.054,0.24,0.034,0.267,0.242,0.054,0.053,0.053,0.591,0.057,0.045,0.451,0.285,0.045,0.052,0.048,0.262,0.052,0.054,0.05,0.133,0.053,0.049,0.045,0.118,0.355,0.206,0.053,0.212,0.047,0.219,0.055
368,0.152,0.141,0.054,0.227,0.235,0.052,0.055,0.043,0.059,0.057,0.049,0.471,0.056,0.049,0.053,0.052,0.048,0.399,0.053,0.051,0.045,0.251,0.336,0.062,0.24,0.034,0.267,0.242,0.054,0.053,0.053,0.501,0.057,0.045,0.351,0.285,0.045,0.052,0.048,0.248,0.052,0.054,0.05,0.133,0.053,0.049,0.045,0.118,0.355,0.206,0.053,0.212,0.047,0.219,0.055
369,0.152,0.141,0.054,0.227,0.235,0.052,0.055,0.043,0.059,0.057,0.049,0.471,0.056,0.049,0.053,0.052,0.048,0.399,0.053,0.051,0.045,0.054,0.336,0.062,0.24,0.034,0.267,0.242,0.054,0.053,0.053,0.501,0.057,0.045,0.351,0.285,0.045,0.052,0.048,0.248,0.052,0.054,0.05,0.133,0.217,0.049,0.045,0.118,0.355,0.206,0.053,0.212,0.047,0.219,0.055
370,0.152,0.141,0.054,0.227,0.035,0.052,0.055,0.043,0.059,0.057,0.049,0.471,0.056,0.049,0.053,0.052,0.048,0.049,0.053,0.051,0.045,0.054,0.336,0.062,0.24,0.034,0.267,0.242,0.054,0.053,0.053,0.651,0.057,0.045,0.351,0.285,0.045,0.228,0.048,0.248,0.052,0.054,0.05,0.133,0.217,0.157,0.045,0.118,0.355,0.206,0.053,0.212,0.047,0.048,0.055
371,0.152,0.044,0.054,0.227,0.035,0.052,0.055,0.043,0.059,0.057,0.049,0.471,0.056,0.049,0.053,0.052,0.048,0.049,0.053,0.051,0.045,0.054,0.155,0.062,0.24,0.034,0.267,0.242,0.054,0.053,0.053,0.561,0.057,0.045,0.416,0.285,0.045,0.228,0.048,0.248,0.052,0.054,0.05,0.133,0.217,0.157,0.045,0.118,0.355,0.31,0.053,0.212,0.047,0.048,0.055
372,0.152,0.198,0.054,0.227,0.035,0.052,0.055,0.043,0.059,0.057,0.049,0.471,0.056,0.049,0.053,0.052,0.048,0.049,0.053,0.051,0.045,0.054,0.155,0.062,0.24,0.034,0.267,0.242,0.054,0.053,0.053,0.561,0.057,0.105,0.416,0.285,0.045,0.228,0.048,0.248,0.052,0.054,0.05,0.133,0.217,0.157,0.045,0.118,0.355,0.156,0.053,0.212,0.047,0.048,0.055
373,0.152,0.198,0.054,0.227,0.035,0.052,0.055,0.043,0.059,0.057,0.049,0.471,0.056,0.049,0.053,0.052,0.048,0.049,0.053,0.051,0.045,0.054,0.055,0.062,0.24,0.034,0.267,0.242,0.054,0.053,0.053,0.491,0.057,0.105,0.416,0.285,0.045,0.228,0.048,0.308,0.052,0.054,0.05,0.133,0.217,0.157,0.045,0.118,0.355,0.156,0.053,0.212,0.047,0.048,0.055
374,0.152,0.198,0.054,0.227,0.035,0.052,0.055,0.043,0.059,0.057,0.049,0.471,0.056,0.049,0.053,0.052,0.048,0.049,0.053,0.051,0.045,0.054,0.055,0.062,0.381,0.034,0.267,0.028,0.054,0.053,0.053,0.491,0.057,0.105,0.416,0.285,0.045,0.228,0.048,0.308,0.052,0.054,0.05,0.133,0.217,0.157,0.152,0.226,0.355,0.156,0.053,0.212,0.047,0.048,0.055
375,0.152,0.198,0.054,0.227,0.035,0.052,0.055,0.043,0.059,0.169,0.049,0.308,0.056,0.049,0.053,0.052,0.048,0.049,0.053,0.051,0.045,0.054,0.055,0.062,0.381,0.034,0.267,0.028,0.054,0.053,0.053,0.491,0.057,0.105,0.351,0.285,0.045,0.228,0.048,0.308,0.052,0.054,0.05,0.332,0.217,0.157,0.152,0.226,0.355,0.156,0.053,0.212,0.047,0.048,0.055
376,0.152,0.198,0.054,0.227,0.035,0.052,0.055,0.043,0.059,0.169,0.049,0.308,0.056,0.049,0.053,0.052,0.048,0.049,0.053,0.051,0.045,0.054,0.055,0.062,0.381,0.034,0.267,0.028,0.054,0.053,0.053,0.491,0.057,0.105,0.351,0.285,0.045,0.228,0.048,0.308,0.196,0.054,0.05,0.332,0.217,0.197,0.152,0.226,0.355,0.156,0.053,0.212,0.233,0.048,0.055
377,0.152,0.198,0.054,0.227,0.035,0.052,0.055,0.043,0.059,0.169,0.049,0.308,0.056,0.049,0.053,0.052,0.048,0.049,0.053,0.051,0.045,0.054,0.055,0.177,0.381,0.034,0.267,0.028,0.054,0.053,0.053,0.491,0.057,0.125,0.351,0.196,0.045,0.228,0.048,0.308,0.196,0.054,0.05,0.228,0.217,0.197,0.152,0.226,0.355,0.156,0.053,0.052,0.233,0.048,0.055
378,0.152,0.198,0.054,0.227,0.035,0.052,0.055,0.043,0.059,0.169,0.049,0.308,0.056,0.049,0.053,0.052,0.048,0.049,0.053,0.051,0.045,0.054,0.055,0.177,0.381,0.034,0.267,0.028,0.054,0.053,0.053,0.451,0.057,0.165,0.351,0.055,0.045,0.228,0.048,0.308,0.196,0.054,0.05,0.228,0.217,0.197,0.152,0.226,0.054,0.156,0.053,0.052,0.233,0.048,0.055
379,0.152,0.198,0.054,0.227,0.035,0.052,0.055,0.043,0.059,0.169,0.049,0.308,0.056,0.049,0.053,0.052,0.048,0.049,0.053,0.051,0.045,0.054,0.055,0.287,0.381,0.034,0.267,0.028,0.054,0.053,0.053,0.451,0.057,0.165,0.351,0.055,0.045,0.228,0.048,0.308,0.196,0.054,0.05,0.228,0.217,0.197,0.152,0.226,0.054,0.156,0.053,0.052,0.233,0.048,0.055
380,0.036,0.198,0.054,0.227,0.035,0.052,0.055,0.043,0.059,0.169,0.049,0.308,0.056,0.049,0.053,0.052,0.048,0.049,0.053,0.051,0.045,0.054,0.055,0.287,0.381,0.034,0.267,0.028,0.054,0.053,0.053,0.572,0.057,0.165,0.351,0.055,0.045,0.228,0.048,0.308,0.196,0.054,0.05,0.228,0.217,0.257,0.152,0.286,0.054,0.156,0.053,0.052,0.233,0.048,0.055
381,0.036,0.198,0.054,0.227,0.035,0.052,0.055,0.043,0.059,0.169,0.049,0.308,0.056,0.049,0.053,0.052,0.048,0.049,0.053,0.051,0.045,0.054,0.055,0.287,0.381,0.034,0.267,0.028,0.054,0.053,0.053,0.572,0.057,0.225,0.365,0.055,0.045,0.228,0.048,0.308,0.385,0.054,0.05,0.228,0.217,0.257,0.152,0.286,0.054,0.156,0.053,0.052,0.233,0.048,0.055
382,0.036,0.198,0.054,0.227,0.035,0.052,0.055,0.043,0.059,0.169,0.049,0.308,0.056,0.049,0.113,0.052,0.048,0.049,0.053,0.051,0.045,0.054,0.055,0.287,0.381,0.034,0.267,0.028,0.054,0.053,0.053,0.572,0.057,0.225,0.365,0.055,0.045,0.228,0.048,0.308,0.494,0.054,0.05,0.228,0.217,0.257,0.152,0.286,0.054,0.156,0.053,0.052,0.233,0.048,0.055
383,0.036,0.198,0.054,0.227,0.035,0.052,0.055,0.043,0.059,0.169,0.049,0.218,0.056,0.049,0.113,0.052,0.048,0.049,0.053,0.051,0.045,0.054,0.055,0.287,0.381,0.034,0.267,0.028,0.054,0.053,0.053,0.512,0.057,0.165,0.365,0.055,0.045,0.228,0.048,0.308,0.494,0.054,0.05,0.228,0.217,0.257,0.152,0.286,0.054,0.156,0.053,0.052,0.233,0.048,0.055
384,0.036,0.198,0.054,0.227,0.035,0.052,0.055,0.043,0.059,0.169,0.049,0.218,0.056,0.049,0.113,0.052,0.048,0.049,0.053,0.051,0.045,0.054,0.055,0.287,0.381,0.034,0.267,0.028,0.054,0.053,0.053,0.512,0.057,0.165,0.365,0.055,0.045,0.228,0.048,0.363,0.494,0.054,0.05,0.228,0.217,0.817,0.152,0.286,0.054,0.156,0.053,0.052,0.233,0.048,0.055
385,0.036,0.198,0.054,0.048,0.035,0.052,0.055,0.043,0.059,0.169,0.049,0.218,0.056,0.049,0.113,0.052,0.048,0.049,0.053,0.051,0.045,0.054,0.055,0.3,0.381,0.034,0.267,0.028,0.054,0.053,0.053,0.335,0.057,0.165,0.365,0.055,0.045,0.228,0.048,0.363,0.494,0.054,0.05,0.228,0.217,0.817,0.152,0.286,0.054,0.156,0.053,0.052,0.233,0.048,0.055
386,0.076,0.198,0.054,0.048,0.035,0.052,0.055,0.043,0.059,0.169,0.049,0.052,0.056,0.049,0.163,0.052,0.048,0.049,1.251,0.051,0.045,0.054,0.055,0.3,0.381,0.034,0.267,0.028,0.054,0.053,0.053,0.405,0.057,0.3,0.192,0.055,0.045,0.228,0.048,0.363,0.494,0.054,0.05,0.228,0.217,0.917,0.152,0.226,0.054,0.156,0.053,0.072,0.233,0.048,0.055
387,0.232,0.198,0.054,0.048,0.035,0.052,0.055,0.043,0.059,0.169,0.188,0.052,0.056,0.049,0.163,0.183,0.048,0.049,1.251,0.051,0.045,0.16,0.055,0.3,0.381,0.034,0.051,0.028,0.054,0.053,0.053,0.405,0.057,2.128,0.192,0.055,0.045,0.228,0.048,0.363,0.494,0.054,0.05,0.228,0.217,0.357,0.152,0.226,0.054,0.156,0.053,0.072,0.233,0.048,0.055
388,0.232,0.198,0.054,0.048,0.035,0.052,0.209,0.043,0.059,0.169,0.188,0.052,0.056,0.049,0.103,0.183,0.048,0.049,1.251,0.051,0.045,0.16,0.055,0.3,0.381,0.034,0.051,0.028,0.054,0.053,0.053,0.405,0.057,2.093,0.192,0.055,0.045,0.374,0.048,0.363,0.494,0.054,0.05,0.228,0.217,0.357,0.152,0.226,0.054,0.156,0.053,0.061,0.233,0.048,0.055
389,0.232,0.198,0.054,0.048,0.035,0.052,0.209,0.043,0.059,0.169,0.188,0.052,0.056,0.049,0.115,0.183,0.048,0.049,1.251,0.051,0.045,0.16,0.055,0.32,0.191,0.034,0.051,0.028,0.054,0.053,0.053,0.405,0.057,2.093,0.197,0.055,0.045,0.374,0.048,0.363,0.494,0.054,0.05,0.228,0.217,0.357,0.152,0.226,0.054,0.052,0.053,0.101,0.233,0.048,0.055
390,0.192,0.198,0.054,0.048,0.035,0.052,0.209,0.148,0.059,0.169,0.188,0.052,0.056,0.049,0.115,0.183,0.048,0.049,1.263,0.051,0.045,0.16,0.055,0.169,0.191,0.034,0.051,0.028,0.054,0.053,0.053,0.335,0.057,0.265,0.197,0.055,0.045,0.374,0.048,0.363,0.494,0.054,0.05,0.228,0.217,0.377,0.152,0.286,0.054,0.052,0.053,0.186,0.233,0.048,0.055
391,0.192,0.198,0.054,0.048,0.035,0.052,0.209,0.083,0.059,0.169,0.188,0.052,0.056,0.049,0.115,0.183,0.048,0.049,1.263,0.268,0.045,0.16,0.055,0.169,0.191,0.034,0.051,0.028,0.054,0.053,0.053,0.335,0.057,0.265,0.232,0.055,0.045,0.374,0.048,0.363,0.494,0.054,0.05,0.228,0.053,0.357,0.152,0.226,0.054,0.052,0.053,0.146,0.233,0.048,0.055
392,0.192,0.044,0.054,0.048,0.035,0.052,0.209,0.083,0.059,0.169,0.188,0.052,0.056,0.049,0.115,0.183,0.048,0.049,1.263,0.268,0.045,0.16,0.055,0.169,0.191,0.034,0.051,0.028,0.054,0.053,0.053,0.405,0.057,0.265,0.232,0.055,0.045,0.198,0.048,0.363,0.494,0.054,0.05,0.228,0.053,0.357,0.045,0.118,0.054,0.052,0.053,0.146,0.233,0.048,0.055
393,0.232,0.044,0.054,0.048,0.035,0.052,0.209,0.117,0.059,0.057,0.188,0.052,0.056,0.049,0.115,0.183,0.048,0.049,1.278,0.268,0.24,0.16,0.055,0.169,0.191,0.034,0.051,0.028,0.054,0.053,0.053,0.405,0.057,0.35,0.232,0.055,0.045,0.198,0.048,0.363,0.494,0.054,0.05,0.228,0.053,0.329,0.045,0.118,0.054,0.052,0.053,0.146,0.233,0.048,0.055
394,0.232,0.044,0.054,0.048,0.035,0.052,0.209,0.117,0.059,0.057,0.188,0.052,0.056,0.049,0.115,0.183,0.249,0.049,1.278,0.268,0.24,0.16,0.055,0.169,0.05,0.034,0.051,0.028,0.054,0.053,0.053,0.405,0.057,0.37,0.232,0.055,0.045,0.198,0.048,0.375,0.494,0.16,0.05,0.228,0.053,0.329,0.045,0.118,0.054,0.052,0.053,0.146,0.233,0.048,0.055
395,0.232,0.044,0.054,0.048,0.035,0.052,0.209,0.167,0.059,0.057,0.188,0.052,0.056,0.049,0.115,0.183,0.249,0.049,1.278,0.268,0.24,0.16,0.055,0.054,0.05,0.034,0.051,0.028,0.054,0.053,0.053,0.505,0.057,0.39,0.232,0.055,0.045,0.198,0.048,0.375,0.494,0.16,0.05,0.228,0.053,0.329,0.045,0.118,0.054,0.052,0.053,0.137,0.233,0.048,0.055
396,0.272,0.044,0.054,0.048,0.035,0.052,0.209,2.951,0.059,0.057,0.188,0.052,0.056,0.049,0.115,0.183,0.249,0.049,1.278,0.268,0.24,0.16,0.055,0.054,0.05,0.034,0.051,0.028,0.054,0.053,0.053,0.505,0.057,0.39,0.232,0.055,0.045,0.198,0.048,0.375,0.35,0.16,0.05,0.228,0.053,0.329,0.045,0.118,0.054,0.052,0.053,0.137,0.233,0.048,0.055
397,0.272,0.044,0.054,0.048,0.035,0.052,0.209,2.951,0.059,0.057,0.188,0.052,0.056,0.049,0.115,0.183,0.249,0.049,1.278,0.268,0.24,0.16,0.055,0.054,0.05,0.034,0.051,0.028,0.054,0.053,0.053,0.505,0.057,0.39,0.232,0.055,0.045,0.198,0.048,0.375,0.35,0.16,0.05,0.029,0.053,0.329,0.045,0.118,0.054,0.052,0.053,0.177,0.233,0.048,0.055
398,0.272,0.044,0.054,0.048,0.035,0.052,0.209,2.951,0.059,0.057,0.188,0.196,0.056,0.049,0.115,0.183,0.249,0.049,1.278,0.268,0.24,0.16,0.055,0.054,0.05,0.034,0.051,0.028,0.054,0.053,0.053,0.484,0.057,0.521,0.232,0.055,0.045,0.198,0.048,0.375,0.35,0.16,0.05,0.029,0.053,0.329,0.045,0.058,0.054,0.052,0.053,0.197,0.047,0.048,0.055
399,0.272,0.044,0.054,0.048,0.035,0.052,0.209,2.951,0.059,0.057,0.188,0.196,0.056,0.049,0.115,0.3,0.249,0.049,1.278,0.268,0.24,0.16,0.055,0.054,0.05,0.034,0.051,0.028,0.054,0.053,0.053,0.484,0.057,0.521,0.232,0.055,0.045,0.198,0.048,0.375,0.35,0.16,0.05,0.029,0.053,0.329,0.045,0.058,0.054,0.052,0.053,0.157,0.047,0.048,0.26
400,0.272,0.044,0.054,0.048,0.035,0.052,0.209,2.931,0.059,0.057,0.188,0.196,0.056,0.049,0.115,0.3,0.249,0.049,1.278,0.268,0.24,0.16,0.055,0.054,0.05,0.208,0.051,0.028,0.054,0.053,0.053,0.484,0.057,0.521,0.232,0.055,0.045,0.198,0.048,0.375,0.241,0.16,0.05,0.029,0.053,0.329,0.045,0.07,0.054,0.052,0.053,0.157,0.047,0.048,0.379
401,0.272,0.044,0.054,0.048,0.035,0.284,0.209,2.971,0.059,0.057,0.188,0.196,0.056,0.049,0.115,0.3,0.249,0.049,1.278,0.268,0.24,0.16,0.055,0.054,0.05,0.208,0.051,0.028,0.054,0.053,0.053,0.484,0.057,0.521,0.232,0.055,0.045,0.198,0.048,0.375,0.241,0.16,0.05,0.029,0.053,0.269,0.045,0.07,0.054,0.052,0.053,0.157,0.047,0.048,0.379
402,0.272,0.044,0.054,0.048,0.035,0.284,0.209,2.971,0.059,0.057,0.188,0.196,0.056,0.049,0.115,0.3,0.249,0.049,1.278,0.268,0.24,0.16,0.055,0.054,0.05,0.208,0.051,0.028,0.054,0.053,0.053,0.384,0.057,0.521,0.232,0.055,0.045,0.198,0.048,0.375,0.241,0.16,0.05,0.029,0.053,0.269,0.045,0.078,0.054,0.052,0.053,0.157,0.047,0.048,0.379
403,0.272,0.193,0.054,0.048,0.035,0.284,0.209,3.021,0.059,0.057,0.188,0.196,0.056,0.049,0.115,0.3,0.249,0.049,1.278,0.268,0.24,0.16,0.055,0.054,0.05,0.208,0.051,0.028,0.054,0.053,0.053,0.517,0.057,0.521,0.232,0.055,0.045,0.198,0.048,0.29,0.052,0.16,0.05,0.029,0.053,0.269,0.045,0.078,0.054,0.052,0.053,0.157,0.047,0.048,0.379
404,0.272,0.193,0.054,0.048,0.035,0.284,0.209,2.931,0.059,0.057,0.188,0.196,0.056,0.049,0.115,0.3,0.249,0.049,1.278,0.268,0.24,0.16,0.055,0.054,0.05,0.208,0.051,0.028,0.054,0.053,0.053,0.517,0.057,0.521,0.192,0.055,0.045,0.198,0.048,0.29,0.052,0.16,0.05,0.029,0.053,0.269,0.045,0.078,0.054,0.052,0.053,0.157,0.047,0.048,0.379
405,0.272,0.193,0.054,0.048,0.035,0.284,0.209,2.931,0.059,0.057,0.188,0.196,0.056,0.049,0.115,0.3,0.249,0.049,1.246,0.268,0.24,0.054,0.055,0.054,0.05,0.208,0.051,0.028,0.054,0.053,0.053,0.517,0.057,0.521,0.212,0.055,0.045,0.198,0.048,0.29,0.052,0.16,0.05,0.029,0.053,0.269,0.045,0.078,0.054,0.052,0.053,0.157,0.047,0.048,0.379
406,0.272,0.193,0.054,0.231,0.035,0.284,0.209,2.931,0.059,0.057,0.188,0.196,0.056,0.049,0.115,0.3,0.249,0.049,1.246,0.268,0.24,0.054,0.055,0.054,0.05,0.208,0.051,0.028,0.054,0.053,0.053,0.517,0.057,0.521,0.212,0.055,0.045,0.198,0.048,0.29,0.052,0.16,0.05,0.029,0.053,0.269,0.045,0.066,0.054,0.052,0.053,0.157,0.047,0.048,0.379
407,0.272,0.193,0.054,0.231,0.035,0.284,0.209,2.967,0.281,0.057,0.049,0.196,0.056,0.049,0.115,0.169,0.249,0.049,1.246,0.268,0.24,0.054,0.055,0.054,0.05,0.208,0.051,0.028,0.054,0.053,0.053,0.517,0.057,0.521,0.212,0.055,0.045,0.198,0.048,0.29,0.052,0.16,0.05,0.029,0.053,0.269,0.045,0.066,0.054,0.052,0.053,0.157,0.047,0.048,0.379
408,0.272,0.193,0.054,0.231,0.035,0.284,0.209,2.967,0.281,0.057,0.049,0.196,0.056,0.049,0.115,0.169,0.249,0.049,1.246,0.268,0.24,0.054,0.055,0.054,0.05,0.208,0.051,0.028,0.054,0.053,0.053,0.517,0.057,0.561,0.417,0.055,0.045,0.052,0.048,0.29,0.052,0.16,0.05,0.029,0.053,0.269,0.045,0.066,0.054,0.052,0.053,0.157,0.047,0.048,0.379
409,0.116,0.193,0.054,0.231,0.035,0.284,0.209,3.057,0.281,0.057,0.049,0.196,0.056,0.049,0.115,0.169,0.249,0.049,1.246,0.268,0.24,0.054,0.055,0.054,0.05,0.208,0.051,0.028,0.054,0.053,0.053,0.517,0.057,8.566,0.272,0.055,0.045,0.052,0.048,0.29,0.052,0.16,0.05,0.029,0.053,0.269,0.045,0.066,0.054,0.052,0.053,0.157,0.047,0.048,0.379
410,0.116,0.193,0.054,0.231,0.035,0.296,0.055,3.057,0.281,0.057,0.049,0.196,0.056,0.049,0.053,0.169,0.249,0.212,1.246,0.268,0.24,0.054,0.055,0.054,0.05,0.208,0.051,0.028,0.054,0.113,0.053,0.417,0.057,8.566,0.272,0.055,0.045,0.052,0.048,0.19,0.052,0.16,0.05,0.029,0.053,0.269,0.045,0.066,0.054,0.052,0.053,0.166,0.097,0.048,0.379
411,0.221,0.193,0.054,0.231,0.035,0.296,0.055,3.129,0.281,0.057,0.049,0.196,0.056,0.049,0.053,0.169,0.249,0.212,1.246,0.268,0.24,0.054,0.055,0.054,0.05,0.208,0.051,0.028,0.054,0.113,0.053,0.477,0.057,8.566,0.272,0.055,0.045,0.052,0.048,0.404,0.052,0.16,0.05,0.029,0.053,0.269,0.045,0.066,0.054,0.052,0.053,0.166,0.097,0.048,0.379
412,0.221,0.193,0.054,0.231,0.035,0.356,0.055,3.117,0.281,0.057,0.049,0.196,0.056,0.049,0.053,0.169,0.249,0.393,1.346,0.268,0.24,0.054,0.055,0.054,0.05,0.208,0.051,0.028,0.054,0.113,0.053,0.657,0.057,0.561,0.272,0.055,0.045,0.052,0.048,0.404,0.052,0.054,0.05,0.029,0.053,0.269,0.045,0.066,0.054,0.052,0.053,0.166,0.107,0.048,0.379
413,0.221,0.193,0.054,0.231,0.035,0.356,0.055,3.117,0.281,0.057,0.049,0.196,0.056,0.049,0.053,0.169,0.249,0.477,1.346,0.051,0.24,0.054,0.055,0.054,0.05,0.208,0.051,0.028,0.054,0.113,0.053,0.657,0.057,0.561,0.337,0.055,0.045,0.052,0.048,0.404,0.052,0.054,0.05,0.029,0.053,0.304,0.045,0.066,0.054,0.052,0.053,0.247,0.067,0.048,0.379
414,0.281,0.193,0.054,0.231,0.035,0.296,0.055,3.157,0.281,0.057,0.049,0.196,0.056,0.049,0.053,0.169,0.249,0.457,1.346,0.051,0.24,0.054,0.055,0.266,0.05,0.208,0.051,0.028,0.054,0.113,0.053,3.944,0.057,0.648,0.337,0.055,0.045,0.052,0.048,0.404,0.052,0.054,0.05,0.133,0.053,0.304,0.045,0.066,0.054,0.052,0.053,0.247,0.067,0.048,0.379
415,0.281,0.193,0.054,0.231,0.035,0.336,0.055,3.157,0.281,0.057,0.049,0.196,0.056,0.049,0.053,0.169,0.249,0.466,1.366,0.051,0.045,0.054,0.055,0.266,0.05,0.208,0.051,0.028,0.054,0.113,0.053,3.884,0.057,0.648,3.312,0.055,0.045,0.052,0.048,0.404,0.052,0.054,0.05,0.133,0.053,0.304,0.045,0.066,0.054,0.052,0.053,0.247,0.067,0.219,0.379
416,0.341,0.193,0.054,0.231,0.035,0.324,0.055,8.694,0.281,0.057,0.049,0.196,0.056,0.049,0.053,0.169,0.048,0.466,1.366,0.051,0.045,0.054,0.236,0.266,0.153,0.208,0.155,0.028,0.054,0.113,0.053,3.924,0.057,0.517,3.372,0.055,0.045,0.052,0.048,0.404,0.052,0.054,0.05,0.133,0.053,0.269,0.045,0.126,0.054,0.052,0.053,0.247,0.067,0.219,0.379
417,0.341,0.044,0.054,0.231,0.035,0.339,0.055,8.734,0.281,0.057,0.049,0.196,0.056,0.049,0.223,0.052,0.048,0.457,1.346,0.051,0.045,0.054,0.236,0.266,0.153,0.208,0.155,0.028,0.054,0.053,0.053,3.924,0.057,0.853,3.392,0.055,0.045,0.052,0.048,2.604,0.052,0.054,0.05,0.133,0.053,0.269,0.045,0.126,0.054,0.052,0.053,0.247,0.067,0.219,0.379
418,0.341,0.044,0.054,0.231,0.035,0.339,0.055,8.734,0.281,0.057,0.049,0.052,0.056,0.049,0.223,0.052,0.048,0.457,1.406,0.051,0.045,0.054,0.236,0.266,0.153,0.208,0.155,0.028,0.054,0.053,0.053,3.598,0.057,0.853,3.392,0.055,0.045,0.052,0.048,2.604,0.052,0.054,0.05,0.133,0.053,0.269,0.045,0.126,0.054,0.052,0.053,0.166,0.107,0.219,0.26
419,0.637,0.044,0.054,0.231,0.035,0.339,0.055,0.323,0.281,0.057,0.049,0.052,0.056,0.049,0.223,0.052,0.048,0.557,1.406,0.051,0.045,0.054,0.236,0.266,0.153,0.208,0.155,0.028,0.054,0.053,0.053,3.598,0.057,0.865,3.49,0.055,0.045,0.052,0.048,2.534,0.052,0.054,0.05,0.133,0.053,0.462,0.045,0.126,0.054,0.052,0.053,0.166,0.107,0.219,0.26
420,0.637,0.044,0.054,0.166,0.299,0.339,0.055,0.481,0.281,0.057,0.049,0.052,0.056,0.049,0.223,0.052,0.048,0.557,1.346,0.051,0.045,0.054,0.236,0.266,0.153,0.208,0.155,0.028,0.054,0.053,0.053,3.638,0.057,0.865,3.49,0.055,0.045,0.052,0.048,0.404,0.052,0.054,0.05,0.133,0.053,0.462,0.045,0.126,0.054,0.052,0.053,0.166,0.107,0.219,0.26
421,0.753,0.044,0.054,0.166,0.299,0.339,0.055,0.481,0.281,0.057,0.049,0.052,0.056,0.049,0.223,0.052,0.048,0.557,1.498,0.051,0.045,0.054,0.236,0.266,0.153,0.208,0.155,0.028,0.054,0.053,0.053,3.638,0.057,0.509,3.49,0.055,0.045,0.052,0.048,0.404,0.052,0.054,0.05,0.133,0.053,0.462,0.045,0.126,0.054,0.052,0.053,0.166,0.107,0.219,0.055
422,0.753,0.044,0.054,0.166,0.299,0.339,0.055,0.481,0.281,0.057,0.069,0.052,0.156,0.049,0.223,0.052,0.048,0.657,1.598,0.051,0.045,0.054,0.236,0.266,0.153,0.034,0.155,0.028,0.054,0.259,0.053,3.623,0.057,0.509,3.49,0.055,0.045,0.052,0.048,0.404,0.052,0.054,0.05,0.133,0.053,0.462,0.045,0.106,0.054,0.052,0.053,0.166,0.107,0.219,0.055
423,0.457,0.044,0.114,0.166,0.299,0.107,0.055,0.391,0.281,0.057,0.069,0.052,0.156,0.049,0.223,0.052,0.048,0.657,1.598,0.051,0.045,0.054,0.236,0.266,0.153,0.034,0.155,0.028,0.054,0.259,0.053,3.623,0.057,0.489,3.49,0.055,0.045,0.052,0.048,0.404,0.052,0.054,0.05,0.133,0.053,0.462,0.045,0.106,0.153,0.052,0.053,0.166,0.107,0.219,0.055
424,0.457,0.044,0.114,0.166,0.299,0.107,0.055,0.391,0.281,0.057,0.069,0.052,0.116,0.049,0.223,0.052,0.048,0.666,1.638,0.051,0.045,0.054,0.236,0.266,0.153,0.034,0.155,0.028,0.22,0.279,0.053,3.623,0.167,2.277,3.49,0.055,0.045,0.052,0.048,0.404,0.052,0.054,0.05,0.133,0.053,0.462,0.045,0.106,0.153,0.052,0.053,0.166,0.107,0.219,0.055
425,0.457,0.044,0.054,0.166,0.299,0.107,0.055,0.391,0.281,0.057,0.069,0.052,0.176,0.171,0.223,0.052,0.048,0.666,1.638,0.051,0.045,0.054,0.236,0.266,0.153,0.034,0.155,0.028,0.22,0.279,0.053,3.623,0.167,2.237,3.49,0.055,0.045,0.052,0.048,0.404,0.052,0.054,0.05,0.133,0.053,0.462,0.045,0.106,0.153,0.052,0.053,0.166,0.107,0.219,0.055
426,0.517,0.044,0.054,0.166,0.299,0.119,0.055,0.391,0.281,0.057,0.069,0.052,0.176,0.171,0.223,0.052,0.048,11.049,1.82,3.158,0.045,0.054,0.236,0.266,0.153,0.034,0.155,0.028,0.22,0.279,0.053,3.623,0.167,2.177,3.535,0.144,0.045,0.052,0.048,0.404,0.052,0.054,0.05,0.133,0.053,0.462,0.045,0.106,0.153,0.052,0.053,0.166,0.107,0.219,0.055
427,0.357,0.044,0.054,0.166,0.299,0.159,0.055,0.391,0.281,0.057,0.069,0.052,0.176,0.171,0.223,0.052,0.048,11.049,1.82,3.218,0.045,0.054,0.236,0.266,0.153,0.034,0.155,0.028,0.22,0.279,0.053,3.623,0.167,0.349,3.47,0.144,0.045,0.052,0.048,0.404,0.052,0.054,0.05,0.133,0.053,0.462,0.045,0.106,0.153,0.052,0.053,0.166,0.107,0.219,0.055
428,0.357,0.044,0.054,0.166,0.299,0.199,0.055,0.537,0.281,0.057,0.069,0.052,0.176,0.171,0.223,0.052,0.048,11.049,1.82,3.218,0.045,0.251,0.236,0.054,0.153,0.034,0.155,0.028,0.22,0.379,0.053,3.623,0.167,0.349,3.47,0.144,0.045,0.052,0.048,0.404,0.052,0.054,0.05,0.133,0.053,0.462,0.045,0.106,0.153,0.052,0.152,0.166,0.107,0.219,0.055
429,0.457,0.044,0.054,0.166,0.299,0.199,0.055,0.537,0.059,0.057,0.109,0.052,0.176,0.171,0.223,0.052,0.048,0.557,1.82,3.158,0.045,0.251,0.236,0.054,0.153,0.034,0.155,0.028,0.22,0.314,0.053,3.623,0.167,0.349,3.47,0.144,0.045,0.052,0.048,0.344,0.052,0.054,0.24,0.133,0.053,0.586,0.045,8.894,0.153,0.052,0.152,0.166,0.107,0.219,0.055
430,0.573,0.044,0.054,0.166,0.299,0.199,0.055,0.537,0.059,0.057,0.109,0.052,0.236,0.332,0.223,0.052,0.048,0.557,1.82,3.158,0.045,0.251,0.236,0.054,0.153,0.034,0.155,0.028,0.22,0.314,0.053,3.623,0.167,0.045,3.47,0.144,0.045,0.052,0.048,0.414,0.052,0.054,0.24,0.133,0.053,0.586,0.045,8.894,0.153,0.052,0.152,0.166,0.107,0.219,0.055
431,0.473,0.044,0.054,0.166,0.279,0.156,0.055,0.537,0.059,0.057,0.069,0.052,0.236,0.332,0.223,0.052,0.048,0.557,1.86,3.297,0.045,0.251,0.236,0.054,0.153,0.034,0.155,0.028,0.22,0.314,0.053,3.623,0.167,0.045,3.47,0.144,0.045,0.052,0.048,0.344,0.052,0.054,0.24,0.133,0.113,0.586,0.045,8.894,0.153,0.31,0.152,0.166,0.107,0.219,0.055
432,0.473,0.044,0.244,0.166,0.279,0.156,0.055,0.537,0.059,0.057,0.069,0.052,0.236,0.332,0.223,0.052,0.048,0.47,1.86,3.297,0.045,0.251,0.236,0.054,0.153,0.034,0.155,0.028,0.22,0.294,0.053,3.443,0.167,0.045,3.47,0.144,0.045,0.052,0.048,0.474,0.052,0.054,0.24,0.029,0.113,0.586,0.045,2.365,0.153,0.31,0.152,0.166,0.067,0.219,0.055
433,0.513,0.044,0.184,0.166,0.279,0.156,0.055,0.537,0.059,0.057,0.069,0.052,0.236,0.332,0.223,0.052,0.048,0.47,1.86,3.297,0.045,0.251,0.236,0.054,0.153,0.034,0.155,0.028,0.22,0.294,0.053,3.443,0.167,0.045,3.47,0.144,0.045,0.052,0.048,0.33,0.052,0.054,0.24,0.029,0.113,0.393,0.045,2.365,0.153,0.31,0.152,0.197,0.127,0.219,0.055
434,0.583,0.044,0.054,0.166,0.479,0.156,0.055,0.537,0.059,0.057,0.069,0.052,0.236,0.332,0.223,0.052,0.048,0.67,1.86,3.297,0.045,0.251,0.236,0.054,0.05,0.034,0.051,0.028,0.441,0.294,0.053,0.603,0.167,0.045,3.47,0.144,0.045,0.052,0.048,0.37,0.052,0.054,0.24,0.029,0.113,0.453,0.045,2.365,0.153,0.31,0.152,0.197,0.127,0.219,0.055
435,0.583,0.044,0.054,0.166,0.479,0.156,0.155,0.657,0.059,0.057,0.069,0.052,0.236,0.332,0.223,0.052,0.048,0.77,1.86,3.297,0.045,0.251,0.236,0.054,0.05,0.034,0.051,0.028,0.441,0.259,0.053,0.603,0.167,0.045,0.604,0.144,0.045,0.052,0.048,0.37,0.052,0.054,0.24,0.029,0.113,0.453,0.045,0.118,0.153,0.31,0.152,0.197,0.127,0.219,0.055
436,0.603,0.044,0.054,0.166,0.519,0.296,0.195,0.557,0.059,0.057,0.069,0.218,0.236,0.332,0.223,0.052,0.048,0.77,1.96,3.337,0.045,0.251,0.236,0.054,0.191,0.034,0.051,0.028,0.441,0.053,0.053,0.603,0.167,0.045,0.644,0.144,0.045,0.052,0.048,0.24,0.052,0.054,0.24,0.029,0.113,0.453,0.045,0.178,0.153,0.31,0.152,0.197,0.107,0.219,0.055
437,0.603,0.044,0.054,0.166,0.519,0.196,0.195,0.557,0.059,0.057,0.069,0.218,0.236,0.332,0.223,0.052,0.048,0.891,1.92,3.337,0.045,0.251,0.236,0.054,0.191,0.034,0.051,0.028,0.441,0.053,0.053,0.603,0.167,0.045,0.586,0.144,0.045,0.052,0.048,0.24,0.052,0.054,0.24,0.029,0.113,0.453,0.045,0.118,0.355,0.31,0.152,0.197,0.107,0.048,0.055
438,0.663,0.244,0.368,0.048,0.519,0.196,0.195,0.537,0.059,0.057,0.069,0.218,0.236,0.332,0.223,0.052,0.048,0.788,1.96,3.337,0.045,0.251,0.055,0.054,0.191,0.034,0.051,0.028,0.441,0.053,0.053,0.603,0.167,0.045,0.586,0.144,0.045,0.052,0.048,0.24,0.052,0.054,0.24,0.029,0.113,2.702,0.045,0.118,0.355,0.31,0.164,0.534,0.107,0.048,0.055
439,2.489,0.244,2.526,0.227,0.519,0.196,0.195,0.537,0.059,0.057,0.089,0.218,0.325,0.332,0.053,0.052,0.048,0.788,1.96,3.337,0.045,0.251,0.055,0.054,0.191,0.034,0.051,0.028,0.441,0.053,0.053,0.603,0.167,0.045,0.486,0.144,0.045,0.228,0.048,0.24,0.052,0.054,0.24,0.029,0.053,2.702,0.045,0.118,0.355,0.31,0.224,0.514,0.167,0.048,0.055
440,2.449,0.244,2.526,0.227,0.519,0.196,0.195,0.379,0.059,0.057,0.189,0.218,0.265,0.332,0.053,0.323,0.048,0.788,1.96,3.337,0.045,0.251,0.155,0.054,0.191,0.034,0.051,0.028,0.441,0.053,0.053,0.177,0.36,0.045,0.486,0.144,0.045,0.228,0.048,0.24,0.052,0.215,0.24,0.029,0.217,2.702,0.045,0.118,0.355,0.31,0.274,0.514,0.222,0.048,0.055
441,2.449,0.244,2.586,0.227,0.519,0.196,0.195,0.379,0.059,0.057,0.189,0.218,0.377,0.332,0.053,0.358,0.048,0.788,1.808,3.357,0.045,0.251,0.155,0.054,0.191,0.034,0.051,0.028,0.441,0.053,0.053,0.177,0.36,0.228,0.472,0.285,0.045,9.797,0.048,0.24,0.052,0.215,0.24,0.029,0.217,0.453,0.045,0.118,0.256,0.31,0.274,0.514,0.222,0.048,0.055
442,2.389,0.341,0.214,0.227,0.559,0.196,0.195,0.379,0.059,0.057,0.129,0.218,0.377,0.332,0.053,0.358,0.048,0.788,1.768,3.357,0.045,0.251,0.155,0.054,0.191,0.034,0.051,0.028,0.441,0.053,0.053,0.177,0.25,0.228,0.472,0.285,0.045,9.797,0.048,0.24,0.052,0.137,0.24,0.029,0.277,0.473,0.045,0.118,0.256,0.31,0.264,0.523,0.222,0.048,0.055
443,2.389,0.341,0.154,0.227,0.559,0.196,0.195,0.399,0.059,0.057,0.149,0.218,0.377,0.21,0.053,0.458,0.048,0.728,1.668,3.357,0.045,0.251,0.155,0.054,0.191,0.034,0.051,0.028,0.441,0.053,0.053,0.177,0.25,0.228,0.472,0.285,0.045,9.797,0.048,0.24,0.052,0.097,0.24,0.029,0.277,0.513,0.233,0.118,0.256,0.31,0.324,0.523,0.222,0.048,0.055
444,2.429,0.341,0.244,0.227,0.559,0.196,0.195,0.411,0.233,0.057,0.149,0.218,0.277,0.21,0.053,0.458,0.048,11.111,1.668,3.357,0.045,0.251,0.155,0.054,0.191,0.034,0.051,0.028,0.275,0.053,0.053,0.177,0.25,0.228,0.472,0.196,0.045,0.228,0.048,0.225,0.052,0.097,0.24,0.029,0.297,0.533,0.233,0.118,0.256,0.31,0.324,0.523,0.222,0.048,0.055
445,2.319,0.341,0.244,0.227,0.559,0.196,0.135,0.581,0.233,0.057,0.129,0.218,0.265,0.21,0.053,0.458,0.048,11.156,1.668,3.357,0.045,0.251,0.155,0.054,0.191,0.034,0.051,0.028,0.275,0.053,0.053,0.177,0.25,0.228,0.492,0.196,0.045,0.228,0.048,0.225,0.052,0.097,0.24,0.029,0.297,0.533,0.233,0.226,0.256,0.31,0.324,0.523,0.242,0.048,0.055
446,2.319,0.341,0.154,0.227,0.559,0.279,0.135,0.581,0.233,0.057,0.189,0.218,0.265,0.21,0.053,0.498,0.048,11.156,0.53,0.25,0.045,0.251,0.155,0.054,0.191,0.034,0.051,0.242,0.275,0.053,0.053,0.177,0.25,0.228,10.197,0.196,0.045,0.228,0.048,0.225,0.052,0.097,0.24,0.029,0.297,0.533,0.233,0.226,0.256,0.31,0.125,0.523,0.242,0.048,0.055
447,2.359,0.341,0.154,0.227,0.559,0.279,0.135,0.581,0.233,0.169,0.189,0.218,0.265,0.21,0.053,0.498,0.048,0.773,0.53,0.31,0.045,0.251,0.155,0.054,0.381,0.034,0.051,0.242,0.275,0.053,0.053,0.177,0.25,0.228,10.197,0.196,0.045,0.338,0.048,0.225,0.052,0.097,0.24,0.029,0.297,0.409,0.233,0.226,0.256,0.31,0.125,0.523,0.202,0.048,0.055
448,2.359,0.341,0.154,0.227,0.359,0.279,0.135,0.581,0.233,0.169,0.189,0.381,0.265,0.21,0.053,0.498,0.048,0.833,0.348,0.31,0.045,0.251,0.155,0.054,0.381,0.034,0.051,0.242,0.275,0.053,0.053,0.177,0.25,0.228,10.197,0.196,0.045,0.338,0.048,0.225,0.052,0.137,0.24,0.228,0.297,0.409,0.233,0.226,0.256,0.31,0.125,0.514,0.202,0.048,0.055
449,2.359,0.341,0.154,0.227,0.319,0.279,0.135,0.646,0.233,0.169,0.189,0.381,0.265,0.21,0.053,0.498,0.048,0.893,0.388,0.31,0.045,0.251,0.155,0.054,0.381,0.034,0.051,0.242,0.275,0.053,0.053,0.177,0.25,0.228,0.527,0.196,0.045,0.478,0.048,0.225,0.052,0.237,0.24,0.228,0.297,0.409,0.233,0.226,0.256,0.206,0.125,0.523,0.202,0.048,0.055
450,2.359,0.341,0.154,0.227,0.331,0.279,0.135,0.46,0.233,0.169,0.189,0.381,1.863,0.049,0.053,0.498,0.048,0.893,0.488,0.051,0.045,0.054,0.155,0.169,0.381,0.034,0.051,0.242,0.275,0.053,0.081,0.177,0.25,0.228,0.527,0.196,0.045,0.478,0.048,0.225,0.052,0.237,0.24,0.228,0.277,0.397,0.233,0.226,0.256,0.206,0.125,0.623,0.047,0.048,0.055
451,2.359,0.341,0.154,0.227,0.331,0.279,0.135,0.52,0.233,0.169,0.189,0.381,1.963,0.049,0.053,0.498,0.048,0.893,0.488,0.051,0.045,0.054,0.155,0.169,0.381,0.034,0.051,0.242,0.275,0.053,0.081,0.177,0.25,0.228,0.527,0.196,0.045,0.478,0.048,0.225,0.052,0.237,0.05,0.228,0.277,0.409,0.233,0.226,0.256,0.052,0.125,0.614,0.047,0.048,0.055
452,2.319,0.341,0.114,0.227,0.331,0.239,0.135,0.415,0.233,0.169,0.189,0.381,1.963,0.049,0.053,0.463,0.048,0.893,0.488,0.051,0.045,0.054,0.155,0.169,0.381,0.034,0.051,0.242,0.275,0.053,0.081,0.056,0.25,0.228,0.527,0.196,0.045,0.438,0.048,0.285,0.196,0.237,0.05,0.288,0.277,0.409,0.233,0.214,0.256,0.052,0.225,0.454,0.047,0.048,0.055
453,2.319,0.341,0.114,0.227,0.331,0.239,0.135,0.401,0.233,0.169,0.189,0.381,0.405,0.049,0.113,0.594,0.048,0.893,0.473,0.051,0.045,0.054,0.155,0.169,0.381,0.034,0.051,0.242,0.275,0.053,0.081,0.056,0.25,0.228,0.527,0.196,0.045,0.538,0.048,0.285,0.196,0.172,0.05,0.288,0.277,0.409,0.233,0.214,0.256,0.052,0.285,0.454,0.047,0.048,0.055
454,2.319,0.341,0.114,0.227,0.331,0.239,0.135,0.401,0.233,0.169,0.129,0.381,0.405,0.049,0.113,0.594,0.048,0.893,0.473,0.051,0.045,0.054,0.155,0.169,0.381,0.034,0.051,0.242,0.275,0.053,0.081,0.056,0.057,0.228,0.527,0.196,0.045,0.448,0.048,0.285,0.196,0.172,0.05,0.288,0.277,0.409,0.233,0.214,0.256,0.052,0.285,0.463,0.047,0.048,0.055
455,2.319,0.341,0.114,0.227,0.331,0.239,0.135,0.401,0.233,0.169,0.129,0.381,0.405,0.049,0.113,0.594,0.048,0.893,0.473,0.051,0.045,0.054,0.155,0.169,0.381,0.034,0.051,0.242,0.275,0.053,0.081,0.056,0.057,0.228,0.527,0.196,0.045,0.548,0.048,0.345,0.196,0.318,0.05,0.228,0.277,0.421,0.233,0.214,0.256,0.052,0.285,0.463,0.047,0.048,0.055
456,2.319,0.341,0.114,0.227,0.331,0.199,0.155,0.401,0.233,0.169,0.129,0.381,0.405,0.049,0.113,0.594,0.048,0.893,0.473,0.051,0.045,0.054,0.155,0.169,0.24,0.034,0.051,0.242,0.054,0.053,0.081,0.056,0.057,0.228,0.592,0.196,0.045,0.588,0.048,0.285,0.196,0.318,0.05,0.288,0.277,0.421,0.233,0.214,0.256,0.052,0.285,0.463,0.047,0.048,0.055
457,2.475,0.495,0.114,0.227,0.331,0.199,0.155,0.461,0.233,0.169,0.129,0.381,0.405,0.049,0.113,0.594,0.048,0.893,0.473,0.051,0.045,0.054,0.155,0.169,0.24,0.034,0.267,0.242,0.054,0.053,0.081,0.056,0.057,0.228,0.592,0.196,0.045,0.548,0.048,0.285,0.196,0.378,0.05,0.288,0.277,0.421,0.233,0.214,0.256,0.052,0.285,0.463,0.047,0.048,0.055
458,2.525,0.495,0.114,0.227,0.431,0.199,0.155,0.461,0.233,0.169,0.129,0.215,0.405,0.049,0.113,0.594,0.048,0.893,0.473,0.051,0.045,0.054,0.055,0.169,0.24,0.034,0.267,0.242,0.054,0.053,0.141,0.056,0.057,0.228,2.866,0.196,0.045,0.548,0.048,0.285,0.385,0.378,0.05,0.228,0.277,0.421,0.233,0.214,0.256,0.052,0.285,0.463,0.047,0.048,0.055
459,2.525,0.495,0.114,0.227,0.431,1.978,0.315,0.291,0.233,0.169,0.129,0.215,0.405,0.049,0.113,0.594,0.048,0.672,0.473,0.051,0.045,0.054,0.055,0.169,0.24,0.034,0.267,0.242,0.054,0.053,0.141,0.056,0.057,0.228,2.866,0.196,0.045,0.588,0.048,0.285,0.385,0.338,0.05,0.268,0.337,0.421,0.233,0.214,0.054,0.052,0.285,0.463,0.047,0.048,0.055
460,2.475,0.198,0.114,0.227,0.431,2.018,0.315,0.291,0.233,0.169,0.049,0.215,0.405,0.049,0.113,0.594,0.048,0.672,0.473,0.051,0.045,0.054,0.055,0.169,0.34,0.034,0.267,0.028,0.054,0.053,0.081,0.384,0.057,0.228,2.846,0.196,0.045,0.588,0.048,0.285,0.385,0.338,0.05,0.328,0.337,0.421,0.233,0.214,0.054,0.052,0.285,0.286,0.047,0.048,0.055
461,2.475,0.198,0.114,0.048,0.319,2.018,0.255,0.291,0.233,0.169,0.049,0.215,0.325,0.049,0.113,0.594,0.048,0.672,0.533,0.051,0.045,0.054,0.055,0.169,0.34,0.034,0.267,0.028,0.054,0.053,0.081,0.384,0.057,0.228,0.592,0.055,0.045,0.352,0.048,0.285,0.385,0.338,0.05,0.288,0.397,0.421,0.233,2.473,0.054,0.052,0.491,0.286,0.047,0.048,0.055
462,2.525,0.198,0.114,0.048,0.379,1.978,0.34,0.351,0.233,0.169,0.049,0.052,0.325,0.049,0.113,0.694,0.048,0.747,0.533,0.051,0.045,0.054,0.055,0.169,0.34,0.034,0.267,0.028,0.054,0.053,0.096,0.404,0.057,0.228,0.592,0.055,0.045,0.352,0.048,0.285,0.385,0.338,0.05,0.288,0.233,0.421,0.233,2.473,0.054,0.052,0.491,0.306,0.047,0.048,0.055
463,2.565,0.198,0.114,0.048,0.307,1.978,0.4,0.351,0.233,0.169,0.049,0.052,0.325,0.049,0.113,0.694,0.048,0.747,0.533,0.051,0.045,0.054,0.055,0.169,0.375,0.034,0.267,0.028,0.054,0.053,0.096,0.621,0.057,0.045,10.297,0.055,0.045,0.352,0.048,0.285,0.385,0.338,0.05,0.288,0.233,0.421,0.233,2.365,0.054,0.052,0.541,0.306,0.047,0.048,0.055
464,2.515,0.198,0.114,0.048,0.307,2.028,0.539,0.451,0.059,0.169,0.049,0.052,0.325,0.049,0.113,0.694,0.048,0.747,0.533,0.268,0.045,0.054,0.055,0.169,0.41,0.034,0.267,0.028,0.054,0.053,0.096,2.568,0.057,0.045,10.297,0.055,0.045,0.372,0.048,0.285,0.385,0.373,0.05,0.228,0.233,0.421,0.233,0.106,0.054,0.052,0.541,0.286,0.047,0.048,0.055
465,2.515,0.198,0.114,0.048,0.407,2.028,0.539,0.451,0.059,0.057,0.049,0.052,0.385,0.049,0.113,0.594,0.048,0.747,0.533,0.268,0.045,0.054,0.055,0.169,0.41,0.034,0.267,0.028,0.054,0.053,0.068,2.548,0.057,0.045,10.297,0.055,0.045,0.372,0.048,0.285,0.385,0.373,0.05,0.288,0.233,0.421,0.045,0.106,0.054,0.052,0.691,0.286,0.047,0.048,0.055
466,0.573,0.198,2.172,0.048,0.407,1.978,0.539,0.451,0.059,0.057,0.049,0.052,0.385,0.049,0.113,0.594,0.249,0.747,0.533,0.268,0.24,0.054,0.055,0.169,0.31,0.034,0.267,0.028,0.054,0.053,0.068,2.548,0.057,0.045,0.532,0.055,0.045,0.372,0.048,0.285,0.385,0.413,0.05,0.3,0.233,0.449,0.045,0.106,0.054,0.052,0.691,0.286,0.047,0.048,0.174
467,0.633,0.198,2.172,0.048,0.407,2.078,0.539,0.451,0.059,0.057,0.049,0.052,0.385,0.049,0.053,0.594,0.249,0.787,0.533,0.268,0.24,0.054,0.055,0.169,0.31,0.034,0.267,0.028,0.054,0.053,0.103,0.601,0.057,0.176,0.532,0.055,0.045,0.372,0.048,0.285,0.385,0.353,0.05,0.3,0.293,0.449,0.045,0.118,0.054,0.052,0.691,0.286,0.047,0.048,0.174
468,0.573,0.198,2.172,0.048,0.407,2.078,0.539,3.285,0.059,0.057,0.049,0.052,0.397,0.049,0.053,0.594,0.249,0.787,0.533,0.268,0.24,0.054,0.055,0.054,0.31,0.034,0.267,0.028,0.054,0.053,0.103,2.584,0.057,0.176,0.497,0.055,0.045,0.372,0.048,0.285,0.385,0.318,0.05,0.3,0.293,0.409,0.045,0.118,0.054,0.052,0.691,0.286,0.047,0.048,0.174
469,0.573,0.198,0.114,0.048,0.407,2.078,0.479,3.285,0.059,0.057,0.049,0.196,0.385,0.049,0.053,0.594,0.249,0.787,0.533,0.268,0.24,0.054,0.055,0.054,0.12,0.034,0.267,0.028,0.054,0.053,0.103,2.584,0.057,0.176,0.497,0.055,0.045,0.372,0.048,0.285,0.385,0.318,0.05,0.3,0.293,0.409,0.045,0.118,0.054,0.052,0.641,0.326,0.047,0.048,0.174
470,0.573,0.198,0.114,0.048,0.407,2.078,0.479,3.285,0.059,0.097,0.049,0.196,0.385,0.049,0.073,0.629,0.249,0.787,0.533,0.467,0.24,0.054,0.055,0.054,0.12,0.034,0.267,0.028,0.154,0.053,0.103,2.584,0.057,0.176,0.497,0.055,0.045,0.372,0.048,0.285,0.385,0.318,0.05,0.101,0.293,0.409,0.045,0.118,0.054,0.052,3.553,0.326,0.047,0.048,0.174
471,0.573,0.198,0.114,0.048,0.407,2.31,0.479,3.285,0.059,0.097,0.049,0.196,0.385,0.049,0.073,0.629,0.249,2.326,0.633,0.467,0.24,0.054,0.055,0.054,0.12,0.034,0.267,0.028,0.291,0.093,0.103,2.599,0.057,0.176,0.412,0.055,0.045,0.372,0.048,0.285,0.385,0.318,0.05,0.101,0.293,0.409,0.045,0.058,0.054,0.052,3.566,0.326,0.047,0.048,0.174
472,0.573,0.198,0.114,0.048,0.407,2.31,0.479,3.285,0.059,0.057,0.049,0.196,0.385,0.049,0.133,0.629,0.249,2.326,0.633,0.467,0.24,0.054,0.055,0.054,0.12,0.034,0.267,0.028,0.291,0.153,0.103,2.659,0.057,0.176,0.412,0.055,0.045,0.332,0.048,0.285,0.241,0.318,0.05,0.101,0.293,0.409,0.045,0.118,0.054,0.052,3.566,0.326,0.047,0.048,0.174
473,0.573,0.198,0.114,0.048,0.407,2.31,0.539,3.335,0.059,0.057,0.049,0.196,0.385,0.049,0.073,0.498,0.249,2.326,0.633,0.517,0.24,0.054,0.055,0.054,0.12,0.034,0.267,0.028,0.251,0.153,0.138,2.659,0.057,0.176,0.412,0.055,0.045,2.352,0.048,0.285,0.241,0.212,0.05,0.101,0.293,0.409,0.045,0.118,0.054,0.052,3.566,0.326,0.047,0.048,0.174
474,0.573,0.198,0.114,0.048,0.275,2.31,0.539,3.285,0.059,0.157,0.049,0.196,0.385,0.049,0.073,0.518,0.249,0.712,0.648,0.637,0.24,0.16,0.055,0.054,0.12,0.034,0.267,0.028,0.311,0.153,0.138,2.659,0.057,0.176,0.352,0.055,0.045,2.558,0.048,0.285,0.241,0.212,0.05,0.101,0.293,0.409,0.045,0.118,0.054,0.052,3.566,0.326,0.047,0.048,0.174
475,0.573,0.198,0.114,0.048,0.275,2.31,0.454,3.285,0.059,0.157,0.049,0.196,1.983,0.049,0.073,0.518,0.249,0.612,0.648,0.817,0.24,0.16,0.055,0.054,0.12,0.034,0.267,0.028,0.251,0.153,0.147,2.659,0.057,0.176,0.352,0.055,0.045,2.558,0.048,0.285,0.241,0.172,0.05,0.101,0.293,0.409,0.045,0.118,0.054,0.052,3.566,0.326,0.047,0.048,0.174
476,0.508,0.198,0.114,0.048,0.275,2.31,0.454,3.285,0.059,0.257,0.049,0.196,1.983,0.049,0.073,0.518,0.249,0.624,9.647,0.877,0.24,0.16,0.055,0.054,0.085,0.034,0.267,0.028,0.251,0.153,0.103,2.659,0.057,0.176,0.452,0.055,0.045,0.478,0.048,0.285,0.241,0.172,0.05,0.089,0.293,0.409,0.045,0.118,0.054,0.052,3.566,0.326,0.047,0.048,0.174
477,0.508,0.044,0.114,0.048,0.275,2.319,0.454,3.285,0.059,0.272,0.049,0.196,1.983,0.049,0.073,2.52,0.249,0.696,9.647,0.857,0.24,0.16,0.055,0.054,0.085,0.034,0.267,0.028,0.251,0.273,0.103,2.659,0.057,0.176,0.452,0.055,0.045,0.478,0.048,0.225,0.241,0.159,0.05,0.149,0.293,0.349,0.045,0.118,0.054,0.052,3.506,0.326,0.233,0.048,0.174
478,0.548,0.193,0.114,0.231,0.275,2.31,0.454,3.285,0.059,0.272,0.049,0.196,0.385,0.049,0.073,2.392,0.249,0.656,9.647,0.797,0.24,0.16,0.055,0.054,0.085,0.034,0.267,0.028,0.251,0.273,0.103,2.659,0.057,0.176,0.512,0.055,0.045,0.478,0.048,0.225,0.241,0.159,0.05,0.149,0.293,0.289,0.045,0.118,0.054,0.052,3.506,0.326,0.233,0.048,0.174
479,0.392,0.193,0.114,0.349,0.275,2.31,0.454,3.285,0.059,0.272,0.049,0.196,0.325,0.049,0.073,2.392,0.249,0.656,0.648,0.797,0.24,0.16,0.055,0.054,0.155,0.034,0.051,0.028,0.251,0.273,0.163,2.659,0.057,0.176,0.512,0.055,0.045,0.478,0.048,0.225,0.241,0.159,0.05,0.029,0.293,0.289,0.045,0.166,0.054,0.052,3.506,0.326,0.233,0.048,0.174
480,0.392,0.193,0.114,0.349,0.035,2.31,0.554,3.249,0.059,0.332,0.049,0.196,0.385,0.049,0.073,4.459,0.294,0.656,0.648,0.837,0.24,0.16,0.055,0.075,0.155,0.034,0.051,0.028,0.251,0.053,0.163,2.659,0.057,0.176,0.512,0.055,0.045,0.478,0.048,0.225,0.052,0.159,0.05,0.029,0.353,0.301,0.045,0.166,0.054,0.052,3.506,0.326,0.233,2.271,0.174
481,0.392,0.193,0.114,0.349,0.035,2.41,0.454,3.249,0.059,0.372,0.049,0.196,0.385,0.049,0.073,4.459,0.334,0.596,0.548,0.837,0.24,0.16,0.055,0.075,0.155,0.034,0.051,0.028,0.251,0.053,0.163,2.659,0.057,0.176,0.547,0.055,0.045,0.478,0.048,0.225,0.052,0.159,0.05,0.029,0.353,0.261,0.045,0.106,0.054,0.052,3.506,0.366,0.293,2.271,0.379
482,0.392,0.193,0.114,0.349,0.035,2.31,0.454,3.189,0.059,0.332,0.049,0.196,0.325,0.049,0.123,4.459,0.334,0.596,0.548,0.837,0.24,0.16,0.055,0.075,0.19,0.034,0.051,0.028,0.251,0.053,0.163,2.659,0.057,0.176,0.547,0.144,0.045,0.478,0.048,0.225,0.052,0.311,0.05,0.029,0.323,0.261,0.045,0.166,0.054,0.052,3.506,0.366,0.293,0.108,0.379
483,0.392,0.193,0.114,0.349,0.035,2.41,0.608,3.189,0.059,0.332,0.049,0.196,0.325,0.049,0.123,2.434,0.334,0.656,0.548,0.837,0.24,0.16,0.055,0.115,0.19,0.034,0.051,0.028,0.251,0.053,0.163,2.879,0.057,0.176,3.522,0.144,0.045,0.518,0.048,0.225,0.052,0.311,0.05,0.149,0.323,0.261,0.045,0.166,0.054,0.052,3.356,0.366,0.293,0.048,0.379
484,0.332,0.193,0.114,0.349,0.035,2.41,0.608,3.347,0.059,0.272,0.049,0.196,0.325,0.049,0.163,2.434,0.334,0.656,0.548,0.837,0.24,0.16,0.055,0.115,0.25,0.034,0.051,0.028,0.251,0.053,0.163,2.899,0.057,0.176,3.522,0.144,0.045,0.518,0.048,0.225,0.052,0.311,0.05,0.089,0.363,7.804,0.045,0.106,0.054,0.052,3.344,0.326,0.293,0.048,0.26
485,0.432,0.193,8.308,0.349,0.035,2.41,0.608,3.347,0.162,0.172,0.049,0.196,0.365,0.049,0.163,2.494,0.334,2.639,0.508,0.837,0.24,0.16,0.055,0.115,0.19,0.034,0.051,0.028,0.191,0.053,0.163,2.682,0.057,0.045,3.462,0.144,0.045,0.518,0.048,0.225,0.052,0.311,0.05,0.089,0.363,7.804,0.045,0.106,0.054,0.052,3.494,0.326,0.293,0.108,0.26
486,0.432,0.193,8.308,0.349,0.035,0.596,0.608,3.347,0.162,0.172,0.049,0.196,0.365,0.049,0.163,2.494,0.334,2.639,0.448,0.62,0.24,0.16,0.055,0.115,0.225,0.034,0.051,0.028,0.191,0.053,0.163,2.682,0.057,0.045,3.462,0.144,0.045,0.518,0.048,0.225,0.052,0.281,0.05,0.089,0.363,7.844,0.045,0.146,0.054,0.152,3.494,0.366,0.293,0.117,0.26
487,0.432,0.193,8.308,0.349,0.035,0.596,0.608,3.407,0.162,0.172,0.049,0.196,0.365,0.049,0.163,2.474,0.294,2.639,0.448,0.62,0.24,0.16,0.055,0.115,0.285,0.208,0.051,0.028,0.191,0.053,0.163,2.682,0.057,0.045,3.462,0.144,0.045,0.518,0.048,0.225,0.052,0.281,0.05,0.101,0.363,0.365,0.045,0.118,0.054,0.152,3.494,0.366,0.293,0.092,0.26
488,0.432,0.193,0.114,0.349,0.035,0.646,0.668,0.573,0.162,0.232,0.049,0.196,0.365,0.049,0.353,2.474,0.093,2.639,0.448,0.911,0.045,0.16,0.055,0.115,0.35,0.208,0.051,0.028,0.203,0.053,0.163,2.682,0.057,0.045,3.635,0.144,0.045,0.518,0.048,0.225,0.052,0.281,0.05,0.101,0.363,0.365,0.045,0.118,0.054,0.152,3.494,0.326,0.293,0.092,0.26
489,0.432,0.193,0.114,0.349,0.035,0.746,0.668,0.573,0.162,0.232,0.049,0.052,0.365,0.049,0.353,2.474,0.168,2.639,0.448,0.911,0.045,0.16,0.055,0.287,0.41,0.208,0.051,0.028,0.203,0.053,0.163,0.82,0.057,0.045,3.9,0.144,0.045,0.498,0.048,0.225,0.052,0.281,0.05,0.101,0.363,0.405,0.045,0.118,0.054,0.152,3.344,0.326,0.353,0.092,0.26
490,0.432,0.193,0.114,0.349,0.035,0.746,0.628,0.573,0.162,0.232,0.049,0.052,0.365,0.049,0.413,2.574,0.168,2.639,0.448,0.911,0.045,0.16,0.055,0.287,0.41,0.208,0.155,0.028,0.203,0.053,0.163,0.82,0.167,0.045,3.92,0.144,0.08,0.398,0.048,0.225,0.052,0.281,0.05,0.089,0.363,0.405,0.045,0.13,0.054,0.152,0.432,0.326,0.348,0.132,0.26
491,0.492,0.193,0.114,0.349,0.035,0.746,0.628,0.513,0.162,0.232,0.049,0.052,0.365,0.049,0.413,2.574,0.168,2.639,0.448,0.911,0.045,0.16,0.055,0.287,0.41,0.208,0.155,0.028,0.378,0.053,0.163,0.82,0.167,0.045,3.9,0.144,0.08,0.398,0.048,0.225,0.052,0.281,0.05,0.089,0.363,0.598,0.045,0.19,0.054,0.187,0.432,0.326,0.348,0.132,0.26
492,0.492,0.044,0.174,0.166,0.035,0.766,0.628,0.395,0.162,0.232,0.049,0.052,0.965,0.049,0.503,2.634,0.168,2.685,0.448,0.44,0.045,0.054,0.236,0.287,0.41,0.208,0.155,0.028,10.38,0.259,0.191,0.82,0.167,0.045,3.9,0.144,0.151,0.488,0.048,0.225,0.161,0.301,0.05,0.089,0.423,0.598,0.045,0.19,0.054,0.187,0.432,0.226,0.348,0.132,0.26
493,0.552,0.044,0.174,0.166,0.035,0.534,0.628,0.395,0.162,0.232,0.049,0.052,0.965,0.049,0.483,2.634,0.228,2.685,0.448,0.44,0.045,0.054,0.236,0.337,0.37,0.208,0.155,0.028,10.44,0.259,0.191,0.82,0.167,0.045,3.9,0.144,0.151,0.488,0.048,0.225,0.161,0.341,0.05,0.089,0.423,0.558,0.045,0.19,0.054,0.187,0.532,0.375,0.348,0.224,0.26
494,0.492,0.044,0.174,0.166,0.035,0.434,0.628,3.229,0.234,0.232,0.049,0.052,0.805,0.049,0.433,2.594,0.228,2.705,0.448,0.44,0.045,0.054,0.236,0.287,0.73,0.208,0.155,0.028,10.44,0.259,0.291,0.82,0.167,0.045,3.9,0.144,0.151,0.342,0.048,0.225,0.161,0.341,0.05,0.089,0.423,0.558,0.045,0.25,0.054,0.247,0.532,0.375,0.448,0.224,0.26
495,0.492,0.044,0.114,0.166,0.035,0.384,0.728,3.333,0.234,0.232,0.049,0.052,0.805,0.049,0.433,2.606,0.228,2.805,0.468,0.44,0.045,0.054,0.236,0.287,0.765,0.208,0.155,0.028,0.338,0.259,0.291,0.82,0.167,0.045,3.9,0.144,0.151,0.342,0.048,0.225,0.161,0.341,0.05,0.089,0.423,0.558,0.045,0.25,0.054,0.247,0.582,0.375,0.408,0.264,0.26
496,0.492,0.141,0.174,0.166,0.035,0.324,0.728,3.353,0.234,0.232,0.049,0.052,0.805,0.049,0.433,2.546,0.228,2.685,0.498,0.44,0.045,0.054,0.236,0.287,0.765,0.328,0.155,0.028,0.338,0.259,0.291,0.82,0.167,0.045,3.9,0.144,0.151,0.342,0.048,0.225,0.161,0.341,0.05,0.089,0.423,0.558,0.045,0.19,0.054,0.087,0.582,8.267,0.408,0.264,0.26
497,0.432,0.141,0.114,0.048,0.035,0.324,0.628,3.353,0.234,0.232,0.049,0.052,0.805,0.049,0.433,0.444,0.228,2.7,0.68,0.34,0.045,0.054,0.236,0.287,0.705,0.268,0.155,0.028,0.564,0.259,0.191,0.76,0.167,0.045,3.9,0.144,0.151,0.342,0.048,0.225,0.161,0.301,0.05,0.089,0.423,0.558,0.045,0.19,0.054,0.087,0.532,8.267,0.468,0.229,0.26
498,0.432,0.141,0.114,0.048,0.035,0.324,0.528,3.383,0.234,0.232,0.049,0.052,0.305,0.049,0.433,0.444,0.288,2.625,0.68,0.34,0.045,0.054,0.236,0.287,0.37,0.208,0.155,0.028,0.564,0.259,0.191,0.76,0.167,0.045,3.695,0.144,0.1,0.342,0.048,0.31,0.161,0.314,0.05,0.089,0.423,0.558,0.045,0.19,0.054,0.087,0.532,8.267,0.468,0.229,0.26
499,0.472,0.141,0.114,0.048,0.035,0.324,0.528,3.323,0.234,0.232,0.049,0.052,0.305,0.049,0.283,0.444,0.288,2.625,0.68,0.28,0.045,0.054,0.236,0.287,0.37,0.208,0.155,0.028,0.564,0.259,0.191,0.72,0.167,0.045,3.813,0.144,0.1,0.342,0.048,0.31,0.161,0.314,0.05,0.089,0.423,0.558,0.045,0.19,0.054,0.052,0.532,0.416,0.282,0.229,0.26
500,0.472,0.141,0.114,0.048,0.035,0.364,0.209,3.219,0.131,0.232,0.049,0.052,0.265,0.049,0.283,0.444,0.288,2.786,0.68,0.051,0.045,0.054,0.236,0.266,0.37,0.208,0.155,0.028,0.564,0.259,0.271,0.72,0.167,0.045,3.813,0.055,0.1,0.382,0.048,0.442,0.161,0.314,0.05,0.089,0.423,0.526,0.045,0.19,0.054,0.206,0.532,0.429,0.282,0.229,0.26
501,0.472,0.141,0.114,0.048,0.035,0.364,0.209,3.219,0.131,0.132,0.049,0.052,0.265,0.049,0.283,0.444,0.288,2.795,0.68,0.051,0.045,0.054,0.236,0.266,0.37,0.208,0.155,0.028,0.564,0.259,0.271,0.76,0.167,0.045,3.813,0.055,0.089,0.342,0.048,0.442,0.161,0.314,0.05,0.101,0.423,0.526,0.145,0.13,0.054,0.206,0.472,0.429,0.167,0.149,0.26
502,0.594,0.141,0.114,0.048,0.035,0.364,0.209,5.042,2.114,0.172,0.049,0.052,0.205,0.049,0.343,0.444,0.288,2.795,0.68,0.051,0.045,0.054,0.236,0.266,0.37,0.208,0.155,0.028,0.564,0.259,0.271,0.72,0.167,0.045,3.813,0.055,0.054,0.377,0.048,0.442,0.161,0.279,0.05,0.101,0.423,0.402,0.145,0.13,0.054,0.206,0.472,0.429,0.167,0.209,0.26
503,0.594,0.141,0.114,0.048,0.035,0.376,0.209,5.042,2.114,0.172,0.049,0.218,0.305,0.049,0.343,0.444,0.288,2.895,0.68,0.051,0.045,0.251,0.236,0.054,0.37,0.208,0.155,0.028,0.785,0.259,0.271,0.54,0.167,0.045,0.838,0.055,0.054,0.377,0.048,0.442,0.161,0.314,0.05,0.161,0.423,0.402,0.145,0.238,0.054,0.206,0.372,0.489,0.167,0.309,0.055
504,0.594,0.141,0.114,0.048,0.035,0.376,0.209,4.884,2.114,0.172,0.049,0.218,0.305,0.049,0.283,0.594,0.288,2.895,0.68,0.051,0.045,0.251,0.236,0.054,0.37,0.208,0.155,0.028,0.785,0.259,0.321,0.54,0.167,0.045,0.838,0.055,0.054,0.377,0.048,0.442,0.161,0.314,0.05,0.161,0.423,0.402,0.145,0.238,0.054,0.206,0.372,0.489,0.282,0.309,0.055
505,0.594,0.141,0.114,0.048,0.035,0.376,0.055,3.121,2.114,0.172,0.188,0.218,0.305,0.049,0.283,0.711,0.288,2.955,0.68,0.051,0.045,0.251,0.236,0.054,0.37,0.208,0.155,0.028,0.785,0.259,0.321,0.54,0.167,0.045,0.838,0.055,0.054,0.477,0.048,0.442,0.161,0.554,0.05,0.161,0.423,0.209,0.145,0.238,0.054,0.206,0.522,0.489,0.282,0.249,0.055
506,0.654,0.141,0.114,0.048,0.035,0.476,0.055,3.121,2.114,0.172,0.188,0.218,0.805,0.049,0.283,0.711,0.288,0.972,0.68,0.051,0.045,0.251,0.236,0.054,0.37,0.208,0.155,0.028,0.885,0.053,0.321,0.54,0.167,0.045,0.838,0.055,0.054,0.477,0.048,0.442,0.161,0.454,0.05,0.101,0.423,0.209,0.145,0.238,0.153,0.206,0.522,0.489,0.272,0.289,0.055
507,0.654,0.141,0.114,0.048,0.035,0.476,0.055,3.121,2.288,0.172,0.188,0.218,0.805,0.049,0.283,0.711,0.288,0.972,0.68,0.051,0.045,0.251,0.236,0.054,0.43,0.208,0.155,0.028,0.985,0.053,0.321,0.419,0.167,0.045,0.838,0.055,0.054,0.477,0.048,0.442,0.161,0.454,0.05,0.101,0.423,0.209,0.145,0.238,0.153,0.206,0.522,0.469,0.312,0.329,0.055
508,0.654,0.141,0.114,0.048,0.035,0.476,0.055,3.307,2.288,0.172,0.188,0.218,0.705,0.049,0.283,0.711,0.228,0.963,0.68,0.051,0.045,0.251,0.236,0.054,0.43,0.208,0.051,0.028,1.02,0.053,0.321,0.419,0.057,0.045,0.838,0.055,0.054,0.477,0.048,0.502,0.161,0.494,0.05,0.101,0.423,0.209,0.145,0.226,0.153,0.206,0.572,0.469,0.197,0.329,0.055
509,0.654,0.141,0.114,0.048,0.035,0.476,0.055,3.207,2.288,0.172,0.188,0.218,0.685,0.049,0.283,0.611,0.228,0.963,0.832,0.051,0.045,0.251,0.236,0.054,0.51,0.134,0.051,0.028,1.02,0.053,0.321,0.419,0.057,0.045,10.543,0.055,0.054,0.477,0.048,0.502,0.161,0.494,0.05,0.389,0.423,0.209,0.045,0.226,0.153,0.206,0.572,0.388,0.157,0.508,0.055
510,0.654,0.141,0.114,0.048,0.035,0.476,0.055,3.207,2.288,0.172,0.188,0.218,0.685,0.049,0.113,0.611,0.228,1.023,0.872,0.051,0.045,0.251,0.236,0.054,0.55,0.134,0.051,0.028,0.441,0.053,0.321,0.128,0.057,0.045,10.37,0.055,0.054,0.437,0.048,0.502,0.052,0.494,0.05,0.389,0.423,0.329,0.045,0.266,0.153,0.206,0.572,0.388,0.157,0.508,0.055
511,0.654,0.141,0.114,0.048,0.035,0.476,0.055,3.207,2.288,0.172,0.188,0.218,0.745,0.049,0.113,0.611,0.228,0.963,0.872,0.051,0.045,0.251,0.236,0.054,0.45,0.134,0.051,0.028,0.441,0.053,0.321,0.128,0.25,0.045,10.37,0.055,0.054,0.537,0.048,0.502,0.052,0.494,0.05,0.401,0.423,0.329,0.045,0.266,0.153,0.206,0.611,0.388,0.157,0.568,0.055
512,0.654,0.341,0.114,0.048,0.035,0.476,0.055,3.207,2.288,0.172,0.188,0.218,0.716,0.049,0.173,0.62,0.248,0.963,0.832,0.051,0.045,0.251,0.236,0.054,0.415,0.134,0.051,0.028,0.441,0.053,0.321,0.128,0.27,0.045,0.665,0.055,0.054,0.502,0.048,0.502,0.112,0.454,0.05,0.521,0.423,0.329,0.045,0.266,0.153,0.206,0.611,0.525,0.192,0.568,0.055
513,0.654,0.341,0.114,0.048,0.035,0.436,0.055,3.207,2.51,0.172,0.188,0.218,9.242,0.171,0.173,0.62,0.228,0.963,0.732,0.051,0.045,0.251,0.236,0.054,0.475,0.189,0.051,0.028,0.441,0.053,0.321,0.128,0.27,0.045,0.565,0.055,0.054,0.462,0.048,0.502,0.112,0.454,0.05,0.401,0.423,0.329,0.045,0.266,0.153,0.206,0.611,0.685,0.192,0.508,0.055
514,0.654,0.244,0.114,0.048,0.035,0.336,0.055,0.373,2.51,0.212,0.188,0.218,9.242,0.171,0.113,0.62,0.228,0.963,0.732,0.051,0.045,0.251,0.055,0.054,2.529,0.189,0.051,0.028,0.441,0.053,0.321,0.128,0.27,0.045,0.565,0.067,0.054,0.462,0.048,0.49,0.112,0.454,0.05,0.401,0.423,0.329,0.045,0.266,0.153,0.206,0.651,0.685,0.192,0.508,0.055
515,0.654,0.244,0.114,0.048,0.035,0.336,0.055,0.373,2.51,0.287,0.188,0.218,9.242,0.171,0.113,0.62,0.228,0.963,0.732,0.051,0.045,0.251,0.055,0.054,2.822,0.189,0.051,0.028,0.441,0.053,0.321,0.128,0.27,0.045,0.565,0.067,0.054,0.462,0.048,0.49,0.125,0.454,0.24,0.505,0.423,0.329,0.045,0.266,0.153,0.206,0.711,0.685,0.192,0.508,0.055
516,0.77,0.244,0.114,0.048,0.235,0.391,0.055,0.373,2.51,0.287,0.188,0.218,0.716,0.171,0.113,0.62,0.228,0.963,0.732,0.051,0.045,0.251,0.055,0.054,2.822,0.189,0.051,0.028,0.441,0.053,0.321,0.128,0.25,0.045,0.565,0.067,0.054,0.462,0.048,0.49,0.125,0.454,0.24,0.445,0.423,0.329,0.045,0.266,0.153,0.206,0.711,0.685,0.192,0.408,0.055
517,0.77,0.244,0.114,0.048,0.235,0.391,0.055,0.373,2.51,0.287,0.188,0.218,0.716,0.171,0.113,0.62,0.268,0.963,0.732,0.051,0.045,0.251,0.055,0.054,0.969,0.189,0.051,0.028,0.275,0.053,0.321,0.128,0.25,0.045,0.447,0.067,0.089,0.462,0.048,0.49,0.125,0.454,0.24,0.445,0.423,0.329,0.045,0.206,0.153,0.206,0.711,0.685,0.192,0.408,0.055
518,0.93,0.244,0.114,0.048,0.235,0.371,0.055,0.373,2.51,0.247,0.188,0.218,0.716,0.171,0.113,0.68,0.268,1.063,0.732,0.051,0.045,0.251,0.055,0.054,0.909,0.189,0.051,0.028,0.275,0.053,0.321,0.128,0.25,0.045,0.447,0.067,0.089,0.502,0.048,0.358,0.125,0.454,0.24,0.644,0.383,0.329,0.045,0.206,0.153,0.206,0.711,0.685,0.192,0.408,0.055
519,0.89,0.244,0.114,0.048,0.235,0.371,0.055,0.373,2.51,0.247,0.188,0.218,0.716,0.171,0.113,0.671,0.268,1.063,0.55,0.051,0.045,0.251,0.055,0.054,0.959,0.189,0.051,0.028,0.275,0.053,0.321,0.128,0.25,0.228,3.422,0.067,0.089,0.502,0.048,0.358,0.125,0.454,0.24,0.644,0.383,0.329,0.045,0.206,0.355,0.206,0.711,0.785,0.212,0.408,0.055
520,0.85,0.244,0.114,0.048,0.235,0.371,0.055,0.229,2.51,0.247,0.188,0.218,0.716,0.171,0.113,0.862,0.268,0.902,0.55,0.051,0.045,0.251,0.055,0.054,0.899,0.189,0.051,0.52,0.275,0.053,0.321,0.128,0.282,0.228,3.422,0.067,0.054,0.602,0.048,0.358,0.052,0.454,0.24,0.644,0.383,0.329,0.045,0.206,0.355,0.052,0.711,0.785,0.212,0.408,0.055
521,0.79,0.244,0.114,0.048,0.235,0.371,0.055,0.229,2.51,0.172,0.188,0.218,0.716,0.171,0.263,0.862,0.268,0.902,0.55,0.051,0.045,0.251,0.055,0.054,0.964,0.189,0.051,0.52,0.275,0.053,0.321,0.128,0.282,0.228,3.434,0.067,2.455,0.602,0.048,0.318,0.052,0.454,0.24,0.644,0.383,0.329,0.045,0.098,0.355,0.052,0.711,0.776,0.192,0.408,0.055
522,0.79,0.244,0.114,0.048,0.235,0.371,0.055,0.229,2.51,0.172,0.188,0.218,0.716,0.171,0.263,0.862,0.228,0.902,0.55,0.051,0.045,0.251,0.055,0.054,0.964,0.189,0.051,0.52,0.275,0.053,0.306,0.128,0.262,0.228,3.434,0.067,2.455,0.602,0.048,0.318,0.052,0.419,0.24,0.644,0.383,0.169,0.045,0.098,0.355,0.052,0.711,0.785,0.247,0.408,0.055
523,0.946,0.244,0.114,0.048,0.235,0.371,0.055,0.229,0.527,0.172,0.188,0.218,0.656,0.171,0.263,0.685,0.228,0.842,0.55,0.051,0.045,0.251,0.055,0.054,0.899,0.189,0.051,0.62,0.275,0.053,0.306,0.128,0.282,0.228,3.374,0.067,2.455,0.602,0.048,0.318,0.052,0.419,0.24,0.644,0.547,0.169,0.045,0.098,0.355,0.052,0.651,0.785,0.247,0.408,0.055
524,0.846,0.244,0.114,0.048,0.235,0.371,0.055,0.229,0.527,0.172,0.188,0.218,0.656,0.171,0.263,0.685,0.228,0.742,0.55,0.051,0.045,0.251,0.055,0.054,0.899,0.189,0.051,0.685,0.275,0.053,0.342,0.128,0.282,0.228,3.374,0.067,2.455,2.622,0.048,0.333,0.052,0.419,0.24,0.644,0.547,0.169,0.045,0.098,0.256,0.052,0.601,0.785,0.247,0.408,0.055
525,0.846,0.244,0.114,0.048,0.235,0.371,0.055,0.229,0.527,0.284,0.049,0.052,0.656,0.171,0.263,0.685,0.228,0.742,0.55,0.051,0.045,0.054,0.055,0.054,0.914,0.189,0.051,0.685,0.054,0.053,0.342,0.128,0.089,0.228,3.374,0.067,2.455,2.692,0.048,0.333,0.052,0.419,0.24,0.644,0.547,0.157,0.045,0.098,0.256,0.052,0.601,0.785,0.247,0.368,0.055
526,0.846,0.244,0.114,0.048,0.235,0.371,0.055,0.229,0.527,0.284,0.049,0.052,0.716,0.171,0.213,0.785,0.228,0.742,0.55,0.051,0.045,0.054,0.055,0.054,0.914,0.289,0.267,0.685,0.054,0.053,0.342,0.128,0.069,0.228,3.374,0.067,2.455,2.622,0.048,0.333,0.052,2.689,0.24,0.644,0.547,0.049,0.045,0.098,0.256,0.052,0.701,0.785,0.192,0.368,0.055
527,1.142,0.244,0.114,0.048,0.235,0.371,0.055,0.229,0.353,0.284,0.049,0.052,0.716,0.171,0.213,0.735,0.228,0.742,0.55,0.051,0.045,0.054,0.155,0.054,0.914,0.289,0.267,0.785,0.054,0.053,0.342,0.128,0.069,0.228,3.374,0.067,2.455,0.524,0.048,0.333,0.052,2.689,0.24,0.644,0.547,0.049,0.045,0.098,0.256,0.052,0.701,0.625,0.192,0.368,0.055
528,1.142,0.244,0.114,0.227,0.235,0.371,0.055,0.229,0.353,0.356,0.049,0.052,0.716,0.171,0.213,0.735,0.228,2.356,0.55,0.051,0.045,0.054,0.155,0.054,0.914,0.289,0.267,0.785,0.054,0.053,0.342,0.128,0.069,0.228,3.374,0.067,2.455,0.524,0.048,0.333,0.052,2.755,0.24,0.644,0.547,0.049,0.045,0.098,0.256,0.052,0.701,0.625,0.192,0.368,0.055
529,1.142,0.244,0.114,0.227,0.235,0.386,0.055,0.229,0.353,0.356,0.049,0.052,0.716,0.171,0.213,0.735,0.228,2.256,0.398,0.051,0.045,0.054,0.155,0.054,0.914,0.289,0.267,0.62,0.054,0.053,0.342,0.128,0.069,0.228,3.374,0.067,2.455,0.512,0.048,0.333,0.052,2.755,0.24,0.644,0.547,0.049,0.233,0.098,0.256,0.052,0.602,0.625,0.192,0.368,0.055
530,1.142,0.244,0.114,0.227,0.035,0.386,0.055,0.043,0.353,0.356,0.049,0.052,0.716,0.171,0.213,0.735,0.228,2.216,2.414,0.051,0.045,0.054,0.155,0.054,0.914,0.189,0.267,0.62,0.054,0.053,0.342,0.128,0.069,0.228,3.374,0.067,2.455,0.512,0.048,0.333,0.052,2.755,0.24,0.644,0.547,0.061,0.34,0.098,0.256,0.052,0.602,0.625,0.132,0.368,0.055
531,0.846,0.244,0.114,0.227,0.035,0.386,0.055,0.043,0.353,0.356,0.049,0.052,0.716,0.16,0.213,0.735,0.228,0.823,2.414,0.268,0.045,0.054,0.155,0.054,0.894,0.189,0.267,0.52,0.054,0.053,0.351,0.128,0.069,0.228,3.374,0.067,2.455,0.512,0.048,0.333,0.052,2.755,0.24,0.632,0.547,0.061,0.34,0.098,0.256,0.052,0.489,0.625,0.152,0.197,0.055
532,0.846,0.244,0.114,0.227,0.035,0.386,0.055,0.043,0.353,0.356,0.049,0.052,0.216,0.16,0.213,0.695,0.228,0.823,2.414,0.268,0.045,0.054,0.155,0.169,0.894,0.189,0.267,0.52,0.054,0.053,0.351,0.128,0.069,0.228,3.374,0.067,2.455,0.512,0.048,0.333,0.052,2.755,0.24,0.632,0.547,0.061,0.34,0.098,0.256,0.052,0.489,0.625,0.152,0.197,0.055
533,0.846,0.244,0.114,0.227,0.035,0.386,0.055,0.043,0.353,0.356,0.049,0.052,0.216,0.16,0.213,0.695,0.228,0.823,0.358,0.268,0.045,0.054,0.155,0.169,0.791,0.134,0.267,0.52,0.054,0.053,0.351,0.128,0.069,0.228,3.374,0.067,2.455,0.512,0.048,0.333,0.052,2.755,0.24,0.528,0.487,0.061,0.34,0.098,0.256,0.052,0.489,0.625,0.132,0.197,0.055
534,0.73,0.198,0.114,0.227,0.035,0.386,0.055,0.043,0.353,0.356,0.049,0.052,0.216,0.16,0.213,0.655,0.429,0.723,0.343,0.268,0.045,0.054,0.155,0.169,0.731,0.134,0.267,0.306,0.054,0.053,0.323,0.128,0.069,0.228,3.374,0.067,2.455,0.512,0.048,0.333,0.052,2.755,0.24,0.528,0.487,0.061,0.34,0.098,0.256,0.052,0.505,0.348,0.132,0.21,0.055
535,0.73,0.198,0.114,0.227,0.035,0.386,0.055,0.043,0.131,0.356,0.049,0.052,0.216,0.16,0.213,0.655,0.429,0.723,0.343,0.388,0.045,0.054,0.155,0.169,0.731,0.134,0.267,0.306,0.054,0.053,0.323,0.128,0.069,0.228,3.314,0.067,2.455,0.512,0.048,0.333,0.052,2.755,0.24,0.528,0.487,0.061,0.34,0.098,0.256,0.052,0.505,0.348,0.561,0.21,0.174
536,0.73,0.198,0.114,0.227,0.035,0.386,0.055,0.043,0.131,2.339,0.049,0.052,0.216,0.16,0.213,0.655,0.429,0.723,0.343,0.388,0.045,0.054,0.155,0.169,0.731,0.034,0.267,0.306,0.054,0.053,0.323,0.128,0.069,0.228,3.274,0.067,2.455,0.492,0.048,0.333,0.052,2.755,0.24,0.528,0.487,0.061,0.34,0.098,0.256,0.052,0.505,0.348,0.561,0.21,0.174
537,0.73,0.198,0.114,0.227,0.035,0.386,0.055,0.043,0.131,2.324,0.049,0.052,0.216,0.16,0.213,0.655,0.429,0.723,0.343,0.388,0.045,0.054,0.155,0.169,2.454,0.034,0.267,0.306,0.054,0.053,0.323,0.128,0.069,0.228,3.274,0.067,2.455,0.492,0.048,0.333,0.052,2.755,0.05,0.528,0.487,0.061,0.34,0.098,0.256,0.052,0.505,0.308,0.561,0.17,0.174
538,0.73,0.198,0.114,0.227,0.035,0.386,0.055,0.043,0.131,2.324,0.049,0.052,0.216,0.16,0.173,0.655,0.419,0.723,0.343,0.388,0.045,0.054,0.155,0.169,2.454,0.034,0.267,0.306,0.054,0.053,0.323,0.128,0.069,0.228,3.274,0.067,2.455,0.492,0.048,0.333,0.052,2.755,0.05,0.528,0.487,0.061,0.34,0.098,0.256,0.052,0.505,0.308,0.561,0.17,0.174
539,0.73,0.198,0.114,0.227,0.035,0.386,0.055,0.043,0.131,2.324,0.049,0.215,0.216,0.16,0.233,0.655,0.419,0.723,0.343,0.388,0.045,0.054,0.155,0.169,2.454,0.034,0.267,0.306,0.054,0.053,0.323,0.128,0.069,0.228,0.299,0.067,3.461,0.492,0.048,0.333,0.052,2.755,0.05,0.528,0.487,0.061,0.34,0.098,0.256,0.052,0.505,0.308,0.192,0.17,0.174
540,0.73,0.198,0.114,0.227,0.035,0.386,0.055,0.043,0.351,2.324,0.049,0.215,0.216,0.049,0.233,2.472,0.419,0.678,0.375,0.388,0.045,0.054,0.155,0.19,0.34,0.034,0.267,0.028,0.054,0.053,0.323,0.305,0.193,0.228,0.234,0.067,3.461,0.492,0.048,0.333,0.254,2.755,0.05,1.677,0.487,0.061,0.34,0.17,0.256,0.052,0.505,0.308,0.192,0.17,0.174
541,0.73,0.198,0.114,0.227,0.035,0.386,0.055,0.043,0.351,2.324,0.049,0.215,0.216,0.049,0.233,2.472,0.479,0.692,0.375,0.388,0.24,0.054,0.155,0.19,0.34,0.034,0.267,0.028,0.054,0.053,0.323,0.305,0.193,0.045,0.248,0.067,3.461,0.492,0.048,0.333,0.254,2.755,0.05,1.677,0.487,0.061,0.34,0.17,0.054,0.052,0.505,0.308,0.192,0.17,0.174
542,0.73,0.198,0.114,0.227,0.035,0.386,0.055,0.043,0.351,2.324,0.049,0.215,0.216,0.049,0.233,2.472,0.479,0.692,0.375,0.388,0.24,0.054,0.155,0.19,0.34,0.034,0.267,0.028,0.054,0.053,2.413,0.305,0.193,0.045,0.248,0.067,3.461,0.432,0.048,0.333,0.254,0.485,0.05,1.677,0.487,0.061,0.34,0.17,0.054,0.052,0.505,0.308,0.252,0.17,0.174
543,0.73,0.198,0.114,0.227,0.035,0.386,0.055,0.043,0.351,2.152,0.049,0.215,0.216,0.049,0.233,0.447,0.479,0.692,0.375,0.388,0.24,0.054,0.155,0.19,0.34,0.034,0.267,0.028,0.054,0.053,2.363,0.305,0.193,0.045,0.248,0.067,3.461,0.432,0.048,0.333,0.254,0.485,0.05,1.677,0.487,0.061,0.34,0.17,0.054,0.052,0.505,0.308,0.252,0.17,0.174
544,0.73,0.198,0.114,0.227,0.035,0.386,0.055,0.213,0.351,2.152,0.049,0.215,0.216,0.049,0.233,0.447,0.419,0.692,0.375,0.388,0.24,0.054,0.155,0.19,0.34,1.793,0.267,0.028,0.054,0.053,2.363,0.305,0.193,0.105,0.248,0.208,3.461,0.432,0.048,0.333,0.254,0.485,0.05,1.677,0.487,0.061,0.34,1.984,0.054,0.052,0.505,0.308,0.252,0.17,0.174
545,0.574,0.198,0.114,0.227,0.035,0.462,0.055,0.213,0.351,2.152,0.049,0.215,0.156,0.049,0.253,0.447,0.419,11.075,0.375,0.388,0.24,0.054,0.055,0.19,0.34,1.793,0.267,0.028,0.054,0.053,0.273,0.305,0.193,0.105,0.148,0.208,3.461,0.432,0.048,0.333,0.254,0.485,0.05,1.677,0.323,0.061,0.34,1.984,0.054,0.052,0.505,0.308,2.685,0.161,0.174
546,0.574,0.198,0.114,0.227,0.035,0.462,0.055,0.213,0.234,2.152,0.049,0.215,0.228,0.049,0.253,0.447,0.419,11.075,0.375,0.388,0.24,0.054,0.055,0.19,0.34,1.793,0.267,0.028,0.054,0.053,0.273,0.305,0.193,0.105,0.148,0.208,3.461,0.432,0.048,0.333,0.363,0.379,0.05,1.677,0.323,0.061,0.34,1.984,0.054,0.052,0.505,0.308,2.685,0.161,0.174
547,0.574,0.198,0.114,0.227,0.035,0.462,0.055,0.213,0.234,2.152,0.049,0.215,1.826,0.049,0.253,0.447,0.419,11.075,0.375,0.388,0.24,0.054,0.055,0.19,0.34,0.106,0.267,0.028,0.054,0.053,0.273,0.305,0.193,0.045,0.148,0.208,3.461,0.432,0.048,0.273,0.363,0.399,0.05,1.677,0.323,0.061,0.34,1.984,0.054,0.052,0.465,0.308,2.74,0.161,0.174
548,0.574,0.198,0.114,0.227,0.035,0.462,0.055,0.213,0.234,2.152,0.049,0.215,1.826,0.049,0.253,0.447,0.419,0.692,0.375,0.388,0.24,0.054,0.055,0.19,0.34,0.106,0.155,0.028,0.054,0.053,0.273,0.305,0.193,0.045,0.148,0.208,1.051,0.432,0.048,0.273,0.363,0.399,0.05,1.677,0.323,0.061,0.233,3.967,0.054,0.052,0.465,0.308,2.74,0.161,0.174
549,0.574,0.198,0.114,0.227,0.035,0.462,0.055,0.213,0.234,2.152,0.049,0.215,1.826,0.049,0.253,0.447,0.419,0.692,0.375,0.388,0.24,0.054,0.055,1.264,0.34,0.106,0.155,0.028,0.054,0.053,0.273,0.305,0.193,0.045,3.123,0.208,1.051,0.432,0.048,0.213,0.363,0.379,0.05,1.677,0.323,0.061,0.233,3.967,0.054,0.052,0.465,0.308,2.74,0.161,0.174
550,0.574,0.198,0.114,0.048,0.035,0.462,0.055,0.227,0.234,2.152,0.049,0.215,0.228,0.049,0.253,0.447,0.359,0.692,0.375,0.388,0.24,0.054,0.055,1.149,0.34,0.106,0.155,0.028,0.054,0.053,0.273,0.305,0.193,0.045,3.123,0.208,1.051,0.432,0.048,0.213,0.363,0.379,0.05,1.677,0.263,0.049,0.233,3.967,0.054,0.052,0.053,0.308,2.74,0.161,0.174
551,0.574,0.198,0.114,0.048,0.035,0.462,0.055,0.227,0.234,2.152,0.049,0.215,0.228,0.049,0.253,0.447,0.324,0.692,0.375,0.388,0.24,0.054,0.055,1.149,0.34,0.106,0.155,0.028,0.054,0.053,0.273,0.485,0.193,0.058,3.123,0.208,1.051,0.432,0.048,0.213,0.363,2.435,0.05,1.677,0.263,0.049,0.045,3.967,0.054,0.052,0.053,0.308,2.74,0.161,0.174
552,0.574,0.198,0.114,0.048,0.035,0.462,0.055,2.748,0.234,2.152,0.049,0.215,0.228,0.049,2.271,0.447,0.324,0.692,0.375,0.388,0.24,0.054,0.055,0.075,0.34,2.089,0.155,0.028,0.054,0.053,0.273,0.662,0.193,0.058,3.123,0.208,1.051,0.432,0.048,0.213,0.363,2.435,0.05,1.677,0.263,0.049,0.045,3.967,0.054,0.052,0.053,0.308,2.74,0.245,0.174
553,0.574,0.198,0.114,0.048,0.035,0.462,0.055,2.748,0.234,2.152,0.049,0.052,0.228,0.049,2.271,0.47,0.324,0.471,0.375,0.051,0.24,0.054,0.055,0.075,0.34,2.089,0.155,0.028,0.054,0.053,0.273,0.662,0.193,0.058,3.123,0.208,1.051,0.432,0.048,0.213,0.363,2.435,0.05,1.677,0.263,0.049,0.045,3.967,0.054,0.052,0.053,0.308,2.74,0.245,0.055
554,0.574,0.044,0.114,0.048,0.035,0.407,0.055,2.748,0.234,2.152,0.049,0.052,2.211,0.049,2.271,0.47,0.249,0.471,0.375,0.051,0.24,0.054,0.055,0.075,0.34,2.089,0.155,0.028,0.054,0.053,0.273,0.485,0.303,0.058,3.123,0.208,1.051,0.432,0.048,0.213,0.363,0.379,0.05,1.677,0.203,0.049,0.045,3.967,0.054,0.052,0.053,0.308,2.74,0.245,0.055
555,0.574,0.044,0.114,0.048,0.035,2.073,0.055,2.906,0.131,2.152,0.049,0.142,2.211,0.049,2.331,0.47,0.249,0.471,0.375,0.051,0.24,0.054,0.055,0.075,0.34,2.089,0.155,0.028,0.054,0.053,0.273,0.485,0.303,0.058,3.296,0.208,1.063,0.432,0.048,0.213,0.363,0.379,0.05,1.677,0.173,0.049,0.045,3.967,0.054,0.052,0.053,0.308,2.926,0.245,0.055
556,0.574,0.044,0.114,0.048,0.035,2.073,0.055,2.906,0.131,2.152,0.049,0.142,2.211,0.049,2.291,0.47,0.048,0.471,0.375,0.051,0.24,0.054,0.055,0.075,0.34,2.089,0.155,0.028,0.054,0.053,0.273,0.485,0.303,0.058,3.296,0.208,1.063,0.432,0.048,0.213,0.363,0.379,0.05,1.677,0.173,0.049,0.045,3.967,0.054,0.052,0.053,0.308,2.926,0.245,0.055
557,0.574,0.044,0.114,0.048,0.035,2.073,0.055,2.906,0.131,0.169,0.049,0.286,2.211,0.049,2.291,0.47,0.048,0.471,0.375,0.051,0.24,0.054,0.055,0.075,0.34,2.089,0.155,0.028,0.054,0.053,0.273,0.606,0.303,0.058,3.296,0.208,1.063,0.432,0.048,0.213,0.363,0.379,0.05,1.677,0.173,0.049,0.045,3.967,0.054,0.156,0.053,0.308,2.926,0.245,0.055
558,0.574,0.044,0.114,0.048,0.035,0.407,0.055,2.736,0.131,0.169,0.049,0.286,2.211,0.21,2.291,0.47,0.048,0.471,0.275,0.051,0.24,0.054,0.236,0.075,0.34,2.089,0.155,0.028,0.054,0.053,0.273,0.606,0.303,0.058,3.296,0.208,1.063,0.432,0.048,0.213,0.363,0.366,0.05,1.677,0.173,0.049,0.045,3.955,0.054,0.156,0.053,0.308,2.806,0.245,0.055
559,0.574,0.044,0.114,0.048,0.035,0.407,0.055,2.736,0.131,0.169,0.049,0.286,2.211,0.21,2.391,0.47,0.048,0.471,0.275,0.051,0.24,0.054,0.236,0.075,0.32,2.089,0.155,0.028,0.054,0.053,0.273,0.606,0.303,0.058,3.296,0.208,1.063,0.432,0.048,0.213,0.363,0.366,0.05,1.677,0.173,0.049,0.045,3.955,0.054,0.156,0.053,0.308,2.806,0.245,0.055
560,0.574,0.044,0.114,0.048,0.035,0.407,0.055,2.736,0.131,0.169,0.049,0.286,2.211,0.21,2.391,0.47,0.048,0.411,0.275,0.051,0.24,0.054,0.236,0.075,0.22,2.089,0.155,0.028,0.203,0.053,0.193,0.606,0.303,0.058,3.296,0.208,1.063,0.432,0.048,0.213,0.363,0.366,0.05,1.677,0.173,0.049,0.045,3.955,0.054,0.156,0.053,0.295,2.887,0.245,0.055
561,0.574,0.044,0.114,0.048,0.035,0.407,0.055,2.736,0.131,2.723,0.049,0.286,2.211,0.21,2.391,0.47,0.048,0.411,0.275,0.051,0.24,0.054,0.236,0.075,0.22,2.089,0.155,0.028,0.203,0.053,0.193,0.606,0.303,0.058,3.296,0.208,1.063,0.432,0.048,0.213,0.363,0.366,0.05,1.677,0.173,0.049,0.045,3.955,0.054,0.156,0.053,0.295,2.987,0.245,0.055
562,0.574,0.044,0.114,0.048,0.035,0.407,0.055,2.736,0.131,2.723,0.049,0.286,2.211,0.21,2.391,0.51,0.048,0.411,0.275,0.051,0.24,0.054,0.236,0.075,0.22,2.089,0.155,0.028,0.203,0.053,0.193,0.429,0.303,0.058,3.296,0.297,1.063,0.432,0.048,0.213,0.174,0.366,0.05,1.677,0.173,0.049,0.045,3.955,0.054,0.156,0.053,0.295,2.987,0.257,0.055
563,0.574,0.044,0.114,0.048,0.035,0.395,0.055,2.836,0.131,2.723,0.049,0.286,2.211,0.21,2.331,0.51,0.048,0.411,0.275,0.051,0.045,0.054,0.236,0.075,0.22,2.089,0.155,0.028,10.305,0.053,2.283,0.429,0.303,0.058,3.296,0.297,1.063,0.392,0.048,0.213,0.174,0.366,0.05,1.677,0.173,0.049,0.045,3.955,0.054,0.156,0.053,0.295,3.047,0.245,0.055
564,0.574,0.044,0.114,0.231,0.035,0.395,0.055,2.836,0.131,2.723,0.049,0.286,2.211,0.21,2.331,0.51,0.048,0.411,0.275,0.051,0.045,0.054,0.236,0.075,0.22,2.089,0.155,0.028,10.305,0.053,2.283,0.429,0.303,0.058,3.296,0.156,1.063,0.392,0.048,0.427,0.065,0.366,0.05,1.677,0.173,0.049,0.045,2.141,0.054,0.31,0.053,0.295,3.047,0.245,0.055
565,0.574,0.044,0.114,0.231,0.035,0.395,0.055,2.836,0.131,2.798,0.049,0.286,2.211,0.21,2.331,0.51,0.048,0.411,0.457,0.051,0.045,0.054,0.236,0.075,0.234,12.659,0.155,0.028,10.471,0.053,2.283,0.606,0.303,0.058,5.57,0.156,1.063,0.392,0.048,0.427,0.065,0.366,0.05,1.677,0.173,0.049,0.045,2.141,0.054,0.31,0.053,0.295,3.087,0.245,0.055
566,0.574,0.044,0.114,0.231,0.09,0.395,0.055,2.836,0.131,2.798,0.049,0.286,2.211,0.21,2.331,0.51,0.048,0.411,0.457,0.051,0.045,0.054,0.236,0.075,0.234,12.659,0.051,0.028,0.369,0.053,0.193,0.606,0.303,0.058,5.535,0.156,1.063,0.392,0.048,0.427,0.065,0.366,0.05,1.677,0.173,0.049,0.045,2.141,0.054,0.31,0.053,0.295,3.052,0.161,0.055
567,1.664,0.044,0.114,0.231,0.09,0.395,0.055,2.836,0.131,2.798,0.049,0.286,2.211,0.21,2.331,0.51,0.048,0.411,0.457,0.051,0.045,0.054,0.236,0.075,0.234,12.659,0.051,0.028,0.369,0.053,0.193,0.429,0.303,0.058,7.789,0.156,1.063,0.392,0.048,0.427,0.065,0.366,0.05,1.677,0.173,0.049,0.045,2.141,0.054,0.31,0.053,0.295,2.992,0.161,0.055
568,1.664,0.044,0.114,0.231,0.09,0.395,0.055,2.836,0.131,2.798,0.049,0.286,2.211,0.21,2.331,0.51,0.048,0.411,0.457,0.051,0.045,0.054,0.236,0.075,0.234,2.089,0.051,0.028,0.369,0.053,0.532,0.429,0.303,0.058,7.754,0.156,1.063,0.392,0.048,0.427,0.065,0.366,0.05,1.677,0.173,0.049,0.045,2.141,0.054,0.31,0.053,0.295,2.992,0.161,0.055
569,1.664,0.044,0.114,0.231,2.255,0.627,0.055,2.836,0.131,2.798,0.049,0.286,2.211,0.21,2.271,0.47,0.048,0.588,0.427,0.051,0.045,0.054,0.236,0.075,0.199,2.089,0.051,0.028,0.369,0.053,0.532,0.429,0.303,0.058,4.779,0.156,1.063,0.392,0.048,0.427,0.065,0.366,0.05,1.677,0.113,0.049,0.045,0.158,0.054,0.31,0.053,0.295,2.992,0.161,0.055
570,0.434,0.044,0.114,0.231,2.255,0.627,0.055,2.836,0.131,2.798,0.049,0.286,2.211,0.21,2.271,0.41,0.048,0.588,0.427,0.051,0.045,0.16,0.236,0.075,0.199,2.089,0.051,0.028,0.59,0.053,0.532,0.429,0.303,0.058,2.525,0.156,3.129,0.392,0.048,0.427,0.065,0.366,0.05,0.329,0.113,0.049,0.045,0.158,0.054,0.31,0.053,0.295,2.992,0.161,0.055
571,0.434,0.044,0.114,0.231,2.255,0.627,0.055,2.836,0.131,2.798,0.188,0.286,2.211,0.21,2.271,0.41,0.048,0.411,0.395,0.051,0.045,0.16,0.236,0.067,0.199,2.089,0.051,0.028,0.59,0.053,0.532,0.249,0.303,0.058,2.525,0.156,3.129,0.392,0.048,0.427,0.065,0.366,0.05,0.329,0.113,0.049,0.045,0.158,0.054,0.31,0.053,0.295,2.992,0.161,0.055
572,0.434,0.141,0.114,0.231,2.295,0.627,0.055,0.315,0.131,2.898,0.188,0.452,2.171,0.21,0.273,0.438,0.048,0.411,0.395,0.051,0.045,0.16,0.236,0.067,0.199,2.139,0.051,0.028,0.59,0.053,0.193,0.249,0.193,0.058,2.525,0.156,3.129,0.392,0.048,0.427,0.065,0.366,0.05,0.329,0.113,0.049,0.045,0.158,0.054,0.31,0.053,0.295,2.992,0.161,0.055
573,0.434,0.141,0.114,0.231,2.295,0.527,0.055,0.315,0.131,2.898,0.188,0.362,2.171,0.21,0.273,0.438,0.048,0.411,0.395,0.051,0.045,0.16,0.236,0.067,0.199,0.156,0.051,0.028,0.59,0.053,0.193,0.249,0.193,0.058,2.643,0.156,1.063,0.568,0.048,0.427,0.065,0.366,0.05,0.133,0.113,0.049,0.045,0.158,0.054,0.31,0.053,0.295,2.992,0.161,0.055
574,0.55,0.141,0.114,0.231,2.269,0.527,0.055,0.315,0.305,2.898,0.188,0.362,2.171,0.21,0.273,0.438,0.048,0.411,0.395,0.051,0.045,0.16,0.236,0.067,0.139,0.156,0.051,0.028,0.59,0.053,0.193,0.249,0.193,0.058,2.643,0.144,1.063,0.568,0.048,0.427,0.065,0.366,0.05,0.133,0.113,0.209,0.045,0.158,0.054,0.31,0.053,0.308,2.992,0.161,0.055
575,0.55,0.141,0.114,0.231,2.269,0.527,0.055,0.157,0.305,2.898,0.188,0.362,0.188,0.21,0.273,0.438,0.048,0.411,0.395,0.051,0.045,0.16,0.236,0.054,0.139,0.33,0.051,0.028,0.59,0.053,0.193,0.128,0.193,0.058,2.643,0.144,1.063,0.568,0.048,0.427,0.065,0.366,0.05,0.133,0.113,0.209,0.045,0.158,0.054,0.206,0.053,0.308,2.992,0.161,0.055
576,0.55,0.141,0.114,0.231,2.401,0.527,0.055,0.157,0.305,2.898,0.188,0.362,0.188,0.21,0.273,0.438,0.048,0.411,0.395,0.051,0.045,0.16,0.236,0.054,0.139,0.33,0.051,0.028,0.59,0.053,0.193,0.128,0.193,0.058,2.643,0.144,1.063,0.568,0.048,0.427,0.065,0.366,0.05,0.133,0.113,0.209,0.045,0.158,0.054,0.206,0.053,0.308,2.992,0.161,0.055
577,0.55,0.141,0.114,0.231,2.401,0.527,0.055,0.157,0.305,0.304,0.188,0.218,0.188,0.21,0.443,0.438,0.048,0.411,0.375,0.051,0.045,0.16,0.236,0.054,0.139,0.33,0.051,0.028,0.59,0.053,0.193,0.128,0.193,0.058,2.47,0.144,1.063,0.568,0.048,0.427,0.065,0.366,0.05,0.133,0.163,0.209,0.045,0.158,0.054,0.206,0.053,0.308,2.806,0.161,0.055
578,0.55,0.141,0.114,0.048,2.401,0.527,0.055,0.157,0.305,0.304,0.188,0.218,0.188,0.049,0.443,0.438,0.048,0.411,0.375,0.051,0.045,0.357,0.236,0.054,0.139,0.33,0.051,0.028,0.59,0.053,0.193,0.305,0.193,0.058,2.47,0.144,1.063,0.568,0.048,0.427,0.065,0.366,0.05,0.133,0.289,0.209,0.045,0.158,0.054,0.206,0.053,0.485,2.806,0.161,0.055
579,0.55,0.141,0.154,0.048,2.269,0.527,0.055,0.343,0.305,0.304,0.188,0.218,0.188,0.049,0.443,0.438,0.048,0.411,0.375,0.051,0.045,0.357,0.236,0.054,0.139,0.33,0.051,0.028,0.59,0.053,0.193,0.305,0.193,0.058,2.47,0.144,1.063,2.588,0.048,0.427,0.065,0.366,0.05,0.133,0.349,0.209,0.045,0.158,0.054,0.206,0.053,0.485,2.806,0.161,0.055
580,0.55,0.29,0.154,0.048,2.269,0.527,0.055,0.343,0.305,0.304,0.188,0.218,1.786,0.049,0.443,0.438,0.175,0.411,0.375,0.051,0.045,0.357,0.055,0.054,0.28,0.33,0.051,0.028,0.59,0.053,0.193,0.128,0.181,0.058,2.47,0.055,1.063,2.588,0.048,0.427,0.065,0.366,0.05,0.133,0.349,0.209,0.045,0.158,0.054,0.206,0.053,0.485,2.806,0.048,0.26
581,0.55,0.29,0.154,0.048,2.269,0.527,0.055,0.343,0.305,0.229,0.188,0.218,1.786,0.049,0.443,0.438,0.175,0.411,0.375,0.051,0.045,0.357,0.055,0.054,0.28,0.33,0.051,0.028,0.59,0.053,0.193,0.128,0.374,0.118,2.461,0.055,1.063,2.588,0.048,0.427,0.065,0.366,0.05,0.133,0.349,0.209,0.045,0.158,0.054,0.206,0.053,0.485,2.806,0.048,0.26
582,0.55,0.29,0.194,0.048,2.269,0.527,0.055,0.329,0.305,0.229,0.188,0.218,1.786,0.049,0.443,0.515,0.175,2.202,0.447,0.051,0.045,0.357,0.055,0.054,0.28,0.33,0.051,0.028,0.59,0.053,0.193,0.128,3.272,0.118,2.461,0.055,1.063,0.568,0.048,0.427,0.065,0.366,0.05,0.133,0.299,0.209,0.045,0.158,0.054,0.206,0.053,0.485,2.841,0.048,0.26
583,0.55,0.29,0.194,0.048,2.269,0.527,0.055,0.329,0.527,0.229,0.188,0.218,0.188,0.049,0.443,0.515,0.175,2.202,1.694,0.051,0.045,0.357,0.055,0.054,0.28,0.33,0.051,0.028,0.59,0.053,0.193,0.128,3.272,0.058,2.461,0.055,1.063,0.568,0.048,0.427,0.065,0.366,0.05,0.259,0.299,0.209,0.045,0.158,0.054,0.206,0.152,0.485,2.841,0.219,0.26
584,0.55,0.29,0.194,0.048,2.269,0.527,0.055,0.329,0.527,0.229,0.188,0.218,0.188,0.049,0.443,0.387,0.235,2.025,1.694,0.051,0.045,0.357,0.055,0.054,0.28,0.33,0.051,0.028,0.59,0.053,0.193,0.128,3.272,0.058,2.461,0.055,1.063,0.568,0.048,0.544,0.125,0.366,0.05,0.458,0.299,0.209,0.045,0.158,0.054,0.052,0.152,0.645,2.806,0.219,0.26
585,0.55,0.29,0.194,0.048,2.269,0.527,0.055,0.329,0.527,0.229,0.188,0.218,0.188,0.049,0.443,0.387,0.609,0.411,1.694,0.051,0.045,0.357,0.055,0.054,0.28,0.33,0.051,0.028,0.424,0.053,0.193,0.128,3.272,0.071,2.461,0.055,1.063,0.568,0.048,0.544,0.125,0.366,0.05,0.458,0.299,0.209,0.045,2.417,0.054,0.052,0.152,0.645,2.806,0.219,0.26
586,0.55,0.29,0.194,0.048,2.269,0.527,0.055,0.329,0.704,0.229,0.188,0.218,0.188,0.049,0.593,0.387,0.609,0.411,1.694,0.051,0.045,0.357,0.055,0.054,0.28,0.33,0.051,0.028,0.424,0.053,0.193,0.128,3.272,0.071,2.461,0.055,1.063,0.568,0.048,1.354,0.125,0.623,0.05,0.458,0.299,0.209,0.045,2.417,0.054,0.052,0.152,0.645,2.746,0.219,0.26
587,0.55,0.29,0.194,0.048,2.269,0.515,0.055,0.329,0.704,0.229,0.188,0.218,0.188,0.049,0.443,2.412,0.609,0.411,1.512,0.051,0.045,0.357,0.055,0.054,0.28,0.33,0.051,0.028,0.424,0.053,0.193,0.128,3.272,0.071,2.461,0.055,1.063,0.568,0.048,3.484,0.125,0.623,0.05,0.458,0.299,0.209,0.045,2.417,0.054,0.052,0.152,0.645,2.746,0.219,0.26
588,0.55,0.29,0.194,0.166,2.269,0.515,0.055,0.329,0.527,0.229,0.188,0.218,0.188,0.049,0.443,2.412,0.609,0.411,1.512,0.051,0.045,0.251,0.055,0.054,0.28,0.33,0.051,0.028,0.424,0.053,0.193,0.128,3.272,0.071,2.461,0.055,1.063,0.568,0.048,3.484,0.125,0.623,0.05,0.458,0.299,0.526,0.045,0.158,0.054,0.052,0.152,0.645,2.746,0.219,0.26
589,0.55,0.29,0.194,0.166,2.269,0.515,0.055,0.329,0.527,0.229,0.188,0.218,0.188,0.049,0.443,2.412,0.235,0.411,1.512,0.051,0.045,0.251,0.055,0.054,0.28,0.33,0.051,0.028,0.424,0.053,0.193,0.128,3.272,0.071,2.461,0.055,1.063,0.568,0.048,2.46,0.125,0.623,0.05,0.458,0.299,0.526,0.045,0.266,0.054,0.052,0.152,0.645,2.746,0.219,0.26
590,0.706,0.193,0.194,0.166,2.269,0.515,0.055,0.329,0.527,0.229,0.208,0.218,2.564,0.049,0.443,0.387,0.235,0.471,3.495,0.051,0.045,0.251,0.055,0.054,0.28,0.33,0.051,0.028,0.424,0.053,0.193,0.128,3.272,0.071,2.461,0.055,1.063,0.654,0.048,0.33,0.125,0.366,0.05,0.458,0.299,0.526,0.057,0.266,0.054,0.052,0.152,0.645,2.746,0.219,0.26
591,0.706,0.193,0.361,0.166,2.269,0.283,0.055,0.329,0.527,0.229,0.069,0.218,2.564,0.049,0.443,0.504,0.235,0.632,3.495,0.051,0.045,0.251,0.055,0.054,0.28,0.33,0.051,0.028,0.424,0.053,0.193,0.305,3.272,0.071,2.343,0.055,1.063,0.654,0.048,0.33,0.125,0.366,0.05,0.354,0.299,0.526,0.057,0.266,0.054,0.052,0.152,0.645,2.746,0.219,0.26
592,0.59,0.193,0.361,0.166,2.269,0.283,0.055,0.329,0.527,0.229,0.049,0.218,2.564,0.049,0.443,0.504,0.235,0.632,3.495,0.051,0.045,0.251,0.055,0.054,0.47,0.33,0.051,0.028,0.203,0.053,0.193,0.305,3.272,0.071,2.343,0.055,1.063,0.654,0.048,0.33,0.125,0.366,0.24,0.354,0.299,0.526,0.057,0.266,0.054,0.052,0.152,0.645,2.781,0.219,0.26
593,0.59,0.193,0.361,0.166,2.269,0.283,0.055,0.329,0.527,0.229,0.049,0.218,2.564,0.049,0.443,0.635,0.175,0.632,3.495,0.051,0.045,0.251,0.055,0.054,0.47,0.33,0.051,0.028,0.203,0.053,0.193,0.623,3.272,0.071,2.343,2.032,1.063,10.223,0.048,0.33,0.125,0.366,0.24,0.354,0.463,0.526,0.057,0.266,0.054,0.052,0.152,0.645,2.841,0.219,0.26
594,0.59,0.044,0.361,0.166,2.401,0.283,0.055,0.329,0.353,0.229,0.049,0.052,2.564,0.049,0.443,0.635,0.175,0.632,3.495,0.051,0.045,0.251,0.055,0.054,0.41,0.33,0.051,0.028,0.203,0.053,0.193,0.623,3.272,0.071,2.331,2.032,1.063,12.243,0.048,0.33,0.125,0.366,0.24,0.354,0.463,0.526,0.057,0.266,0.054,0.052,0.152,0.645,2.841,0.219,0.26
595,0.59,0.044,0.361,0.166,2.601,0.283,0.055,0.329,0.353,0.229,0.049,0.052,2.564,0.049,0.443,0.635,0.175,0.749,3.495,0.051,0.045,0.251,0.055,0.054,0.41,0.33,0.051,0.028,0.203,0.053,0.193,0.623,3.079,0.071,2.343,2.032,1.063,12.067,0.048,0.33,0.112,0.366,0.24,0.354,0.463,0.526,0.057,0.266,0.054,0.052,0.152,0.645,2.841,0.219,0.26
596,0.59,0.044,0.361,0.166,0.436,0.283,0.055,0.329,0.353,0.229,0.049,0.052,2.564,0.049,0.343,0.635,0.048,0.749,3.495,0.051,0.045,0.251,0.055,0.054,0.41,0.33,0.051,0.028,0.203,0.053,2.283,0.623,3.079,0.071,2.343,0.055,1.135,2.498,0.048,0.33,0.112,0.472,0.24,0.354,0.463,0.366,1.725,0.266,0.054,0.052,0.152,0.645,2.841,0.219,0.26
597,0.59,0.044,0.361,0.166,0.436,0.283,0.055,0.329,0.353,0.229,0.049,0.052,2.564,0.049,0.343,0.635,0.048,0.572,3.495,0.051,0.045,0.251,0.055,0.054,0.41,0.156,0.051,0.028,0.203,0.053,2.247,0.623,3.079,0.071,2.343,0.055,1.135,0.478,0.048,0.33,0.112,0.472,0.24,0.354,0.463,0.366,1.725,0.266,0.054,0.052,0.152,0.645,2.841,0.219,0.379
598,0.59,0.244,0.361,0.176,0.436,0.283,0.055,0.329,0.353,0.229,0.049,0.052,2.564,0.049,0.343,1.695,0.048,0.572,3.495,0.051,0.045,0.251,0.155,0.054,0.395,0.156,0.051,0.028,0.191,0.053,2.247,0.056,3.079,1.899,2.343,0.343,1.135,0.478,0.048,0.33,0.112,0.472,0.24,0.354,0.463,0.366,1.725,0.266,0.153,0.052,0.152,0.485,2.841,0.219,0.379
599,0.59,0.244,0.361,0.176,0.436,0.283,0.055,0.329,0.53,0.341,0.049,0.052,2.564,0.049,0.173,1.695,0.048,0.572,3.495,0.051,0.045,0.251,0.155,0.266,0.395,0.156,0.051,0.028,0.191,0.053,0.157,0.056,3.079,1.899,2.343,0.355,0.129,0.478,0.048,0.33,0.112,0.472,0.24,0.367,0.463,0.366,0.057,0.266,0.153,0.052,0.152,0.485,2.861,0.219,0.379
600,0.59,0.244,0.054,0.176,0.436,0.283,0.055,0.329,0.53,0.341,0.049,0.052,2.564,0.049,0.253,1.695,0.048,0.572,3.495,0.051,0.045,0.054,0.155,0.326,0.254,0.106,0.151,0.028,0.191,0.053,0.157,0.056,3.079,0.045,2.343,0.355,0.129,0.478,0.048,0.175,0.221,0.472,0.24,0.367,0.463,0.378,0.045,0.266,0.153,0.052,0.152,0.308,2.861,0.219,0.379
601,0.59,0.244,0.054,0.176,0.436,0.283,0.055,0.143,0.353,0.341,0.049,0.052,2.564,0.049,0.253,0.635,0.048,0.546,3.495,0.051,0.045,0.054,0.155,0.326,0.254,0.106,0.051,0.028,0.191,0.053,0.157,0.056,3.079,0.045,2.329,0.355,0.129,0.478,0.048,0.175,0.221,0.472,0.24,0.367,0.463,0.378,0.045,0.266,0.153,0.052,0.053,0.308,2.861,0.219,0.379
602,0.59,0.244,0.054,0.176,0.381,0.268,0.055,0.143,0.353,0.341,0.049,0.052,2.564,0.049,0.253,0.635,0.048,0.546,3.495,0.051,0.045,0.054,0.155,0.326,0.254,0.106,0.051,0.028,0.191,0.053,0.157,0.056,0.181,0.045,2.329,0.067,0.129,0.478,0.048,0.043,0.221,0.472,0.24,0.367,0.463,0.185,0.045,0.266,0.153,0.052,0.053,0.308,2.861,0.219,0.174
603,0.59,0.244,0.054,0.176,0.381,0.268,0.055,0.143,0.353,0.341,0.049,0.052,2.564,0.049,0.253,0.635,0.048,0.546,3.495,0.051,0.045,0.054,0.155,0.326,0.254,0.106,0.051,0.028,0.191,0.053,0.157,0.056,0.181,0.045,2.329,0.067,0.129,0.478,0.048,0.043,0.221,0.472,0.24,0.367,0.463,0.185,0.045,0.266,0.153,0.052,0.053,0.308,2.861,0.219,0.174
604,0.59,0.244,0.054,0.176,0.381,0.268,0.055,0.143,0.353,0.341,0.049,0.052,2.564,0.049,0.253,0.635,0.048,0.486,3.495,0.051,0.045,0.054,0.155,0.326,0.254,0.106,0.051,0.028,0.251,0.053,0.148,0.056,0.181,0.045,2.329,0.067,2.112,0.478,0.048,0.043,0.221,0.472,0.24,0.367,0.463,0.185,0.045,0.266,0.153,0.052,0.053,0.308,2.861,0.219,0.174
605,0.59,0.244,0.054,0.176,0.381,0.192,0.055,0.143,0.131,0.341,0.049,0.052,2.564,0.171,0.233,0.635,0.048,0.486,3.495,0.051,0.045,0.054,0.155,0.326,0.254,0.106,0.051,0.028,0.191,0.053,0.148,0.056,0.181,0.045,2.329,0.067,2.112,0.478,0.048,0.043,0.221,0.472,0.24,0.367,0.463,0.185,0.045,0.266,0.153,0.052,0.053,0.308,0.488,0.048,0.174
606,0.59,0.244,0.054,0.058,0.381,0.192,0.055,0.043,0.131,0.341,0.049,0.052,2.564,0.171,0.233,0.635,0.048,0.486,3.495,0.051,0.045,0.054,0.155,0.326,0.254,0.106,0.051,0.028,0.191,0.053,0.148,0.056,0.181,0.045,2.329,0.067,2.112,0.478,0.048,0.043,0.221,0.472,0.24,0.168,0.463,2.31,0.045,0.278,0.153,0.052,0.053,0.308,0.488,0.048,0.174
607,0.59,0.244,0.054,0.058,0.381,0.192,0.055,0.043,0.191,0.341,0.049,0.052,2.564,0.171,0.233,0.635,0.048,0.486,3.495,0.051,0.045,0.054,0.155,0.326,0.254,0.106,0.051,0.028,0.191,0.053,0.148,0.233,0.181,0.045,2.329,0.067,2.112,0.478,0.048,0.043,0.348,0.472,0.24,0.168,0.463,2.31,0.152,0.17,0.153,0.052,0.053,0.308,0.468,0.048,0.174
608,0.59,0.244,0.054,0.058,0.381,0.192,0.055,0.043,0.191,0.341,0.049,0.052,2.564,0.171,0.245,0.635,0.048,0.663,3.495,0.051,0.045,0.054,0.155,0.326,0.254,0.106,0.051,0.028,0.191,0.053,0.148,0.233,0.181,0.045,2.329,0.067,2.112,0.478,0.048,0.043,0.492,0.472,0.24,0.168,0.463,2.31,0.152,0.17,0.153,0.052,0.053,0.308,0.468,0.048,0.174
609,0.59,0.244,0.054,0.058,0.181,0.192,0.055,2.294,0.191,0.341,0.049,0.052,2.564,0.171,0.245,0.518,0.048,0.663,3.395,0.051,0.24,0.054,0.155,0.326,0.254,0.106,0.051,0.028,0.191,0.053,0.148,0.233,0.291,0.045,2.329,0.067,2.112,0.478,0.048,0.043,0.681,0.472,0.24,0.168,0.463,0.061,0.152,0.17,0.153,0.052,0.053,0.308,0.468,0.048,0.174
610,0.59,0.244,0.054,0.058,0.181,0.192,0.055,2.294,0.191,0.413,0.049,0.052,2.564,0.171,0.245,0.518,0.048,0.981,3.395,0.268,0.24,0.054,0.155,0.326,0.254,0.106,0.155,0.028,0.191,0.053,0.148,0.233,0.291,0.045,2.329,0.067,2.112,0.332,0.048,0.043,0.681,0.472,0.24,0.168,0.463,0.061,0.152,0.17,0.153,0.052,0.053,0.308,0.418,0.048,0.174
611,0.59,0.398,0.054,0.058,0.181,0.192,0.055,2.294,0.191,0.413,0.049,0.052,2.564,0.171,0.245,0.518,0.048,0.82,1.412,0.268,0.24,0.054,0.155,0.326,0.254,0.106,0.155,0.028,0.191,0.053,0.148,0.233,0.291,0.045,2.329,0.067,2.112,0.332,0.048,0.043,0.681,0.472,0.24,2.4,0.463,0.061,0.152,0.23,0.153,0.052,0.053,0.308,0.418,0.048,0.174
612,0.434,0.398,0.054,0.058,0.181,0.192,0.209,2.294,0.368,0.413,0.049,0.052,2.564,0.171,0.305,0.518,0.048,0.82,1.412,0.268,0.24,0.054,0.155,0.326,0.254,0.106,0.155,0.028,0.191,0.053,0.148,0.233,0.291,0.045,2.329,0.067,2.112,0.332,0.048,0.043,0.681,0.472,0.24,2.4,0.463,0.061,0.152,0.23,0.153,0.052,0.053,0.308,0.418,0.048,0.174
613,0.434,0.398,0.054,0.058,0.181,0.192,0.209,2.294,0.368,0.413,0.049,0.052,2.564,0.171,0.305,0.387,0.048,0.82,0.165,0.268,0.24,0.054,0.155,0.114,0.254,0.106,0.155,0.028,0.191,0.053,0.148,0.233,0.291,0.045,2.329,0.067,2.112,0.332,0.048,0.043,0.681,0.472,0.24,2.4,0.403,0.061,0.152,0.23,0.153,0.052,0.053,0.308,0.418,0.048,0.174
614,0.434,0.398,0.054,0.058,0.181,0.227,0.209,2.294,0.191,0.413,0.049,0.052,2.564,0.171,0.305,0.387,0.048,0.82,0.165,0.268,0.24,0.054,0.155,0.114,0.064,0.106,0.371,0.028,0.191,0.053,0.148,0.233,0.291,0.228,2.329,0.067,2.112,0.292,0.048,0.043,0.681,0.366,0.05,0.168,0.403,0.061,0.152,0.23,0.153,0.052,0.053,0.308,0.418,0.048,0.174
615,0.434,0.398,0.054,0.058,0.181,0.227,0.209,2.294,0.191,0.413,0.049,0.052,2.624,0.171,0.305,0.387,0.048,0.253,0.317,0.268,0.24,0.054,0.155,0.114,0.064,0.106,0.371,0.028,0.508,0.053,0.148,0.233,0.291,0.228,2.329,0.067,2.112,0.292,0.048,0.043,0.681,0.366,0.05,0.168,0.239,0.061,0.152,0.23,0.153,0.052,0.053,0.308,0.418,0.048,0.055
616,0.434,0.398,0.054,0.237,0.181,0.227,0.209,2.294,0.191,0.413,0.049,0.052,2.624,0.171,0.305,0.387,0.048,0.253,0.317,0.268,0.24,0.054,0.055,0.114,0.064,0.106,0.371,0.028,0.508,0.053,0.148,0.233,3.189,0.228,2.329,0.067,2.112,0.408,0.048,0.043,0.681,0.366,0.05,0.168,0.239,0.061,0.152,0.23,0.054,0.052,0.053,0.308,0.418,0.048,0.055
617,0.434,0.398,0.054,0.237,0.181,0.127,0.209,2.294,0.191,0.301,0.049,0.052,2.624,0.171,0.305,0.387,0.048,0.253,0.317,0.268,0.24,0.054,0.055,0.114,0.064,0.106,0.371,0.028,0.508,0.053,0.148,0.233,3.189,0.228,2.329,2.044,2.112,0.408,0.048,0.043,0.681,0.366,0.05,0.168,0.239,0.061,0.152,0.23,0.054,0.052,0.053,0.299,0.418,0.048,0.055
618,0.434,0.398,0.054,0.25,0.181,0.127,0.209,2.294,0.191,2.284,0.049,0.052,2.624,0.171,0.305,0.387,0.048,0.474,0.317,0.268,0.24,0.054,0.055,0.114,0.064,0.106,0.371,0.028,0.508,0.053,0.148,0.233,3.189,0.228,2.329,2.044,2.112,0.408,0.048,0.043,0.572,0.366,0.05,0.168,0.239,0.061,0.152,0.23,0.054,0.052,0.053,0.299,0.418,0.048,0.055
619,0.434,0.398,0.054,0.25,0.181,0.127,0.209,2.294,0.191,2.299,0.049,0.052,2.624,0.171,0.305,0.387,0.048,0.474,0.317,0.268,0.24,0.054,0.055,0.114,0.064,0.106,0.371,0.028,0.191,0.053,0.148,0.233,3.189,0.228,2.329,2.044,2.112,0.408,0.048,0.043,0.572,0.366,0.05,0.168,0.239,0.061,0.152,0.23,0.054,0.052,0.053,0.299,10.76,0.048,0.055
620,0.434,0.198,0.054,0.25,0.181,0.127,0.209,2.294,0.191,2.476,0.049,0.052,2.624,0.171,0.305,0.387,0.048,0.474,0.317,0.268,0.24,0.054,0.055,0.114,0.064,0.106,0.371,0.028,0.191,0.053,0.148,0.233,3.189,0.228,2.329,0.067,2.112,0.408,0.048,0.043,0.572,0.366,0.05,0.168,0.239,0.061,0.152,0.23,0.054,0.156,0.053,0.299,10.76,0.048,0.055
621,0.434,0.198,0.054,0.25,0.181,0.127,0.209,2.464,0.191,2.476,0.049,0.052,2.624,0.171,0.305,0.387,0.048,0.474,0.317,0.268,0.24,0.054,0.055,0.114,0.064,0.106,0.371,0.028,0.191,0.053,0.148,0.233,3.189,0.228,2.329,0.067,2.112,0.408,0.048,0.043,0.512,0.366,0.05,0.168,0.239,0.061,0.152,0.23,0.054,0.156,0.053,0.299,10.76,0.048,0.055
622,0.434,0.198,0.054,0.25,0.181,0.127,0.209,2.464,0.191,2.299,0.049,0.052,2.624,0.171,0.459,0.387,0.048,0.474,0.317,0.268,0.24,0.054,0.055,0.114,2.426,0.106,0.371,0.028,0.191,0.053,0.148,0.233,3.189,0.359,2.329,0.208,2.112,0.408,0.048,0.043,0.512,0.266,0.05,0.168,0.239,0.061,0.152,0.23,0.054,0.156,0.053,0.299,0.338,0.048,0.055
623,0.434,0.198,0.054,0.25,0.181,0.127,0.209,2.464,0.191,2.299,0.049,0.052,2.564,0.049,0.459,0.387,0.048,0.474,0.317,0.268,0.24,0.054,0.055,0.114,2.426,0.106,0.371,0.028,0.191,0.053,0.148,0.233,3.189,0.359,2.329,0.208,2.112,0.408,0.048,0.043,0.512,0.266,0.05,0.168,0.239,0.061,0.152,0.23,0.256,0.156,0.053,0.299,0.338,0.048,0.055
624,0.534,0.198,0.054,0.25,0.181,0.127,0.209,2.464,0.191,2.299,0.049,0.052,2.564,0.049,0.459,0.387,0.048,0.474,0.317,0.268,0.24,0.054,0.055,0.114,2.426,0.106,0.371,0.028,0.191,0.053,0.148,0.233,3.189,0.359,2.329,0.208,2.112,0.408,0.048,0.043,0.512,0.266,0.05,0.168,0.239,0.061,0.152,0.23,0.256,0.156,0.053,0.299,0.338,0.048,0.055
625,0.534,0.198,0.054,0.25,0.181,0.127,0.209,2.464,0.368,2.299,0.049,0.052,2.564,0.049,0.459,0.352,0.048,0.474,0.317,0.268,0.24,0.054,0.055,0.114,2.515,0.106,0.371,0.028,0.357,0.053,0.148,0.233,3.189,0.359,0.055,0.208,0.129,0.408,0.048,0.043,0.512,0.266,0.05,0.168,0.239,0.061,0.045,0.23,0.256,0.156,0.053,0.299,0.338,0.048,0.055
626,0.534,0.198,0.054,0.25,0.181,0.127,0.209,2.464,0.368,2.299,0.049,0.052,2.564,0.049,0.459,0.352,0.048,0.474,0.317,0.268,0.24,0.054,0.055,0.114,2.515,0.106,0.371,0.028,0.357,0.053,0.148,0.233,3.189,0.359,0.055,0.268,0.129,0.408,0.048,0.043,0.512,0.266,0.05,0.168,0.239,0.061,0.045,0.218,0.256,0.156,0.053,0.299,0.338,0.048,0.055
627,0.434,0.198,0.054,0.25,0.181,0.127,0.209,2.464,0.686,2.299,0.049,0.052,2.564,0.049,0.459,0.352,0.048,0.508,0.317,0.268,0.24,0.054,0.055,0.114,2.515,0.106,0.371,0.028,0.357,0.053,0.148,0.233,3.079,0.359,0.055,0.268,0.129,0.408,0.048,0.043,0.512,0.266,0.05,0.272,0.239,0.061,0.233,0.218,0.256,0.156,0.053,0.299,0.338,0.048,0.055
628,0.434,0.198,0.054,0.25,0.181,0.127,0.209,2.464,0.686,2.299,0.049,0.052,2.564,0.049,0.459,0.352,0.048,0.508,0.317,0.268,0.24,0.054,0.055,0.114,2.515,0.106,0.267,0.028,0.357,0.053,0.148,0.413,3.079,0.359,0.055,0.268,0.117,0.408,0.048,0.043,0.368,0.266,0.05,0.272,0.239,0.061,0.233,0.218,0.256,0.156,0.053,0.299,0.338,0.048,0.055
629,2.648,0.198,0.054,0.25,0.181,0.127,0.209,2.464,0.686,2.299,0.049,0.052,2.564,0.049,0.459,0.352,0.048,0.508,0.317,0.268,0.24,0.054,0.055,0.114,2.515,0.106,0.267,0.028,0.357,0.053,0.148,0.236,3.079,0.359,0.055,0.268,0.117,0.368,0.048,0.043,0.368,0.266,0.05,0.272,0.239,0.061,0.233,0.218,0.256,0.156,0.053,0.299,0.338,0.048,0.055
630,2.648,0.198,0.054,0.25,0.035,0.127,0.209,2.464,0.686,2.184,0.049,0.052,2.564,0.049,0.459,0.052,0.048,0.508,0.317,0.268,0.24,0.054,0.055,0.114,2.515,0.106,0.267,0.028,0.357,0.053,0.148,0.236,3.079,0.359,0.055,0.268,0.117,0.368,0.048,0.257,0.368,0.054,0.05,0.272,0.239,0.061,0.233,0.218,0.256,0.156,0.053,0.299,0.338,0.048,0.055
631,2.648,0.044,0.054,0.25,0.035,0.127,0.209,2.464,0.686,2.184,0.049,0.052,2.564,0.049,0.459,0.052,0.048,0.508,0.317,0.268,0.045,0.054,0.055,0.114,2.515,0.106,0.267,0.028,0.357,0.053,0.148,0.236,3.079,0.359,0.055,0.268,0.117,0.368,0.048,0.257,0.179,0.054,0.05,0.272,0.239,0.061,0.233,0.218,0.256,0.156,0.053,0.299,0.338,0.048,0.055
632,0.434,0.044,0.054,0.25,0.035,0.127,0.209,2.464,0.119,2.184,0.049,0.052,2.564,0.049,0.439,0.052,0.048,0.508,0.499,0.051,0.045,0.054,0.055,0.114,2.515,0.106,0.267,0.242,0.357,0.259,0.148,0.236,3.079,0.359,0.055,0.268,0.117,0.368,0.048,0.257,0.179,0.054,0.05,0.272,0.239,0.061,0.233,0.395,0.256,0.156,0.053,0.299,0.524,0.048,0.055
633,0.434,0.044,0.054,0.25,0.035,0.127,0.209,2.464,0.119,2.361,0.149,0.052,2.564,0.049,0.459,0.052,0.048,0.508,0.499,0.051,0.045,0.054,0.055,0.114,2.515,0.106,0.267,0.242,0.357,0.259,0.148,0.236,3.079,0.359,0.055,0.268,0.117,0.368,0.048,0.257,0.179,0.054,0.05,0.272,0.239,0.061,0.233,0.395,0.256,0.156,0.053,0.299,0.503,0.048,0.055
634,0.434,0.044,0.054,0.25,0.035,0.127,0.055,2.464,0.119,2.361,0.149,0.052,2.564,0.049,0.459,0.052,0.048,0.508,0.499,0.051,0.045,0.054,0.055,0.114,2.515,0.106,0.267,0.242,0.357,0.259,0.148,0.236,3.079,0.359,0.055,0.268,0.117,0.368,0.048,0.257,0.179,0.054,0.05,0.272,0.299,0.061,0.233,0.218,0.256,0.156,0.053,0.286,0.503,0.048,0.055
635,0.434,0.044,0.054,0.25,0.035,0.127,0.055,2.294,0.119,2.184,0.149,0.052,2.564,0.049,0.459,0.052,0.048,0.508,0.347,0.051,0.045,0.054,0.055,0.114,2.515,0.106,0.267,0.242,0.357,0.259,0.148,0.236,3.079,0.359,0.055,0.268,0.117,0.368,0.048,0.257,0.179,0.054,0.05,0.272,0.299,0.061,0.233,0.218,0.256,0.156,0.053,0.201,0.503,0.048,0.055
636,0.434,0.044,0.054,0.25,0.035,0.127,0.055,0.043,0.119,2.184,0.149,0.052,2.564,0.049,0.459,0.052,0.048,0.508,0.347,0.051,0.045,0.054,0.055,0.114,2.515,0.283,0.051,0.242,0.357,0.259,0.148,0.236,0.181,0.176,0.346,0.357,0.117,0.368,0.048,0.257,0.179,0.054,0.05,0.272,0.299,0.061,0.233,0.218,0.256,0.156,0.053,0.201,0.503,0.048,0.055
637,0.374,0.044,0.054,0.25,0.035,0.127,0.055,0.043,0.134,2.184,0.049,0.052,2.564,0.049,0.459,0.052,0.048,0.508,2.403,0.051,0.045,0.054,0.055,0.114,2.515,0.283,0.051,0.242,2.01,0.259,0.148,0.236,0.181,0.176,0.346,0.357,0.117,0.368,0.048,0.257,0.179,0.054,0.05,0.272,0.299,0.061,0.233,0.218,0.256,0.156,0.053,0.201,0.503,0.048,0.055
638,0.374,0.044,0.054,0.071,0.035,0.127,0.055,0.043,0.134,2.184,0.049,0.052,2.741,0.049,0.499,0.052,0.048,0.508,2.403,0.051,0.045,0.054,0.055,0.114,0.153,0.106,0.051,0.242,2.01,0.259,0.148,0.236,0.181,0.176,0.346,0.357,0.117,0.368,0.048,0.257,0.179,0.054,0.05,0.272,0.299,0.061,0.233,0.218,0.256,0.206,0.053,0.201,0.503,0.048,0.055
639,0.374,0.044,0.054,0.071,0.035,0.127,0.055,0.043,0.134,0.201,0.049,0.052,2.741,0.21,0.479,0.052,0.048,0.508,2.403,0.051,0.045,0.054,0.055,0.114,0.153,0.106,0.051,0.242,2.01,0.259,0.148,0.236,0.181,0.176,0.346,0.357,0.117,0.368,0.048,0.257,0.179,0.054,0.05,2.504,3.05,0.061,0.233,0.218,0.256,0.206,0.053,0.201,0.503,0.048,0.055
640,0.374,0.044,0.054,0.071,0.035,0.052,0.055,0.043,0.134,0.201,0.049,0.052,2.504,0.21,0.479,0.052,0.048,0.287,0.362,0.051,0.045,0.054,0.055,0.114,0.153,0.106,0.051,0.242,0.357,0.259,0.148,0.236,0.181,1.899,0.334,0.357,0.117,0.544,0.048,0.257,0.179,0.054,0.05,2.504,3.05,0.049,0.233,0.218,0.256,0.206,0.053,0.201,0.503,0.048,0.055
641,0.374,0.044,0.054,0.071,0.035,0.052,0.055,0.043,0.134,0.201,0.049,0.052,2.504,0.21,0.479,0.052,0.048,0.287,0.362,0.051,0.045,0.054,0.055,0.114,0.153,0.106,0.051,0.242,0.392,0.259,0.148,0.236,0.181,0.071,0.334,0.357,0.117,0.544,0.048,0.257,0.179,0.054,0.05,2.504,3.05,0.049,0.233,0.218,0.256,0.206,0.053,0.201,0.503,0.048,0.055
642,0.374,0.044,0.054,0.071,0.035,0.052,0.055,1.866,0.134,0.201,1.809,0.052,2.504,0.21,0.569,0.052,0.048,0.287,0.362,0.051,0.045,0.054,0.055,0.114,0.153,0.106,0.051,0.242,0.392,0.259,0.148,0.236,0.181,0.071,0.334,0.216,0.117,0.544,0.048,0.257,0.179,0.054,0.05,0.272,3.05,0.086,0.233,0.218,0.256,0.206,0.053,0.201,0.503,0.048,0.055
643,0.374,0.044,0.054,0.071,0.035,0.052,0.055,1.866,0.134,0.201,1.809,0.052,2.504,0.21,0.569,0.052,0.048,1.901,9.361,0.051,0.045,0.054,0.055,0.114,0.05,0.106,0.051,0.242,0.392,0.259,0.148,0.236,0.181,0.071,0.334,0.216,0.117,0.82,0.048,0.257,0.179,0.054,0.05,0.272,3.05,0.086,0.233,0.218,0.256,0.206,0.053,0.201,0.503,0.048,0.055
644,0.374,0.044,0.054,0.312,0.035,0.052,0.055,1.866,0.134,0.201,1.809,0.052,2.504,0.21,0.569,0.052,0.048,1.901,9.361,0.051,0.045,0.054,0.055,0.114,0.05,0.106,0.051,0.242,0.392,0.259,0.148,0.236,0.181,0.071,0.334,0.216,0.117,0.82,0.048,0.257,0.179,0.054,0.05,0.272,2.99,0.086,0.233,0.218,0.256,0.206,0.053,0.201,0.503,0.048,0.055
645,0.374,0.044,0.054,0.312,0.035,0.052,0.055,0.043,0.134,0.201,0.049,0.052,2.504,0.21,0.569,0.052,0.048,1.901,9.361,0.051,0.045,0.054,0.055,0.114,0.05,0.106,0.051,0.242,0.226,0.259,0.148,0.236,0.181,0.071,0.334,0.216,0.117,0.82,0.048,0.257,0.179,0.054,0.05,0.168,2.99,0.086,0.233,0.395,0.054,0.206,0.053,0.201,0.503,0.048,0.055
646,0.374,0.044,0.054,0.312,0.035,0.284,0.055,0.143,0.134,0.378,0.188,0.052,2.504,0.21,0.569,0.169,0.048,0.287,0.362,0.051,0.045,0.054,0.055,3.402,0.05,0.106,0.051,0.028,0.226,0.053,0.148,0.236,0.181,0.071,0.334,0.216,0.117,0.82,0.048,0.257,0.179,0.054,0.05,0.168,2.99,0.086,0.233,0.395,0.054,0.206,0.053,0.201,0.503,0.048,0.055
647,0.374,0.044,0.054,0.312,0.035,0.284,0.055,0.143,0.134,0.378,0.188,0.052,2.504,0.21,0.739,0.169,0.048,0.287,0.362,0.051,0.045,0.054,0.055,3.402,0.05,0.106,0.051,0.028,0.447,0.053,0.148,0.236,0.181,0.071,0.334,0.216,0.117,0.544,0.048,0.257,0.179,0.054,0.05,0.168,2.99,0.086,0.233,0.218,0.054,0.206,0.053,0.201,0.503,0.048,0.055
648,0.49,0.044,0.054,0.312,0.035,0.284,0.055,0.143,0.134,0.201,0.188,0.052,2.504,0.21,0.739,0.169,0.048,0.287,0.362,0.051,0.045,0.054,0.055,3.402,0.05,0.106,0.051,0.028,0.447,0.053,0.148,0.056,0.181,0.071,0.334,0.216,0.117,0.544,0.048,0.257,0.179,0.054,0.05,0.168,2.99,0.086,0.233,0.218,0.054,0.206,0.053,0.201,0.503,0.048,0.055
649,0.49,0.044,0.054,0.312,0.035,0.284,0.055,0.143,0.134,0.201,0.188,0.052,2.504,0.21,0.739,0.169,0.048,0.287,0.362,0.051,0.045,0.054,0.055,3.402,0.05,0.283,0.051,0.028,0.447,0.053,0.148,0.056,0.181,0.071,0.334,0.216,0.117,0.544,0.048,0.257,0.179,0.054,0.05,0.168,2.99,0.086,0.045,0.218,0.054,0.206,0.053,0.201,0.503,0.048,0.055
650,0.49,0.044,0.054,0.166,0.035,0.284,0.055,0.143,0.134,0.201,0.188,0.052,0.128,0.21,0.739,0.169,0.048,0.287,0.362,0.051,0.045,0.054,0.085,3.402,0.05,0.283,0.051,0.028,0.447,0.053,0.148,0.056,0.181,0.071,0.334,0.216,0.117,0.374,0.048,0.257,0.179,0.054,0.05,0.168,2.99,0.086,0.045,0.218,0.054,0.206,0.053,0.201,0.503,0.048,0.055
651,0.49,0.044,0.054,0.166,0.035,0.284,0.055,0.143,0.134,0.201,0.188,0.052,0.305,0.21,0.789,0.169,0.048,0.287,0.362,0.051,0.045,0.054,0.085,3.402,0.05,0.106,0.051,0.028,0.447,0.053,0.148,0.056,0.374,0.071,0.334,0.216,0.117,0.374,0.048,0.257,0.179,0.054,0.05,0.168,2.99,0.086,0.045,0.218,0.054,0.206,0.053,0.201,0.503,0.048,0.055
652,0.49,0.044,0.054,0.166,0.035,0.284,0.055,0.301,0.134,0.201,0.188,0.052,0.305,0.21,0.789,0.169,0.048,0.287,0.362,0.051,0.045,0.054,0.085,3.402,0.05,0.106,0.051,0.028,0.447,0.053,0.148,0.056,0.374,0.071,0.334,0.216,0.117,0.374,0.048,0.043,0.179,0.054,0.05,0.168,2.99,0.086,0.045,0.218,0.054,0.206,0.152,0.201,0.503,0.048,0.26
653,0.49,0.044,0.054,0.166,0.035,0.284,0.055,0.301,0.134,0.201,0.188,0.052,0.128,0.21,0.967,0.169,0.048,0.287,0.362,0.051,0.045,0.054,0.085,3.402,0.05,0.106,0.051,0.028,0.447,0.053,0.148,0.056,0.374,0.071,0.334,0.216,0.117,0.374,0.048,0.043,0.179,0.054,0.05,0.168,2.99,0.086,0.045,0.218,0.054,0.206,0.152,0.201,0.503,0.048,0.26
654,0.49,0.193,0.054,0.166,0.035,0.284,0.055,0.301,0.134,0.201,0.188,0.052,0.128,0.21,0.967,0.169,0.048,0.287,0.18,0.051,0.045,0.251,0.085,3.402,0.05,0.106,0.051,0.028,0.447,0.053,0.148,0.056,0.374,0.071,0.216,0.127,0.117,0.374,0.048,0.043,0.179,0.054,0.05,0.168,2.99,0.086,0.045,0.326,0.054,0.206,0.152,0.201,0.317,0.048,0.26
655,0.49,0.193,0.054,0.166,0.035,0.284,0.055,0.301,0.134,0.201,0.188,0.052,0.128,0.21,0.877,0.169,0.048,0.448,0.18,0.051,0.045,0.251,0.085,3.402,2.104,0.106,0.051,0.028,0.447,0.053,0.148,0.056,0.374,0.071,0.216,0.127,0.117,0.374,0.048,0.043,0.179,0.054,0.05,0.168,2.93,0.086,0.045,2.585,0.054,0.206,0.152,0.361,0.317,0.048,0.26
656,0.49,0.193,0.054,0.166,0.035,0.284,0.055,0.301,0.134,0.201,0.188,0.052,0.128,0.21,0.877,0.169,0.048,0.551,0.18,0.051,0.045,0.251,0.085,3.402,2.104,0.106,0.051,0.028,0.447,0.053,0.148,0.056,0.374,0.071,0.216,0.127,0.117,0.374,0.048,0.043,0.179,0.054,0.05,0.168,2.93,0.086,0.045,2.545,0.054,0.206,0.152,0.361,0.317,0.048,0.26
657,0.49,0.193,0.054,0.166,0.035,0.284,0.055,0.301,0.134,0.201,0.188,0.052,0.128,0.21,0.877,0.169,0.048,0.551,0.18,0.051,0.045,0.251,0.085,3.402,2.104,0.106,0.051,0.028,0.447,0.053,0.148,0.056,0.374,0.071,0.216,0.067,0.117,0.374,0.048,0.043,0.179,0.054,0.05,0.168,2.93,0.086,0.045,2.545,0.054,0.206,0.152,0.361,0.277,0.048,0.26
658,0.49,0.193,0.054,0.166,0.035,0.284,0.055,0.301,0.134,0.201,0.188,0.052,0.128,0.21,0.877,0.169,0.048,0.551,0.18,0.051,0.045,0.251,0.085,3.402,0.191,0.106,0.051,0.028,0.447,0.053,0.148,0.056,0.386,0.071,0.043,0.067,0.117,0.374,0.048,0.043,0.179,0.054,0.24,0.168,2.93,0.086,0.045,0.463,0.054,0.052,0.152,0.361,0.277,0.048,0.26
659,0.49,0.193,0.054,0.166,0.035,0.284,0.055,0.405,0.134,0.378,0.188,0.052,0.128,0.049,0.877,0.169,0.048,0.551,0.18,0.051,0.045,0.251,0.085,3.402,0.191,0.106,0.051,0.028,0.447,0.053,0.148,0.056,0.386,0.071,0.043,0.055,0.117,0.374,0.048,0.043,0.179,0.054,0.24,0.155,0.179,0.086,0.045,0.463,0.054,0.052,0.152,0.361,0.277,0.048,0.26
660,0.49,0.193,0.054,0.166,0.181,0.284,0.055,0.405,0.134,0.378,0.188,0.069,0.128,0.049,0.837,0.169,0.048,0.551,0.18,0.051,0.045,0.251,0.085,3.402,0.191,0.106,0.051,0.028,0.447,0.053,0.148,0.056,0.25,0.071,0.043,0.055,0.117,0.374,0.048,0.043,0.179,0.054,0.24,0.155,0.343,0.086,0.045,0.286,0.054,0.052,0.152,0.212,0.277,0.048,0.26
661,0.49,0.193,0.054,0.349,0.181,0.284,0.055,0.405,0.356,0.696,0.188,0.069,0.128,0.049,0.897,0.169,0.048,0.551,0.18,0.051,0.045,0.251,0.085,3.402,0.191,0.106,0.051,0.028,0.447,0.053,0.148,0.056,0.25,0.071,0.043,0.055,0.117,0.374,0.048,0.043,0.179,0.054,0.24,0.155,0.343,0.086,0.045,0.286,0.054,0.052,0.152,0.212,0.277,0.048,0.26
662,0.49,0.193,0.054,0.231,0.181,0.284,0.055,0.405,0.356,0.696,0.188,0.069,0.128,0.049,0.837,0.169,0.048,0.551,0.18,0.051,0.045,0.251,0.266,3.402,0.191,0.283,0.051,0.028,0.447,0.053,0.148,0.056,0.25,0.071,0.043,0.055,0.117,0.198,0.048,0.043,0.179,0.054,0.24,0.354,0.343,0.279,0.045,0.286,0.054,0.052,0.152,0.212,0.277,0.048,0.26
663,0.49,0.193,0.054,0.231,0.181,0.284,0.055,0.405,0.503,0.696,0.188,0.069,0.128,0.049,0.837,0.169,0.048,0.551,0.18,0.051,0.045,0.251,0.266,3.402,0.191,0.283,1.215,0.028,0.447,0.053,0.088,0.056,0.25,0.071,0.043,0.055,0.117,0.198,0.048,0.043,0.179,0.054,0.24,0.354,0.343,0.279,0.045,0.286,0.054,0.052,0.152,0.212,0.277,0.048,0.26
664,0.49,0.193,0.054,0.231,0.167,0.284,0.055,0.405,0.677,0.696,0.188,0.069,0.305,0.049,0.825,0.052,0.048,0.551,0.18,0.051,0.045,0.251,0.236,3.402,0.191,0.106,1.215,0.028,0.447,0.053,0.088,0.056,0.25,0.058,0.043,0.055,0.126,0.198,0.048,0.043,0.179,0.054,0.24,0.354,0.343,0.279,0.045,0.286,0.054,0.052,0.152,0.212,0.277,0.048,0.26
665,0.49,0.193,0.054,0.231,0.167,0.284,0.055,0.405,0.677,0.696,0.188,0.069,0.305,0.049,0.825,0.052,0.048,0.551,0.18,0.051,0.045,0.251,0.336,3.402,0.191,0.106,1.215,0.028,0.447,0.053,0.088,0.056,0.057,0.058,0.043,0.055,0.126,0.198,0.048,0.043,0.179,0.054,0.24,0.354,0.343,0.279,0.045,0.286,0.054,0.052,0.152,0.212,0.277,0.048,0.26
666,0.374,0.193,0.054,0.231,0.167,0.284,0.055,0.405,0.677,2.628,0.049,0.069,0.128,0.049,0.825,0.052,0.048,0.551,0.18,0.051,0.045,0.251,0.336,0.114,0.191,0.106,0.051,0.028,0.447,0.053,0.088,0.056,0.057,0.058,0.043,0.055,0.117,0.198,0.048,0.043,0.179,0.054,0.24,0.354,0.343,0.279,0.045,0.286,0.054,0.052,0.152,0.212,0.277,0.048,0.26
667,0.374,0.193,0.054,0.231,0.167,0.284,0.055,0.405,0.677,2.628,0.049,0.069,0.128,0.049,0.825,0.052,0.048,0.551,2.236,0.051,0.045,0.357,0.336,0.114,0.191,0.106,0.051,0.028,10.549,0.053,0.215,0.056,0.057,0.118,0.043,0.055,0.117,0.198,0.048,0.043,0.179,0.054,0.24,0.354,0.343,0.279,0.045,0.358,0.054,0.052,0.152,0.212,0.222,0.048,0.26
668,0.374,0.044,0.054,0.231,0.167,0.052,0.055,0.301,0.677,2.628,0.049,0.069,0.128,0.049,0.825,0.052,0.048,0.551,2.236,0.051,0.045,0.357,0.336,0.114,0.191,0.106,0.051,0.028,10.549,0.053,0.215,0.056,0.057,0.058,0.043,0.055,0.117,0.198,0.048,0.043,0.179,0.054,0.24,0.354,0.343,0.279,0.045,0.358,0.153,0.052,0.152,0.212,0.222,0.219,0.26
669,0.374,0.044,0.054,0.231,0.167,0.052,0.055,0.301,0.677,2.628,0.049,0.232,0.128,0.049,0.655,0.052,0.048,0.551,2.236,0.051,0.045,0.357,0.336,0.114,0.191,0.106,0.051,0.028,10.328,0.053,0.215,0.056,0.057,0.058,0.043,0.055,0.117,0.198,0.048,0.043,0.323,0.054,0.588,0.354,0.343,0.279,0.045,0.358,0.153,0.052,0.152,0.052,0.222,0.219,0.26
670,0.374,0.141,0.054,0.231,0.167,0.052,0.055,0.301,0.677,2.628,0.049,0.232,0.128,0.049,0.655,0.052,0.048,0.551,0.18,0.051,0.045,0.357,0.336,0.114,0.191,0.106,0.051,0.028,0.226,0.053,0.215,0.056,0.057,0.088,0.043,0.055,0.117,0.052,0.048,0.043,0.323,0.054,0.588,0.354,0.343,0.279,0.057,0.298,0.153,0.052,0.053,0.229,0.222,0.219,0.26
671,0.374,0.141,0.054,0.231,0.367,0.052,0.055,0.301,0.677,2.628,0.049,0.232,0.128,0.049,0.655,0.052,0.048,0.551,0.18,0.051,0.045,0.357,0.336,0.114,1.23,0.106,0.051,0.028,0.226,0.053,0.215,0.056,0.057,0.088,0.043,0.055,0.117,0.052,0.048,0.043,0.383,0.054,0.588,0.354,0.343,0.279,0.057,0.475,0.153,0.052,0.053,0.229,0.162,0.219,0.26
672,0.374,0.341,0.054,0.231,0.367,0.052,0.055,0.043,0.677,2.628,0.049,0.232,0.128,0.049,0.655,0.052,0.048,0.551,0.18,0.051,0.045,0.357,0.336,0.114,1.23,0.106,0.051,0.028,0.226,0.053,0.215,0.056,0.057,0.088,0.043,0.055,0.117,0.052,0.048,0.043,0.383,0.054,0.588,0.354,0.343,0.279,0.057,0.367,0.153,0.052,0.053,0.229,0.162,0.219,0.26
673,0.374,0.341,0.054,0.231,0.367,0.052,0.055,0.043,0.677,2.628,0.049,0.232,0.128,0.049,0.605,0.052,0.048,0.551,0.18,0.051,0.045,0.357,0.336,0.114,1.23,0.106,0.051,0.028,0.226,0.053,0.215,0.056,0.057,0.088,0.043,0.055,0.117,0.052,0.048,0.043,0.383,0.054,0.24,0.354,0.343,0.279,0.057,0.685,0.153,0.052,0.053,0.229,0.162,0.219,0.26
674,0.53,0.341,0.054,0.231,0.367,0.052,0.055,0.043,0.677,2.628,0.049,0.376,0.128,0.049,0.605,0.052,0.048,0.491,0.357,0.051,0.045,0.357,0.336,0.114,0.33,0.106,0.051,0.028,0.226,0.053,0.215,0.056,0.057,0.088,0.043,0.055,0.117,0.052,0.048,0.043,0.492,0.054,0.24,0.354,0.343,0.279,0.057,0.685,0.153,0.052,0.053,0.229,0.162,0.219,0.055
675,0.53,0.341,0.054,0.048,0.367,0.052,0.055,0.043,0.677,2.628,0.049,0.376,0.128,0.049,0.585,0.052,0.048,0.33,0.357,0.051,0.045,0.357,0.336,0.114,0.33,0.283,0.051,0.028,0.226,0.053,0.215,0.056,0.057,0.088,0.043,0.055,0.117,0.052,0.048,0.043,0.492,0.054,0.24,0.354,0.343,2.688,0.057,2.668,0.153,0.052,0.053,0.229,0.162,0.219,0.055
676,0.53,0.341,0.054,0.048,0.367,0.052,0.055,0.043,0.677,2.628,0.049,0.376,0.128,0.049,0.585,0.183,0.048,0.33,0.18,0.051,0.045,0.16,0.336,0.114,0.33,0.283,0.051,0.028,0.226,0.053,0.215,0.056,0.057,0.088,0.043,0.055,0.117,0.052,0.048,0.043,0.432,0.054,0.24,0.354,0.343,2.495,0.057,2.668,0.153,0.052,0.053,0.229,0.162,0.219,0.055
677,0.53,0.341,0.054,0.048,0.367,0.052,0.055,0.043,0.677,2.628,0.049,0.376,0.305,0.049,0.585,0.183,0.048,0.33,0.18,0.051,0.045,0.16,0.484,0.229,0.33,0.601,0.051,0.028,0.226,0.053,0.215,0.056,0.057,0.088,0.043,0.055,0.117,0.052,0.048,0.043,0.432,0.054,0.24,0.354,0.343,2.495,0.057,2.668,0.153,0.052,0.053,0.229,0.162,0.219,0.055
678,0.53,0.341,0.054,0.048,0.367,0.052,0.055,0.043,0.677,2.628,0.049,0.376,0.305,0.049,0.585,0.183,0.048,0.33,0.18,0.051,0.24,0.16,0.484,0.229,0.198,0.601,0.051,0.028,0.226,0.053,0.215,0.056,0.057,0.088,0.043,0.055,0.117,0.052,0.048,0.043,0.432,0.054,0.24,0.354,0.355,0.246,0.057,4.6,0.153,0.052,0.053,0.229,0.162,0.219,0.055
679,0.53,0.341,0.054,0.048,0.367,0.052,0.055,0.043,0.677,2.628,0.049,0.542,0.623,0.049,0.585,0.183,0.048,0.33,0.18,0.051,0.24,0.16,0.484,0.229,0.198,0.775,0.051,0.028,0.226,0.053,0.215,0.056,0.057,0.088,0.043,0.055,0.117,0.052,0.048,0.043,0.432,0.054,0.24,0.354,0.355,0.246,0.057,4.6,0.153,0.052,0.053,0.229,0.174,0.219,0.055
680,0.53,0.341,0.054,0.194,2.509,0.052,0.055,0.043,0.677,2.628,0.049,0.542,0.623,0.171,0.585,0.183,0.048,0.33,0.18,0.051,0.24,0.16,0.484,0.229,0.05,0.775,0.051,0.028,0.226,0.053,0.215,0.056,0.057,0.045,0.043,0.067,0.117,0.052,0.048,0.043,0.432,0.054,0.05,0.354,0.355,0.246,0.057,4.6,0.153,0.052,0.053,0.229,0.174,0.219,0.055
681,0.53,0.341,0.054,0.194,2.509,0.052,0.055,0.043,0.677,2.628,0.049,0.542,0.623,0.171,0.585,0.183,0.048,0.33,0.18,0.051,0.24,0.16,0.484,0.229,0.153,0.775,0.051,0.028,0.261,0.053,0.215,0.056,0.057,0.045,0.043,0.067,0.117,0.052,0.048,0.043,0.432,0.054,0.05,0.354,0.355,0.246,0.057,4.6,0.153,0.052,0.053,0.229,0.174,0.219,0.055
682,0.53,0.341,0.054,0.194,2.509,0.052,0.055,0.043,0.677,2.628,0.049,0.542,0.623,0.171,0.572,0.183,0.048,0.33,0.18,0.051,0.24,0.16,0.484,0.229,0.153,0.208,0.051,0.028,0.226,0.053,0.215,0.056,0.057,0.045,0.043,0.208,0.117,0.052,0.048,0.043,0.432,0.054,0.05,0.354,0.191,0.246,0.057,4.6,0.153,0.052,0.053,0.229,0.174,0.219,0.055
683,0.53,0.341,0.054,0.194,2.523,0.052,0.055,0.043,0.455,2.628,0.049,0.379,0.623,0.171,2.799,0.183,0.249,0.33,0.18,0.051,0.24,0.16,0.384,0.229,0.153,0.208,0.051,0.028,0.226,0.053,0.215,0.056,0.167,0.045,0.043,0.208,0.117,0.052,0.048,0.043,0.432,0.054,0.05,0.354,0.191,0.246,0.057,4.6,0.153,0.052,0.053,0.229,0.174,0.219,0.055
684,0.53,0.341,0.054,0.194,2.635,0.052,0.055,0.043,0.281,2.628,0.057,0.379,0.056,0.171,2.799,0.183,0.249,0.33,0.18,0.051,0.24,0.16,0.203,0.229,0.153,0.208,0.267,0.028,0.226,0.053,0.215,0.056,0.167,0.045,0.043,0.208,0.117,0.052,0.048,0.043,0.432,0.16,0.05,0.155,0.191,0.246,0.057,4.6,0.153,0.052,0.053,0.229,0.174,0.219,0.055
685,0.53,0.341,0.054,0.373,2.435,0.052,0.055,0.043,0.281,2.628,0.057,0.379,0.056,0.171,2.799,0.183,0.249,0.33,0.18,0.051,0.24,0.054,0.203,0.441,0.343,0.208,0.371,0.028,0.226,0.053,0.215,0.056,0.167,0.045,0.043,0.208,0.188,0.052,0.048,0.043,0.432,0.16,0.05,0.155,0.191,0.246,0.057,4.6,0.153,0.052,0.053,0.229,0.174,0.219,0.055
686,0.53,0.341,0.054,0.373,2.435,0.052,0.055,0.043,0.281,2.628,0.057,0.379,0.056,0.171,0.572,0.183,0.249,0.33,0.18,0.051,0.24,0.054,0.203,0.441,0.343,0.208,8.134,0.028,0.226,0.053,0.215,0.056,0.167,0.045,0.043,0.208,0.188,0.052,0.048,0.043,0.432,0.16,0.05,0.155,0.191,0.246,0.057,4.6,0.054,0.052,0.053,0.229,0.174,0.219,0.055
687,0.53,0.341,0.054,0.373,2.435,0.052,0.055,0.043,0.281,2.628,0.057,0.379,0.056,0.171,0.572,0.183,0.249,0.33,0.367,0.051,0.24,0.054,0.203,0.441,0.343,0.208,8.134,0.028,0.226,0.053,0.215,0.056,0.167,0.045,0.043,0.208,0.188,0.052,0.048,0.043,0.432,0.16,0.05,0.259,0.191,0.246,0.057,4.6,0.054,0.052,0.053,0.229,0.174,0.219,0.055
688,0.53,0.244,0.054,0.373,2.435,0.052,0.055,0.043,0.281,2.628,0.057,0.379,0.056,0.171,0.572,0.183,0.249,0.33,0.367,0.051,0.24,0.054,0.203,0.441,0.343,0.208,8.134,0.028,0.226,0.053,0.215,0.056,0.167,0.045,0.043,0.208,0.374,0.052,0.048,0.043,0.432,0.16,0.05,0.259,0.191,0.246,0.057,4.6,0.054,0.052,0.053,0.229,0.174,0.219,0.055
689,0.53,0.244,0.054,0.373,2.435,0.052,0.055,0.043,0.281,2.628,0.057,0.379,0.056,0.171,0.572,0.183,0.249,0.33,0.19,0.051,0.24,0.054,0.203,0.441,0.343,0.208,0.371,0.028,0.226,0.053,0.215,0.056,0.167,0.045,0.043,0.208,0.374,0.052,0.048,0.043,0.288,0.16,0.05,0.259,0.191,0.37,0.057,4.6,0.054,0.052,0.053,0.229,0.174,0.219,0.055
690,0.53,0.244,0.054,0.373,2.435,0.052,0.055,0.229,0.281,2.628,0.057,0.379,0.056,0.282,0.572,0.183,0.249,0.33,0.19,0.051,0.24,0.054,0.203,0.441,0.343,0.208,0.371,0.028,0.226,0.173,0.215,0.327,0.167,0.045,0.043,0.196,0.197,0.052,0.048,0.043,0.288,0.16,0.05,0.133,0.191,0.37,0.057,4.6,0.054,0.052,0.053,0.229,0.174,0.048,0.055
691,0.53,0.244,0.054,0.373,2.435,0.052,0.055,0.229,0.281,2.628,0.057,0.379,0.056,0.282,0.572,0.183,0.249,0.227,0.19,0.051,0.24,0.054,0.203,0.441,0.343,0.208,0.371,0.028,0.226,0.173,0.215,0.327,0.167,0.176,0.043,0.196,0.257,0.052,0.048,0.043,0.288,0.16,0.05,0.133,0.191,0.382,0.057,4.6,0.054,0.052,0.053,0.229,0.174,0.048,0.055
692,0.53,0.244,0.054,0.373,2.435,0.052,0.055,0.229,0.281,2.628,0.057,0.379,0.056,0.282,0.572,0.183,0.249,0.227,0.19,0.051,0.24,0.054,0.203,0.441,0.343,0.208,0.371,0.028,0.226,0.173,0.215,0.448,0.167,0.176,0.043,0.196,0.257,0.052,0.048,0.043,0.179,0.16,0.05,0.133,0.191,0.382,0.057,4.6,0.054,0.052,0.053,0.052,0.174,0.048,0.055
693,0.53,0.244,0.054,0.373,2.435,0.052,0.055,0.229,0.281,2.628,0.057,0.598,0.056,0.282,0.572,0.183,0.249,0.227,0.19,0.051,0.24,0.054,0.203,0.441,0.343,0.208,0.371,0.028,0.226,0.173,0.215,0.448,0.167,0.176,0.043,0.196,0.257,0.052,0.048,0.043,0.179,0.16,0.05,0.133,0.191,0.382,0.245,4.6,0.054,0.052,0.053,0.052,0.174,0.048,0.055
694,0.53,0.044,0.054,2.849,3.438,0.052,0.055,0.229,0.281,2.628,0.821,0.454,0.056,0.282,0.572,0.183,0.249,0.227,0.19,0.051,0.24,0.054,0.203,0.441,0.343,0.208,0.371,0.028,0.226,0.173,0.215,0.448,0.167,0.176,0.043,0.196,0.277,0.052,0.048,0.043,0.179,0.16,0.084,0.133,0.191,0.382,0.245,4.6,0.054,0.156,0.053,0.052,0.174,0.048,0.055
695,0.53,0.044,0.054,2.849,3.438,0.052,0.055,0.229,0.281,2.628,0.821,0.437,0.056,0.291,0.572,0.183,0.249,0.227,0.19,0.051,0.24,0.054,0.203,0.326,0.343,0.208,0.371,0.028,0.226,0.173,0.215,0.625,0.167,0.176,0.043,0.196,0.277,0.052,0.048,0.043,0.179,0.16,0.084,0.133,0.191,0.382,0.245,4.6,0.054,0.156,0.053,0.052,0.174,0.048,0.055
696,0.374,0.044,0.054,2.849,3.438,0.052,0.055,0.229,0.281,2.628,0.821,0.437,0.056,0.291,0.572,0.052,0.249,0.227,0.19,0.051,0.24,0.054,0.203,0.326,0.343,0.208,0.371,0.028,0.226,0.173,0.215,0.625,0.167,0.176,0.043,0.196,0.317,0.052,0.048,0.043,0.179,0.16,0.084,0.133,0.191,0.37,0.245,2.617,0.054,0.156,0.053,0.052,0.174,0.048,0.055
697,0.374,0.044,0.054,2.849,2.435,0.052,0.055,0.229,0.266,2.628,0.821,0.437,0.056,0.282,0.572,0.052,0.249,0.227,0.19,0.171,0.24,0.054,0.203,0.326,0.343,0.208,0.371,0.028,2.399,0.173,0.215,0.625,0.167,0.176,0.043,0.196,0.317,0.052,0.048,0.043,0.179,0.16,0.084,0.133,0.191,0.21,0.245,2.617,0.054,0.156,0.053,0.052,0.174,0.048,0.055
698,0.374,0.044,0.054,2.849,2.435,0.052,0.055,0.229,0.266,2.628,0.821,0.437,0.056,0.049,0.572,0.052,0.249,0.227,0.19,0.171,0.24,0.054,0.203,0.326,0.343,0.208,0.371,0.028,2.399,0.233,0.215,0.625,0.167,0.176,0.161,0.196,0.317,0.052,0.048,0.043,0.179,0.16,0.084,0.133,0.191,0.21,0.245,2.617,0.054,0.156,0.053,0.052,0.174,0.048,0.055
699,0.374,0.044,0.054,2.849,2.435,0.052,0.055,0.229,0.266,2.628,0.821,0.437,0.056,0.049,0.572,0.052,0.249,0.227,0.19,0.388,0.24,0.054,0.203,0.114,0.24,0.208,0.371,0.028,2.399,0.273,0.215,0.625,0.167,0.176,0.161,0.196,0.436,0.052,0.048,0.043,0.179,0.16,0.084,0.133,0.191,0.21,0.245,2.617,0.054,0.156,0.053,0.052,0.174,0.048,0.055
700,0.036,0.044,0.054,2.849,0.293,0.052,0.055,0.229,0.266,2.628,0.821,0.437,0.056,0.049,0.572,0.272,0.249,0.193,0.352,0.388,0.045,0.054,0.203,0.114,0.24,0.208,0.371,0.028,2.399,0.273,0.215,0.625,0.167,0.176,0.161,0.196,0.436,0.052,0.048,0.043,0.179,0.16,0.084,0.133,0.191,0.21,0.245,2.617,0.054,0.156,0.053,0.052,0.174,0.048,0.174
701,0.036,0.044,0.054,2.839,0.293,0.052,0.055,0.229,0.266,2.628,0.821,0.271,0.056,0.049,0.572,0.332,0.249,0.193,0.352,0.388,0.045,0.054,0.203,3.402,0.24,0.034,0.371,0.028,2.399,0.273,0.215,0.625,0.057,0.176,0.161,0.196,0.613,0.052,0.048,0.043,0.179,0.16,0.084,0.133,0.231,0.21,0.245,2.617,0.054,0.156,0.053,0.052,0.139,0.048,0.174
702,0.036,0.044,0.054,2.839,0.293,0.052,0.209,0.229,0.266,2.805,0.821,0.271,0.056,0.049,0.572,0.332,0.249,0.193,0.175,0.388,0.045,0.054,0.203,3.402,0.24,0.034,0.489,0.028,2.399,0.273,0.215,0.625,0.057,0.176,0.161,0.055,0.613,0.052,0.048,0.043,0.179,0.054,0.084,0.133,2.942,0.21,0.245,2.617,0.054,0.156,0.053,0.052,0.139,0.048,0.174
703,0.036,0.044,0.054,2.839,0.293,0.052,0.209,0.229,0.266,2.805,0.821,0.271,0.056,0.049,0.572,0.332,0.249,0.193,0.175,0.388,0.045,0.054,0.203,3.402,0.24,0.034,0.385,0.242,2.399,0.273,0.215,2.708,0.057,0.176,0.161,0.055,0.436,0.052,0.048,0.389,0.179,0.054,0.084,0.133,2.942,0.21,0.245,2.617,0.054,0.156,0.053,0.052,0.139,0.048,0.174
704,0.036,0.044,0.054,2.839,0.293,0.052,0.209,0.229,0.266,2.628,0.821,0.271,0.056,0.049,0.572,0.272,0.249,0.193,0.175,0.388,0.045,0.054,0.203,3.402,0.24,0.034,0.398,0.242,2.399,0.313,0.215,2.708,0.057,0.176,0.334,0.055,0.436,0.052,0.048,0.389,0.179,0.054,0.084,0.133,2.942,0.21,0.245,2.617,0.054,0.156,0.053,0.052,0.139,0.048,0.174
705,0.036,0.044,0.054,2.839,0.293,0.052,0.209,0.229,0.266,2.628,0.821,0.271,0.056,0.049,0.431,0.272,0.048,1.807,0.175,0.388,0.045,0.054,0.203,3.402,0.24,0.034,0.398,0.242,2.399,0.373,0.215,2.708,0.057,0.176,0.334,0.055,0.436,0.052,0.048,0.389,1.017,0.054,0.084,0.029,2.942,0.21,0.245,2.617,0.054,0.156,0.053,0.052,0.139,0.048,0.174
706,0.036,0.044,0.054,2.839,0.293,0.052,0.209,0.229,0.266,2.628,0.821,0.271,0.056,0.049,0.431,0.272,0.048,1.807,0.175,0.388,0.045,0.054,0.203,3.402,0.24,0.034,0.182,0.242,2.399,0.373,0.215,2.708,0.057,0.176,0.334,0.055,0.436,0.052,0.048,0.389,1.017,0.054,0.084,0.029,2.942,0.21,0.245,2.617,0.054,0.156,0.053,0.052,0.139,0.048,0.174
707,0.036,0.044,0.054,2.66,0.293,0.052,0.209,0.229,0.266,2.628,0.821,0.271,0.056,0.049,0.431,0.272,0.048,2.028,0.175,0.388,0.045,0.054,0.203,3.402,0.05,0.034,0.182,0.242,2.399,0.333,0.215,2.708,0.057,0.176,0.334,0.055,0.448,0.052,0.048,0.389,1.017,0.054,0.084,0.029,2.942,0.086,0.245,2.617,0.054,0.156,0.053,0.052,0.139,0.048,0.174
708,0.036,0.044,0.054,2.647,0.293,0.052,0.209,0.229,0.266,2.628,0.821,0.271,0.056,0.049,0.431,0.272,0.048,0.414,0.175,0.388,0.045,0.054,0.203,3.402,0.05,0.034,0.182,0.242,2.399,0.333,0.215,2.888,0.057,0.176,0.334,0.055,0.448,0.052,0.048,0.389,0.368,0.054,0.084,0.029,2.942,0.086,0.245,2.617,0.054,0.156,0.053,0.052,0.139,0.048,0.174
709,0.036,0.044,0.054,2.647,0.293,0.052,0.209,2.48,0.266,2.628,0.821,0.271,0.056,0.049,0.431,0.272,0.048,0.414,0.175,0.388,0.045,0.054,0.203,3.402,0.05,0.034,0.182,0.242,2.399,0.333,0.215,2.888,0.057,0.045,0.334,0.055,0.448,0.228,0.048,0.389,0.368,0.054,0.084,0.029,2.942,0.086,0.245,2.617,0.054,0.31,0.152,0.052,0.139,0.048,0.174
710,0.036,0.044,0.054,2.647,0.293,0.052,0.209,0.229,0.266,2.628,0.821,0.271,0.085,0.21,0.431,0.272,0.048,0.27,0.175,0.388,0.045,0.054,0.203,3.402,0.05,0.034,0.182,0.242,2.399,0.333,0.215,2.777,0.193,0.045,0.334,0.055,0.448,0.228,0.048,0.389,0.368,0.054,0.084,0.029,2.942,0.086,0.245,2.617,0.054,0.31,0.152,0.052,0.139,0.048,0.174
711,0.036,0.044,0.054,2.647,0.293,0.052,0.209,0.229,2.126,2.628,0.821,0.181,0.085,0.27,0.431,0.272,0.048,0.27,0.175,0.388,0.045,0.054,0.203,3.402,0.05,0.034,0.182,0.242,2.399,0.333,0.215,2.762,0.193,0.045,0.334,0.055,0.388,0.228,0.048,0.389,0.368,0.054,0.084,0.029,2.942,0.086,0.352,2.617,0.054,0.31,0.152,0.052,0.139,0.048,0.174
712,0.036,0.044,0.054,2.647,0.293,0.052,0.209,0.201,2.126,2.628,0.821,0.181,0.085,0.27,0.431,0.195,0.048,0.27,0.327,0.388,0.045,0.054,0.203,3.402,0.05,0.034,0.182,0.242,2.399,0.333,0.215,2.762,0.193,0.045,0.334,0.055,0.317,0.228,0.048,0.389,0.368,0.054,0.084,0.029,2.942,0.086,0.352,2.617,0.054,0.206,0.152,0.052,0.139,0.048,0.174
713,0.036,0.044,0.054,2.647,0.293,0.052,0.209,0.201,2.126,2.628,0.821,0.181,0.085,0.37,0.431,0.195,0.048,0.27,0.504,0.388,0.045,0.054,0.203,3.402,0.05,0.034,0.182,0.242,2.399,0.333,0.215,5.723,0.193,0.228,0.334,0.055,0.297,0.228,0.048,0.389,0.368,0.054,0.084,0.029,2.942,0.086,0.352,2.617,0.054,0.206,0.152,0.052,0.139,0.048,0.174
714,0.036,0.044,0.054,2.66,0.293,0.052,0.209,0.201,2.126,2.628,0.821,0.052,0.085,0.33,0.431,0.195,0.048,0.27,0.504,0.388,0.045,0.054,0.203,3.402,0.05,0.034,0.182,0.242,2.424,0.333,0.215,5.723,0.193,0.228,0.334,0.055,0.474,0.228,0.048,0.389,0.368,0.054,0.084,0.029,2.942,0.086,0.352,2.617,0.054,0.206,0.152,0.052,0.139,0.048,0.174
715,0.036,0.044,0.054,2.66,0.293,0.052,0.209,0.201,2.126,2.805,0.821,0.052,0.085,0.33,0.431,0.195,0.048,0.27,0.822,0.268,0.045,0.054,0.203,3.402,0.05,0.034,0.182,0.242,2.645,0.499,0.215,5.723,0.193,0.228,0.334,0.055,0.474,0.228,0.048,0.389,0.368,0.054,0.084,0.029,2.942,0.049,0.164,2.617,0.256,0.206,0.152,0.052,0.139,0.048,0.174
716,0.036,0.044,0.054,2.537,0.293,0.052,0.209,0.201,2.126,2.805,0.821,0.052,0.085,0.33,0.431,0.195,0.048,0.27,0.822,0.268,0.045,0.054,0.203,3.402,0.05,0.034,0.182,0.242,2.645,0.499,0.215,5.723,0.193,0.228,0.216,0.055,0.297,0.228,0.048,0.389,0.368,0.054,0.084,0.029,2.942,0.049,0.164,2.617,0.256,0.206,0.152,0.052,0.139,0.048,0.174
717,0.036,0.044,0.054,2.537,0.293,0.052,0.209,0.201,2.126,2.628,0.821,0.052,0.085,0.33,0.431,0.195,0.048,0.27,0.837,0.268,0.045,0.054,1.19,3.402,0.05,0.034,0.182,0.028,2.645,0.499,0.215,5.546,0.193,0.228,0.216,0.055,0.297,0.228,0.048,0.389,0.368,0.054,0.084,0.029,2.942,0.049,0.164,2.617,0.256,0.206,0.152,0.052,0.139,0.048,0.174
718,0.036,0.044,0.054,2.537,0.293,0.052,0.209,0.201,2.126,2.628,0.821,0.052,0.085,0.33,0.431,0.195,0.048,0.27,0.837,0.268,0.045,0.054,1.19,3.402,0.05,0.034,0.182,0.028,2.645,0.499,0.215,5.606,1.9,0.228,0.216,0.055,0.297,0.228,0.048,0.389,0.368,0.054,0.084,0.029,3.078,0.049,0.164,2.617,0.256,0.206,0.152,0.052,0.139,0.048,0.055
719,0.036,0.044,0.054,2.537,0.293,0.052,0.209,0.201,2.126,2.628,0.821,0.052,0.085,0.33,0.431,0.195,0.048,0.27,0.837,0.268,0.045,0.054,1.29,3.402,0.05,0.034,0.182,0.028,2.645,0.499,0.215,5.546,1.9,0.228,0.216,0.055,0.297,0.228,0.048,0.389,0.368,0.054,0.084,0.029,3.078,0.049,0.164,2.617,0.256,0.206,0.152,0.052,0.139,0.048,0.055
720,0.036,0.044,0.054,2.537,0.161,0.052,0.348,0.201,2.126,2.628,0.821,0.052,0.085,0.39,0.431,0.195,0.048,0.27,0.27,0.268,0.045,0.054,0.303,3.402,0.05,0.034,0.182,0.028,2.811,0.644,0.18,0.236,1.9,0.228,0.216,0.055,0.297,0.228,0.048,0.389,0.368,0.054,0.144,0.029,3.078,0.049,0.152,2.617,0.256,0.206,0.152,0.052,0.139,0.048,0.055
721,0.036,0.044,0.054,2.537,0.161,0.052,0.348,0.201,2.126,2.628,0.821,0.052,0.085,0.39,0.601,0.195,0.048,0.27,0.27,0.051,0.045,0.054,0.303,0.114,0.05,0.034,0.182,0.028,2.811,0.519,0.18,0.236,0.193,0.228,0.216,0.055,2.707,0.228,0.048,0.257,0.368,0.054,0.144,0.029,3.078,0.086,0.152,2.617,0.256,0.206,0.152,0.052,0.139,0.048,0.055
722,0.036,0.044,0.054,2.537,0.161,0.052,0.348,0.201,2.126,2.628,0.821,0.052,0.085,0.39,0.601,0.195,0.048,0.27,0.27,0.051,0.045,0.054,0.303,0.114,0.191,0.034,0.182,0.028,2.811,0.499,0.18,0.236,0.193,0.228,0.216,0.055,2.707,0.228,0.048,0.257,0.368,0.054,0.144,0.029,0.387,0.086,0.152,2.617,0.256,0.206,0.152,0.052,0.139,0.048,0.055
723,0.036,0.044,0.054,2.537,0.161,0.052,0.348,0.201,2.126,2.628,0.821,0.052,0.085,0.39,0.601,0.195,0.048,0.431,0.27,0.051,0.045,0.054,0.303,0.114,0.191,0.034,0.182,0.028,2.811,2.77,0.18,0.236,0.193,0.228,0.216,0.055,2.707,0.228,0.048,0.257,0.368,0.054,0.144,0.029,0.387,0.086,0.152,2.617,0.256,0.206,0.152,0.052,0.139,0.048,0.055
724,0.036,0.044,0.054,2.537,0.161,0.052,0.194,0.201,2.126,2.628,0.057,0.052,0.085,0.39,0.601,0.195,0.048,0.431,0.23,0.051,0.045,0.054,0.303,0.114,0.191,0.034,0.182,0.028,0.638,2.77,0.18,0.236,0.193,0.228,0.216,0.055,2.74,0.228,0.048,0.257,0.368,0.054,0.334,0.029,3.138,0.086,0.152,2.617,0.355,0.206,0.152,0.052,0.139,0.048,0.055
725,0.036,0.044,0.054,2.537,0.161,0.052,0.194,0.201,2.066,2.628,0.057,0.052,0.085,0.418,0.601,0.195,0.048,0.431,0.23,0.051,0.045,0.054,0.303,0.114,0.191,0.034,0.182,0.028,0.638,2.77,0.18,0.236,0.193,0.228,0.216,0.055,2.74,0.228,0.048,0.043,0.368,0.054,0.334,0.029,3.138,0.086,0.152,2.617,0.355,0.206,0.152,0.052,0.139,0.048,0.055
726,0.036,0.044,0.054,2.537,0.161,0.052,0.207,0.201,2.066,0.129,0.057,0.052,0.085,0.418,0.601,0.195,0.048,0.431,0.23,0.051,0.045,0.054,0.303,0.114,0.191,0.034,0.182,0.028,0.638,0.599,2.89,0.236,0.193,0.228,0.043,0.055,4.806,0.228,0.048,0.043,0.368,0.054,0.682,0.029,3.138,0.086,0.152,2.617,0.355,0.206,0.152,0.052,0.325,0.048,0.055
727,0.036,0.044,0.054,2.537,0.161,0.052,0.207,0.371,5.225,0.129,0.057,0.052,0.085,0.418,0.601,0.312,0.048,0.431,0.23,0.051,0.045,0.054,0.303,0.114,0.191,0.034,0.182,0.028,0.638,0.599,2.89,0.236,0.193,0.228,0.043,0.055,4.983,0.228,0.048,0.043,0.368,0.054,0.682,0.029,3.138,0.086,0.152,2.617,0.355,0.206,0.053,0.052,0.346,0.048,0.055
728,0.036,0.044,0.054,2.537,0.161,0.052,0.207,0.371,5.225,0.306,0.057,0.052,0.085,0.418,0.601,0.312,0.048,0.431,2.286,0.051,0.045,0.054,0.303,0.114,0.191,0.034,0.182,0.028,0.638,0.599,2.89,0.056,0.193,0.228,0.043,0.055,4.983,0.228,0.048,0.043,0.368,0.054,0.682,0.029,3.302,0.086,0.152,2.617,0.355,0.206,0.053,0.052,0.346,0.048,0.055
729,0.036,0.044,0.054,2.537,0.161,0.052,0.207,0.371,5.225,0.306,0.057,0.052,0.085,0.418,0.541,0.312,0.048,0.21,2.286,0.051,0.045,0.054,0.303,0.114,0.191,0.034,0.182,0.028,0.638,0.393,4.211,0.056,0.193,0.228,0.043,0.055,3.195,0.228,0.048,0.043,0.368,0.054,0.682,0.029,3.302,0.086,0.045,2.617,0.355,0.052,0.053,0.052,0.346,0.048,0.055
730,0.036,0.193,0.054,2.537,0.035,0.052,0.207,0.371,5.447,0.129,0.049,0.052,0.085,0.257,0.541,0.312,0.048,0.21,2.286,0.051,0.045,0.054,0.303,0.114,0.191,0.034,0.182,0.028,0.638,0.568,4.211,0.056,0.193,0.228,0.043,0.055,3.195,0.228,0.048,0.043,0.179,0.054,0.334,0.228,0.217,0.086,0.045,2.617,0.355,0.052,0.053,0.052,0.346,0.048,0.055
731,0.036,0.193,0.054,2.537,0.035,0.052,0.207,0.371,5.447,0.129,0.049,0.052,0.085,0.257,0.541,0.312,0.048,0.21,0.23,0.051,0.045,0.054,0.484,0.127,0.191,0.034,0.182,0.028,0.638,0.508,4.211,0.056,0.193,0.228,0.043,0.055,3.195,0.052,0.048,0.043,0.179,0.054,0.334,0.228,0.217,0.086,0.045,2.617,0.355,0.052,0.053,0.052,0.346,0.048,0.055
732,0.036,0.193,0.054,2.72,0.035,0.052,0.207,0.213,5.447,0.129,0.049,0.052,0.085,0.257,0.541,0.312,0.048,0.21,0.078,0.051,0.045,0.054,0.484,0.127,0.191,0.034,0.182,0.028,0.638,0.508,4.211,0.056,0.193,0.228,0.043,0.055,3.195,0.052,0.048,0.043,0.179,0.054,0.334,0.228,0.217,0.086,0.045,2.617,0.355,0.052,0.053,0.052,0.346,0.048,0.055
733,0.036,0.193,0.054,2.72,0.035,0.052,0.207,0.213,5.447,0.129,0.049,0.052,0.085,0.257,0.541,0.312,0.048,0.21,0.078,0.051,0.045,0.054,0.484,0.127,0.191,0.034,0.182,0.028,0.638,0.433,4.211,0.056,0.193,0.228,0.043,0.055,3.195,0.052,0.048,0.043,0.179,0.054,0.334,0.228,0.217,0.086,0.045,2.617,0.355,0.052,0.053,0.052,0.346,0.048,0.055
734,0.036,0.193,0.054,2.72,0.035,0.052,0.207,0.213,5.621,0.129,0.188,0.052,0.085,0.257,0.541,0.312,0.048,0.21,0.078,0.051,0.045,0.054,0.484,0.127,0.191,0.034,0.182,0.028,0.638,0.433,4.211,0.056,0.193,0.228,0.043,0.055,2.509,0.052,0.048,0.043,0.288,0.054,0.334,0.228,0.217,0.086,0.045,2.617,0.355,0.052,0.053,0.052,0.346,0.048,0.055
735,0.036,0.193,0.054,2.72,0.035,0.052,0.207,0.213,5.621,0.129,0.188,0.052,0.085,0.257,0.541,0.312,0.048,0.21,0.078,0.051,0.045,0.054,0.544,0.127,0.191,0.034,0.182,0.028,0.638,0.433,4.211,0.056,0.193,0.045,0.043,0.055,2.509,0.052,0.048,0.043,0.288,0.054,0.334,0.228,0.217,0.086,0.045,2.617,0.355,0.052,0.053,0.052,0.346,0.048,0.055
736,0.036,0.193,0.054,2.838,0.035,0.052,0.207,0.213,5.621,0.129,0.188,0.052,0.085,0.257,0.541,8.827,0.048,0.21,0.078,0.051,0.045,0.054,0.484,0.127,0.191,0.034,0.182,0.028,0.638,0.433,4.211,0.056,0.193,0.045,0.043,0.055,2.509,0.052,0.048,0.043,0.288,0.054,0.334,0.228,0.217,0.086,0.045,2.617,0.355,0.052,0.053,0.052,0.346,0.048,0.055
737,0.036,0.193,0.054,2.838,0.035,0.052,0.207,0.213,5.621,0.129,0.188,0.052,0.085,0.257,0.541,8.827,0.048,0.21,0.078,0.051,0.045,0.054,0.384,0.127,0.191,0.034,0.182,0.028,0.417,0.373,4.211,0.056,0.193,0.045,0.043,0.055,2.509,0.052,0.048,0.043,0.288,0.054,0.334,0.228,0.217,0.086,0.045,2.617,0.153,0.052,0.053,0.052,0.346,0.048,0.055
738,0.036,0.193,0.054,2.838,0.035,0.052,2.486,0.213,3.761,0.129,0.188,0.052,0.085,0.257,0.541,8.827,0.048,0.21,0.078,0.051,0.045,0.251,2.608,0.127,0.191,0.034,0.182,0.028,0.357,0.373,4.211,0.056,0.193,0.045,0.043,0.055,2.509,0.052,0.048,0.043,0.288,0.054,0.334,0.228,0.217,0.086,0.045,0.118,0.153,0.052,0.053,0.052,0.346,0.048,0.055
739,0.036,0.193,0.054,2.838,0.035,0.052,2.486,0.213,3.761,0.129,0.188,0.052,0.085,0.257,0.541,0.312,0.048,0.21,0.078,0.051,0.045,0.251,2.608,0.127,0.191,0.034,0.182,0.028,0.357,0.373,4.211,0.056,0.193,0.045,0.043,0.055,2.5,0.052,0.048,0.043,0.288,0.054,0.334,0.228,0.217,0.086,0.045,0.118,0.153,0.052,0.053,0.052,0.334,0.048,0.055
740,0.192,0.193,0.054,2.838,0.035,0.052,2.486,0.213,3.761,0.129,0.188,0.052,0.056,0.257,0.541,0.312,0.048,0.21,0.078,0.051,0.045,0.251,2.608,0.127,0.191,0.034,0.182,0.028,0.191,0.373,4.211,0.056,0.193,0.045,0.043,0.055,2.5,0.052,0.048,0.043,0.288,0.054,0.334,0.228,0.217,0.086,0.045,0.118,0.153,0.052,0.053,0.052,0.334,0.048,0.055
741,0.192,0.393,0.054,2.838,0.035,0.052,2.486,0.043,3.789,0.306,0.188,0.052,0.056,0.257,0.541,0.312,0.048,0.21,0.078,0.051,0.045,0.251,0.384,0.127,0.191,0.034,0.182,0.028,0.191,0.373,4.211,0.056,0.193,0.045,0.043,0.055,2.5,0.052,0.048,0.043,0.288,0.054,0.334,0.228,0.217,0.086,0.045,0.118,0.153,0.052,0.053,0.052,0.334,0.048,0.055
742,0.192,0.393,0.054,2.838,0.035,0.052,2.526,0.043,3.789,0.306,0.188,0.052,0.056,0.257,0.541,0.312,0.048,0.21,0.078,0.051,0.045,0.251,0.384,0.127,0.05,0.034,0.182,0.028,0.191,0.273,1.501,0.056,0.193,0.045,0.043,0.055,2.5,0.052,0.048,0.043,0.288,0.16,0.334,0.228,0.217,0.086,0.045,0.118,0.054,0.052,0.053,0.052,0.334,0.048,0.055
743,0.192,0.393,0.054,2.848,0.035,0.052,2.526,0.043,3.789,0.624,0.188,0.052,0.056,0.257,0.371,0.312,0.048,0.049,0.078,0.051,0.045,0.251,0.384,0.127,0.05,0.034,0.182,0.028,0.191,0.273,1.501,0.056,0.193,0.045,0.043,0.055,2.5,0.052,0.048,0.043,0.288,0.16,0.334,0.228,0.217,0.086,0.045,0.118,0.054,0.052,0.053,0.052,0.334,0.048,0.055
744,0.192,0.244,0.054,2.848,0.035,0.052,2.526,0.043,3.789,0.624,0.188,0.052,0.056,0.257,0.311,0.312,0.048,0.049,0.078,0.051,0.24,0.251,0.384,0.232,0.05,0.034,0.182,0.028,0.191,0.273,1.501,0.056,0.193,0.045,0.043,0.055,2.5,0.052,0.048,0.043,0.288,0.16,0.334,0.228,0.217,0.086,0.045,0.118,0.054,0.052,0.053,0.052,0.274,0.048,0.055
745,0.192,0.244,0.054,2.848,0.035,0.052,2.526,0.043,3.789,0.624,0.188,0.052,0.056,0.257,0.311,0.195,0.048,0.049,0.078,0.051,0.24,0.251,0.384,0.232,0.05,0.034,0.182,0.028,0.191,0.273,1.501,0.056,0.193,0.045,0.043,0.055,2.5,0.052,0.048,0.043,0.288,0.16,0.334,0.228,0.217,0.214,0.045,0.226,0.054,0.052,0.053,0.052,0.274,0.048,0.055
746,0.192,0.244,0.054,2.665,0.035,0.052,2.526,0.043,3.789,0.624,0.188,0.052,0.056,0.257,0.311,0.195,0.048,0.049,0.078,0.051,0.24,0.251,0.384,0.232,0.05,0.034,0.182,0.028,0.191,0.287,1.501,0.056,0.193,0.045,0.043,0.055,2.5,0.052,0.048,0.043,0.288,0.16,0.144,0.228,0.217,0.214,0.045,0.226,0.054,0.052,0.053,0.052,0.274,0.048,0.055
747,0.192,0.244,0.054,2.665,0.035,0.052,2.526,0.043,0.63,0.624,0.188,0.052,0.056,0.257,0.311,0.195,0.048,0.049,0.078,0.051,0.24,0.251,0.384,0.232,0.05,0.034,0.182,0.028,0.191,0.287,1.501,0.056,0.193,0.045,0.043,0.055,2.5,0.052,0.048,0.043,0.288,0.16,0.144,0.228,0.217,0.214,0.045,0.226,0.054,0.052,0.053,0.052,0.274,0.048,0.26
748,0.192,0.341,0.054,2.665,0.235,0.284,2.526,0.043,0.63,0.057,0.188,0.052,0.056,0.257,0.311,0.195,0.048,0.049,0.078,0.051,0.24,0.251,0.384,0.232,0.05,0.034,0.182,0.028,0.191,0.247,1.501,0.056,0.303,0.045,0.043,0.055,0.09,0.052,0.048,0.043,0.288,0.16,0.144,0.228,0.217,0.214,0.045,0.226,0.054,0.052,0.053,0.052,0.088,0.048,0.26
749,0.192,0.341,0.054,2.665,0.235,0.284,2.526,0.043,0.63,0.057,0.188,0.215,0.056,0.257,0.311,0.195,0.048,0.049,0.078,0.051,0.24,0.251,0.384,0.232,0.05,0.034,0.182,0.028,0.191,0.247,1.501,0.056,0.303,0.045,0.043,0.055,0.09,0.052,0.048,0.043,0.288,0.16,0.144,0.228,0.217,0.214,0.045,0.226,0.054,0.052,0.053,0.052,0.088,0.048,0.26
750,0.192,0.341,0.054,2.665,0.235,0.284,2.526,0.043,0.63,0.072,0.188,0.215,0.056,0.257,0.311,0.195,0.048,0.049,0.078,0.051,0.24,0.251,0.384,0.232,0.05,0.034,0.182,0.028,0.191,0.247,1.501,0.056,0.303,0.045,0.043,0.055,0.09,0.052,0.048,0.043,0.288,0.16,0.144,0.228,0.053,0.515,0.045,0.226,0.054,0.052,0.053,0.052,0.088,0.048,0.26
751,0.192,0.341,0.054,2.665,0.235,0.284,2.526,0.043,0.63,0.072,0.188,0.381,0.056,0.257,0.311,0.195,0.048,0.049,0.078,0.051,0.24,0.251,0.384,0.232,0.24,0.034,0.398,0.028,0.191,0.247,3.591,0.056,0.303,0.045,0.043,0.055,0.09,0.052,0.048,0.043,0.288,0.16,0.144,0.228,0.053,0.515,0.186,0.226,0.054,0.052,0.053,0.052,0.088,0.048,0.26
752,0.192,0.341,0.054,2.665,0.235,0.284,2.526,0.043,0.408,0.072,0.188,0.381,0.056,0.197,0.311,0.195,0.048,0.049,0.078,0.051,0.24,0.251,0.384,0.232,0.24,0.034,0.398,0.028,0.191,0.247,3.591,0.056,0.496,0.045,0.043,0.055,0.09,0.052,0.048,0.043,0.179,0.16,0.144,0.029,0.053,0.515,0.186,0.226,0.054,0.052,0.053,0.052,0.088,0.048,0.26
753,0.192,0.341,0.054,2.665,0.235,0.284,2.526,0.043,0.408,0.072,0.188,0.381,0.056,0.197,0.311,0.052,0.249,0.049,0.26,0.051,0.24,0.251,0.203,0.232,0.24,0.034,0.398,0.028,0.191,0.247,3.591,0.056,0.496,0.045,0.043,0.055,0.09,0.052,0.048,0.043,0.179,0.16,0.144,0.029,0.053,0.515,0.186,0.226,0.054,0.052,0.053,0.052,0.088,0.048,0.26
754,0.192,0.341,0.054,0.071,0.235,0.284,0.247,0.043,0.234,0.072,0.049,0.381,0.056,0.197,0.311,0.052,0.249,0.049,0.3,0.051,0.24,0.251,0.203,0.347,0.24,0.208,0.398,0.028,0.191,0.247,1.501,0.056,0.496,0.045,0.043,0.055,0.09,0.052,0.048,0.043,0.179,0.16,0.084,0.133,0.053,0.515,0.186,0.226,0.054,0.052,0.053,0.052,0.088,0.048,0.26
755,0.192,0.341,0.054,0.071,0.235,0.284,0.247,0.043,0.234,0.072,0.049,0.381,0.056,0.197,0.311,0.052,0.249,0.049,0.26,0.051,0.24,0.251,0.203,0.347,0.24,0.208,0.398,0.028,0.191,0.247,1.501,0.056,0.496,0.045,0.043,0.055,0.09,0.052,0.048,0.043,0.179,0.16,0.084,0.133,0.053,0.515,0.186,0.226,0.054,0.052,0.053,0.052,0.088,0.048,0.379
756,0.192,0.341,0.054,0.194,0.235,0.284,0.247,0.229,0.234,0.072,0.049,0.381,0.056,0.197,0.311,0.052,0.249,0.049,0.26,0.051,0.24,0.251,0.203,0.347,0.24,0.208,0.398,0.028,0.191,0.247,1.501,0.056,0.496,0.045,0.043,0.196,0.09,0.052,0.048,0.043,0.179,0.16,0.084,0.133,0.053,0.515,0.186,0.226,0.054,0.052,0.053,0.052,0.088,0.048,0.379
757,0.192,0.341,0.054,0.071,0.235,0.284,0.247,0.229,0.234,0.072,0.049,0.381,0.056,0.197,0.311,0.052,0.249,0.049,0.26,0.051,0.24,0.251,0.214,0.347,0.24,0.208,0.398,0.028,0.191,0.247,1.501,0.056,0.496,0.045,0.043,0.196,0.09,0.052,0.048,0.043,0.179,0.16,0.084,0.133,0.053,0.515,0.186,0.226,0.054,0.052,0.053,0.052,0.088,0.048,0.379
758,0.192,0.341,0.054,0.071,0.235,0.284,0.247,0.229,0.234,0.072,0.049,0.381,0.056,0.345,0.311,0.052,0.249,0.049,0.26,0.051,0.24,0.251,0.214,0.347,0.24,0.208,0.398,0.028,0.191,0.247,1.501,0.056,0.496,0.045,0.043,0.196,0.09,0.052,0.048,0.043,0.179,0.16,0.084,0.133,0.053,0.515,0.186,0.226,0.054,0.052,0.053,0.052,0.088,0.048,0.379
759,0.192,0.341,0.054,0.071,0.235,0.284,0.247,0.229,0.234,0.072,0.049,0.381,0.056,0.345,0.311,0.052,0.249,0.049,0.26,0.051,0.24,0.251,0.214,0.347,0.24,0.208,0.398,0.028,0.191,0.247,0.18,0.056,0.496,0.045,0.043,0.196,0.09,0.052,0.048,0.043,0.179,0.16,0.084,0.133,0.053,0.515,0.215,0.403,0.054,0.052,0.053,0.052,0.088,0.048,0.379
760,0.192,0.341,0.054,0.071,0.235,0.284,0.055,0.229,0.234,0.072,0.049,0.381,0.056,0.345,0.311,0.052,0.249,0.049,0.25,0.051,0.24,0.054,0.214,0.347,0.24,0.208,0.398,0.028,0.191,0.247,0.18,0.056,0.496,0.045,0.161,0.196,0.09,0.052,0.048,0.043,0.179,0.054,0.084,0.133,0.053,0.515,0.215,0.403,0.054,0.052,0.053,0.052,0.088,0.048,0.379
761,0.192,0.341,0.054,0.071,0.235,0.284,0.055,0.229,0.234,0.072,0.049,0.471,0.056,0.345,0.311,0.052,0.249,0.049,0.25,0.051,0.24,0.054,0.214,0.347,0.24,0.208,0.398,0.028,0.191,0.247,0.18,0.056,3.394,0.045,0.161,0.196,0.09,0.052,0.048,0.043,0.179,0.054,0.084,0.133,0.053,0.515,0.215,0.226,0.054,0.052,0.053,0.052,0.088,0.048,0.379
762,0.036,0.341,0.054,0.071,0.035,0.284,0.055,0.229,0.234,0.072,0.049,0.471,0.056,0.345,0.311,0.152,0.249,0.049,0.25,0.051,0.24,0.054,0.214,0.347,0.24,0.208,0.398,0.028,0.191,0.247,0.18,0.056,3.394,0.045,0.161,0.196,0.09,0.052,0.048,0.043,0.179,0.054,0.084,0.133,0.053,0.515,0.215,0.226,0.054,0.052,0.053,0.229,0.088,0.048,0.379
763,0.036,0.141,0.054,0.171,0.035,0.284,0.055,0.229,0.234,0.072,0.049,0.308,0.056,0.345,0.311,0.152,0.249,0.049,0.25,0.051,0.24,0.054,0.214,0.559,0.24,0.208,0.398,0.028,0.191,0.247,0.18,0.056,3.394,0.045,0.161,0.196,0.09,0.052,0.048,0.043,0.179,0.054,0.084,0.133,0.053,0.515,0.215,0.118,0.054,0.052,0.053,0.229,0.088,0.048,0.379
764,0.036,0.295,0.054,0.171,0.035,0.284,0.055,0.229,0.234,0.072,0.049,0.308,0.056,0.345,0.311,0.152,0.249,0.049,0.25,0.051,0.24,0.054,0.214,0.559,0.24,0.208,0.398,0.028,0.191,0.247,0.18,0.354,3.394,0.045,0.161,0.196,0.09,0.052,0.048,0.043,0.179,0.054,0.084,0.133,0.053,0.446,0.215,0.118,0.054,0.052,0.053,0.389,0.088,0.048,0.379
765,0.036,0.295,0.054,0.171,0.035,0.284,0.055,0.229,0.234,0.209,0.049,0.308,0.056,0.345,0.311,0.152,0.249,0.049,0.25,0.051,0.24,0.054,0.214,0.559,0.24,0.208,0.398,0.028,0.191,0.247,0.18,0.354,3.394,0.045,0.161,0.196,0.09,0.052,0.048,0.043,0.179,0.054,0.084,0.133,0.053,0.446,0.215,0.118,0.054,0.052,0.053,0.389,0.088,0.048,0.379
766,0.036,0.198,0.054,0.171,0.035,0.284,0.055,0.229,0.234,0.209,0.049,0.308,0.056,1.515,0.311,0.152,0.249,0.049,0.25,0.051,0.045,0.054,0.214,0.559,0.24,0.208,0.398,0.028,0.191,0.247,0.18,0.354,3.091,0.045,0.161,0.196,0.09,0.052,0.048,0.043,0.179,0.054,0.084,0.133,0.053,0.446,0.215,0.118,0.054,0.052,0.053,0.389,0.088,0.048,0.379
767,0.036,0.198,0.054,0.171,0.035,0.284,0.055,0.229,0.234,0.209,0.049,0.308,0.056,1.515,0.311,0.152,0.249,0.049,0.25,0.051,0.045,0.054,0.214,0.559,0.24,0.208,2.213,0.028,0.191,0.247,0.18,0.354,3.091,0.045,0.161,0.196,0.209,0.052,0.048,0.043,0.179,0.054,0.05,0.133,0.053,0.446,0.215,0.118,0.054,0.052,0.053,0.389,0.088,0.048,0.379
768,0.036,0.198,0.054,0.171,0.035,0.284,0.055,0.229,0.234,0.209,0.049,0.308,0.056,1.515,0.311,0.152,0.249,0.049,0.25,0.051,0.045,0.054,0.214,0.559,0.24,0.208,2.213,0.028,0.191,0.247,0.18,0.354,3.079,0.045,0.161,0.196,0.209,0.052,0.048,0.043,0.179,0.054,0.09,0.133,0.053,0.446,0.215,0.118,0.054,0.052,0.053,0.389,0.088,0.048,0.379
769,0.036,0.198,0.054,0.171,0.035,0.284,0.055,0.229,0.234,0.209,0.049,0.308,0.056,0.345,0.311,0.152,0.249,0.049,0.25,0.268,0.045,0.054,0.214,0.559,0.24,0.208,2.095,0.028,0.191,0.247,0.18,0.354,3.079,0.045,0.161,0.196,0.209,0.052,0.048,0.043,0.179,0.054,0.09,0.133,0.053,0.606,0.336,0.118,0.054,0.052,0.053,0.389,0.088,0.048,0.174
770,0.036,0.198,0.054,0.171,0.035,0.052,0.055,0.229,0.234,0.209,0.049,0.308,0.056,0.285,0.311,0.152,0.249,0.049,0.25,0.268,0.045,0.054,0.214,0.559,0.24,0.208,0.28,0.028,0.191,0.247,0.18,0.354,3.079,0.045,0.161,0.196,0.209,0.052,0.048,0.043,0.179,0.054,0.09,0.133,0.053,0.606,0.336,0.118,0.054,0.206,0.053,0.389,0.088,0.048,0.174
771,0.036,0.198,0.054,0.171,0.035,0.052,0.055,0.229,0.234,0.209,0.049,0.308,0.056,0.285,0.311,0.152,0.249,0.049,0.25,0.268,0.045,0.054,0.214,2.666,0.24,0.208,0.28,0.028,0.191,0.247,0.18,0.354,3.079,0.045,0.161,0.196,0.209,0.052,0.048,0.043,0.179,0.054,0.09,0.133,0.053,0.606,0.336,0.118,0.054,0.31,0.053,0.389,0.088,0.048,0.174
772,0.036,0.198,0.054,0.071,0.035,0.052,0.055,0.229,0.249,0.209,0.049,0.308,0.056,0.285,0.311,0.152,0.249,0.049,0.25,0.268,0.045,0.054,0.214,2.551,0.24,0.208,0.28,0.028,0.191,0.247,0.18,0.354,3.079,0.045,0.161,0.196,0.209,0.052,0.048,0.043,0.179,0.054,0.124,0.029,0.053,0.606,0.336,0.295,0.054,0.31,0.053,0.389,0.088,0.048,0.174
773,0.036,0.198,0.054,0.25,0.035,0.052,0.055,0.229,0.249,0.209,0.049,0.142,0.056,0.285,0.311,0.152,0.249,0.049,0.25,0.268,0.045,0.054,0.214,2.551,0.05,0.208,0.064,0.028,0.191,0.247,0.18,0.354,3.079,0.045,0.161,0.196,0.209,0.052,0.048,0.043,0.179,0.054,0.124,0.029,0.053,0.606,0.336,0.295,0.054,0.31,0.053,0.389,0.088,0.048,0.055
774,0.036,0.198,0.054,0.237,0.035,0.052,0.055,0.229,0.249,0.072,0.049,0.142,0.056,0.407,0.311,0.152,0.249,0.049,0.25,0.268,0.045,0.054,0.214,0.444,0.05,0.208,0.064,0.028,0.191,0.247,0.18,0.354,3.079,0.045,0.161,0.196,0.209,0.052,0.048,0.043,0.179,0.054,0.124,0.029,0.053,0.606,0.336,0.118,0.054,0.31,0.053,0.389,0.088,0.219,0.055
775,0.036,0.198,0.054,0.237,0.035,0.052,0.055,0.229,0.249,0.072,0.049,0.142,0.056,0.407,0.311,0.152,0.048,0.049,0.068,0.268,0.045,0.054,0.214,0.444,0.05,0.208,0.064,0.028,0.191,0.187,0.18,0.354,3.079,0.045,0.161,0.196,0.244,0.052,0.048,0.175,0.179,0.054,0.472,0.029,0.053,0.606,0.336,0.118,0.054,0.31,0.053,0.389,0.088,0.219,0.055
776,0.036,0.198,0.054,0.237,0.035,0.052,0.055,0.229,0.249,0.072,0.049,0.142,0.056,0.407,0.311,0.152,0.048,0.27,0.068,0.268,0.045,0.054,0.314,0.444,0.05,0.034,0.064,0.028,0.191,0.187,0.18,0.354,3.079,0.045,0.161,0.055,0.244,0.052,0.048,0.175,0.179,0.054,0.472,0.029,0.053,0.606,0.336,0.118,0.054,0.319,0.053,0.389,0.088,0.219,0.055
777,0.036,0.198,0.054,0.237,0.035,0.052,0.055,0.229,0.249,0.072,0.049,0.142,0.056,0.407,0.311,0.152,0.048,0.27,0.053,0.268,0.045,0.054,0.314,0.232,0.05,0.034,0.051,0.028,0.191,0.187,0.18,0.354,3.079,0.045,0.161,0.055,0.244,0.052,0.048,0.175,0.179,0.054,0.472,0.029,0.053,0.606,0.524,0.118,0.054,0.319,0.053,0.389,0.088,0.219,0.055
778,0.036,0.198,0.054,0.237,0.035,0.052,0.055,0.043,0.249,0.072,0.049,0.142,0.056,0.407,0.311,0.152,0.048,0.27,0.053,0.268,0.045,0.054,0.314,0.232,0.05,0.034,0.051,0.028,0.191,0.187,0.18,0.354,3.079,0.045,0.043,0.055,0.244,0.052,0.048,0.175,0.179,0.054,0.472,0.029,0.053,0.606,0.524,0.118,0.054,0.319,0.053,0.229,0.088,0.219,0.055
779,0.036,0.198,0.054,0.237,0.035,0.052,0.055,0.043,0.249,0.072,0.049,0.052,0.056,0.407,0.211,0.152,0.048,0.27,0.053,0.268,0.045,0.054,0.314,0.232,0.05,0.034,0.051,0.242,0.191,0.187,0.18,0.354,3.079,0.045,0.043,0.055,0.244,0.052,0.048,0.175,0.179,0.054,0.084,0.029,0.053,0.606,0.524,0.118,0.054,0.319,0.053,0.229,0.088,0.219,0.055
780,0.036,0.198,0.054,0.237,0.035,0.052,0.055,0.043,0.249,0.072,0.049,0.052,0.056,0.407,0.053,0.152,0.048,0.27,0.053,0.268,0.045,0.054,0.314,0.232,0.05,0.034,0.051,0.242,0.191,0.187,0.18,0.354,0.057,0.045,0.216,0.055,2.313,0.052,0.048,0.175,0.179,0.054,0.084,0.029,0.053,0.606,0.524,0.118,0.054,0.319,0.053,0.229,0.088,0.219,0.055
781,0.036,0.198,0.054,0.237,0.035,0.052,0.055,0.043,0.249,0.072,0.049,0.196,0.056,0.407,0.053,0.283,0.048,0.27,0.053,0.268,0.045,0.054,0.314,0.232,0.05,0.034,0.051,0.242,0.191,0.187,0.18,0.354,0.057,0.045,0.216,0.055,2.313,0.052,0.048,0.175,0.179,0.054,0.084,0.029,0.053,0.606,0.524,0.118,0.054,0.319,0.053,0.229,0.1,0.219,0.055
782,0.036,0.198,0.054,0.237,0.035,0.052,0.055,0.043,0.249,0.072,0.049,0.196,0.056,0.407,0.053,0.283,0.048,0.27,0.053,0.268,0.045,0.054,0.314,0.232,0.05,0.034,0.051,0.242,0.191,0.187,0.18,0.233,0.057,0.045,0.216,0.055,2.313,0.052,0.048,0.175,0.179,0.054,0.084,0.029,0.053,0.482,0.524,0.118,0.054,0.319,0.053,0.229,0.1,0.219,0.055
783,0.036,0.198,0.054,0.237,0.035,0.052,0.055,0.043,0.249,0.072,0.049,0.196,0.056,0.568,0.053,0.283,0.048,0.27,0.068,0.268,0.045,0.054,0.314,0.232,0.05,0.034,0.051,0.242,0.357,0.187,0.18,0.413,0.057,0.045,0.216,0.055,0.247,0.052,0.048,0.175,0.179,0.054,0.084,0.029,0.053,0.482,0.524,0.118,0.054,0.319,0.053,0.229,0.1,0.219,0.055
784,0.036,0.044,0.054,0.237,0.035,0.052,0.055,0.043,0.249,0.072,0.049,0.196,0.056,0.568,0.053,0.283,0.048,0.27,0.068,0.268,0.045,0.054,0.314,0.232,0.05,0.034,0.051,0.242,0.357,0.187,0.18,0.413,0.057,0.045,0.216,0.055,0.247,0.228,0.048,0.175,0.179,0.054,0.084,0.029,0.053,0.482,0.524,0.118,0.054,0.319,0.053,0.052,0.1,0.219,0.055
785,0.036,0.044,0.054,0.237,0.035,0.052,0.055,0.043,0.249,0.072,0.049,0.196,0.056,0.568,0.053,0.283,0.048,0.27,0.068,0.268,0.045,0.054,0.314,0.232,0.05,0.034,0.051,0.242,0.357,0.187,0.18,0.413,0.057,0.045,0.216,0.055,0.247,0.228,0.048,0.175,0.179,0.054,0.097,0.029,0.053,0.482,0.524,0.295,0.054,0.319,0.053,0.052,0.08,0.219,0.055
786,0.036,0.044,0.054,0.237,0.035,0.052,0.055,0.043,0.249,0.072,0.049,0.196,0.056,0.568,0.053,0.283,0.048,0.27,0.068,0.268,0.045,0.054,0.314,0.232,0.05,0.034,0.051,0.242,0.357,0.572,0.18,0.236,0.057,0.176,0.216,0.055,0.259,0.228,0.048,0.175,0.179,0.054,0.157,0.029,0.053,0.482,0.524,0.295,0.054,0.319,0.053,0.052,0.08,0.219,0.055
787,0.036,0.044,0.054,0.237,0.035,0.052,0.055,0.043,0.249,0.072,0.049,0.196,0.056,0.568,0.053,0.283,0.048,0.27,0.068,0.268,0.045,0.054,0.314,0.232,0.05,0.034,0.051,0.242,0.357,0.778,0.18,0.236,0.057,0.176,0.216,0.055,0.259,0.228,0.048,0.175,0.179,0.054,0.157,0.029,0.053,0.482,0.524,0.118,0.054,0.319,0.053,0.052,0.08,0.219,0.055
788,0.036,0.044,0.054,0.237,0.035,0.052,0.055,0.043,0.249,0.072,0.049,0.196,0.056,0.568,0.053,0.283,0.048,0.27,0.068,0.268,0.045,0.054,0.314,3.52,0.05,0.034,0.051,0.242,0.357,0.778,0.18,0.236,0.057,0.176,0.216,0.055,0.259,0.228,0.048,0.175,0.179,0.054,0.157,0.029,0.053,0.482,0.524,0.118,0.054,0.319,0.053,0.052,0.08,0.219,0.055
789,0.036,0.044,0.054,0.265,0.035,0.052,0.055,0.043,0.249,0.072,0.049,0.196,0.056,0.568,0.053,0.283,0.048,0.27,0.068,0.268,0.045,0.054,0.314,3.52,0.05,0.034,0.051,0.242,0.357,0.778,0.18,0.236,0.057,0.176,0.216,0.144,0.259,0.228,0.048,0.175,0.368,0.054,0.157,0.029,0.053,0.482,0.524,0.118,0.054,0.215,0.053,0.052,0.08,0.219,0.055
790,0.036,0.044,0.054,0.265,0.035,0.052,0.055,0.043,0.249,0.072,0.049,0.196,0.056,0.568,0.053,0.283,0.048,0.27,0.068,0.268,0.045,0.054,0.314,3.52,0.05,0.034,0.051,0.242,0.392,0.393,0.18,0.236,0.057,0.176,0.216,0.144,0.259,0.228,0.048,0.175,0.368,0.054,1.815,0.029,0.053,0.482,0.524,0.118,0.054,0.061,0.053,0.052,0.08,0.219,0.055
791,0.036,0.044,0.054,0.265,0.035,0.052,0.055,0.043,0.249,0.072,0.049,0.196,0.056,0.568,0.053,0.283,0.048,0.27,0.068,0.051,0.045,0.054,0.314,3.507,0.05,0.034,0.051,0.242,0.613,0.393,0.18,0.236,0.057,0.359,0.216,0.144,0.259,0.228,0.048,0.175,0.368,0.054,1.815,0.029,0.053,0.322,0.524,0.118,0.054,0.061,0.053,0.052,0.08,0.219,0.055
792,0.036,0.044,0.054,0.377,0.035,0.052,0.055,0.043,0.249,0.072,0.049,0.196,0.056,0.446,0.053,0.283,0.048,0.27,0.068,0.051,0.045,0.054,0.314,3.507,0.05,0.034,0.051,0.242,0.613,0.393,0.18,0.236,0.057,0.359,0.216,0.144,0.259,0.228,0.048,0.175,0.368,0.054,1.815,0.029,0.053,0.382,0.524,0.118,0.153,0.061,0.053,0.052,0.08,0.219,0.055
793,0.036,0.044,0.054,0.377,0.035,0.052,0.055,0.043,0.249,0.072,0.049,0.196,0.056,0.446,0.053,0.4,0.048,0.27,0.068,0.051,0.045,0.054,0.314,3.507,0.05,0.034,0.051,0.028,0.613,0.393,0.18,0.236,0.057,0.359,0.216,0.144,0.259,0.228,0.048,0.043,0.368,0.054,1.815,0.029,0.053,0.382,0.524,0.118,0.153,0.061,0.053,0.052,0.08,0.219,0.055
794,0.036,0.044,0.054,0.377,0.035,0.052,0.055,0.043,0.249,0.072,0.049,0.196,0.056,0.446,0.053,0.4,0.048,0.27,0.068,0.051,0.045,0.054,0.214,3.507,0.05,0.034,0.051,0.028,0.746,0.393,0.18,0.236,0.057,0.359,0.216,0.144,0.259,0.228,0.048,0.043,0.368,0.054,1.815,0.029,0.053,0.285,0.524,0.118,0.153,0.061,0.053,0.052,0.08,0.219,0.055
795,0.036,0.044,0.054,0.086,0.035,0.052,0.055,0.043,0.249,0.072,0.049,0.196,0.056,0.446,0.053,0.4,0.048,0.27,0.068,0.051,0.045,0.054,0.214,3.507,0.05,0.034,0.051,0.028,0.746,0.393,0.18,0.236,0.057,0.359,0.216,0.144,0.259,0.228,0.048,0.043,0.368,0.054,1.815,0.029,0.053,0.285,0.524,0.118,0.153,0.061,0.053,0.052,0.266,0.219,0.055
796,0.036,0.044,0.054,0.086,0.035,0.052,0.055,0.043,0.249,0.072,0.049,0.196,0.056,0.446,0.053,0.4,0.048,0.27,0.068,0.051,0.045,0.054,0.214,3.507,0.05,0.034,0.051,0.028,0.746,0.393,0.189,0.236,0.057,0.359,0.216,0.144,0.259,0.228,0.048,0.043,0.512,0.16,1.815,0.029,0.053,0.285,0.524,0.118,0.153,0.061,0.053,0.052,0.266,0.048,0.055
797,0.036,0.044,0.054,0.086,0.035,0.052,0.055,0.043,0.471,0.072,0.049,0.196,0.056,0.446,0.053,0.4,0.048,0.27,0.068,0.051,0.045,0.054,0.214,3.507,0.05,0.034,0.051,0.028,0.746,0.401,0.18,0.236,0.057,0.359,0.216,0.144,0.226,0.228,0.048,0.043,0.621,0.16,1.815,0.029,0.053,0.345,0.524,0.118,0.153,0.061,0.053,0.052,0.266,0.048,0.055
798,0.036,0.044,0.054,0.086,0.035,0.052,0.055,0.043,0.471,0.072,0.049,0.196,0.056,0.418,0.053,0.4,0.048,0.049,0.068,0.051,0.045,0.054,0.214,3.507,0.05,0.034,0.051,0.028,0.746,0.401,0.18,0.236,0.057,0.359,0.216,0.144,0.226,0.228,0.048,0.043,0.621,0.16,1.815,0.029,0.053,0.345,0.524,0.295,0.153,0.061,0.053,0.052,0.266,0.048,0.055
799,0.036,0.044,0.054,0.086,0.035,0.052,0.055,0.043,0.471,0.057,0.049,0.196,0.056,0.418,0.053,0.4,0.048,0.049,0.068,0.051,0.045,0.054,0.214,3.507,0.05,0.034,0.051,0.028,0.746,0.401,8.297,0.236,0.057,0.359,0.216,0.144,0.191,0.228,0.048,0.043,0.621,0.16,1.815,0.029,0.053,0.345,0.336,0.295,0.153,0.061,0.053,0.052,0.266,0.048,0.055
800,0.036,0.044,0.054,0.086,0.161,0.052,0.055,0.043,0.471,0.057,0.049,0.196,0.056,0.418,0.053,0.4,0.048,0.049,0.068,0.051,0.045,0.054,0.214,3.507,0.05,0.034,0.051,0.028,0.746,0.52,8.297,0.236,0.057,0.359,0.216,0.144,0.191,0.228,0.048,0.043,0.621,0.16,1.815,0.029,0.053,0.345,0.336,0.613,0.153,0.061,0.053,0.052,0.245,0.048,0.055
801,0.036,0.044,0.054,0.086,0.161,0.052,0.055,0.043,0.471,0.424,0.049,0.052,0.056,0.418,0.053,0.269,0.048,0.049,0.068,0.051,0.045,0.054,0.214,3.507,0.05,0.034,0.051,0.028,0.746,0.374,8.297,0.236,0.057,0.359,0.216,0.144,0.191,0.228,0.048,0.043,0.621,0.16,1.815,0.029,0.053,0.285,0.336,0.613,0.153,0.061,0.053,0.052,0.245,0.048,0.055
802,0.036,0.044,0.054,0.086,0.161,0.052,0.055,0.043,0.471,0.557,0.049,0.052,0.056,0.418,0.053,0.329,0.048,0.049,0.068,0.051,0.045,0.054,0.214,3.507,0.05,0.034,0.051,0.028,0.746,0.374,0.18,0.236,0.057,0.359,0.043,0.144,0.191,0.228,0.048,0.043,0.621,0.16,1.815,0.228,0.053,0.285,0.336,0.613,0.153,0.061,0.053,0.052,0.245,0.048,0.161
803,0.036,0.044,0.054,0.086,0.161,0.052,0.055,0.043,0.471,0.557,0.049,0.052,0.056,0.257,0.053,0.329,0.048,0.049,0.068,0.051,0.045,0.054,0.214,3.507,0.05,0.034,0.051,0.028,0.58,0.374,0.18,0.056,0.167,0.359,0.043,0.144,0.072,0.228,0.048,0.043,0.621,0.16,1.815,0.228,0.053,0.285,0.336,0.613,0.153,0.061,0.152,0.052,0.245,0.048,0.161
804,0.036,0.044,0.054,0.086,0.161,0.052,0.055,0.043,0.471,0.557,0.049,0.052,0.056,0.257,0.053,0.329,0.048,0.049,0.068,0.051,0.045,0.054,0.214,3.507,0.05,0.034,0.051,0.028,0.58,0.374,0.18,0.056,0.167,0.228,0.043,0.144,0.072,0.228,0.048,0.043,0.621,0.16,1.815,0.228,0.053,0.285,0.336,0.613,0.153,0.061,0.152,0.052,0.245,0.048,0.161
805,0.036,0.044,0.054,0.086,0.161,0.052,0.055,0.043,0.471,0.19,0.049,0.052,0.056,0.257,0.053,0.329,0.048,0.049,0.068,0.051,0.045,0.054,0.395,3.507,0.05,0.034,0.051,0.028,0.58,0.374,0.18,0.056,0.167,0.228,0.043,0.144,0.072,0.228,0.048,0.043,0.621,0.16,1.815,0.228,0.053,0.285,0.336,0.046,0.153,0.061,0.152,0.052,0.245,0.048,0.161
806,0.036,0.044,0.054,0.086,0.161,0.052,0.055,0.043,0.471,0.19,0.049,0.052,0.056,0.257,0.053,0.329,0.048,0.049,0.068,0.051,0.045,0.054,0.395,3.507,0.05,0.034,0.051,0.028,0.58,0.36,0.18,0.056,0.167,0.228,0.043,0.144,0.072,0.052,0.048,0.043,0.621,0.16,1.815,0.228,0.053,0.285,0.336,0.046,0.153,0.061,0.152,0.052,0.245,0.048,0.161
807,0.152,0.044,0.054,0.086,0.161,0.052,0.055,0.043,0.588,0.19,0.049,0.052,0.056,0.257,0.053,0.329,0.048,0.049,0.068,0.051,0.045,0.054,0.395,3.507,0.05,0.034,0.051,0.028,0.58,0.36,0.18,0.056,0.167,0.228,0.043,0.055,0.072,0.052,0.048,0.043,0.621,0.16,1.815,0.228,0.053,0.285,0.336,0.046,0.153,0.061,0.152,0.052,0.245,0.048,0.161
808,0.152,0.044,0.054,0.086,0.161,0.052,0.055,0.043,0.588,0.19,0.049,0.052,0.056,0.257,0.053,0.329,0.048,0.049,0.068,0.051,0.045,0.054,0.395,0.219,0.05,0.034,0.051,0.028,0.58,0.36,0.18,0.056,0.167,0.228,0.043,0.055,0.072,0.052,0.048,0.043,0.621,0.16,1.815,0.228,0.053,0.285,0.336,0.046,0.153,0.061,0.152,0.052,0.245,0.048,0.161
809,0.152,0.044,0.054,0.086,0.161,0.052,0.055,0.213,0.588,0.19,0.049,0.052,0.056,0.257,0.053,0.329,0.048,0.049,0.068,0.051,0.045,0.054,0.395,0.219,0.05,0.034,0.051,0.028,0.58,0.36,0.18,0.056,0.167,0.228,0.043,0.055,0.072,0.052,0.048,0.043,0.621,0.16,1.815,0.228,0.053,0.285,0.336,0.046,0.153,0.061,0.152,0.052,0.245,0.048,0.161
810,0.152,0.193,0.054,0.086,0.161,0.052,0.055,0.213,0.588,0.19,0.049,0.052,0.056,0.257,0.053,0.329,0.048,0.049,0.068,0.051,0.045,0.054,0.395,0.219,0.05,0.034,0.051,0.028,0.58,0.36,0.18,0.056,0.167,0.228,0.043,0.055,0.072,0.052,0.048,0.043,0.621,0.16,0.097,0.228,3.078,0.049,0.336,0.046,0.054,0.061,0.152,0.052,0.245,0.048,0.161
811,0.152,0.193,0.054,0.086,0.161,0.052,0.055,0.213,0.588,0.19,0.049,0.052,0.056,0.257,0.053,0.212,0.048,0.049,0.068,0.051,0.045,0.054,3.074,0.219,0.05,0.034,0.051,0.028,0.58,0.36,0.18,0.056,0.167,0.228,0.043,0.055,0.072,0.052,0.048,0.043,0.445,0.16,0.097,0.228,3.078,0.049,0.336,0.046,0.054,0.061,0.152,0.052,0.245,0.048,0.161
812,0.152,0.193,0.054,0.086,0.161,0.052,0.055,0.213,0.588,0.19,0.049,0.052,0.056,0.257,0.053,0.212,0.048,0.049,0.068,0.051,0.045,0.054,3.074,3.507,0.05,0.034,0.051,0.028,0.58,0.36,0.18,0.056,0.167,0.228,0.043,0.055,0.072,0.052,0.048,0.043,0.445,0.16,0.097,0.228,3.078,0.049,0.336,0.046,0.054,0.061,0.152,0.052,0.245,0.048,0.161
813,0.152,0.193,0.054,0.086,0.147,0.052,0.209,0.213,0.691,0.19,0.049,0.052,0.056,0.257,0.053,0.212,0.048,0.049,0.068,0.051,0.045,0.054,3.074,3.507,0.05,0.034,0.051,0.028,0.359,0.36,0.18,0.056,0.167,0.045,0.043,0.055,0.072,0.052,0.048,0.043,0.445,0.16,0.225,0.332,3.078,0.049,0.336,0.046,0.054,0.061,0.152,0.052,0.245,0.048,0.161
814,0.152,0.193,0.054,0.086,0.147,0.052,0.209,0.213,0.663,0.19,0.049,0.052,0.056,0.257,0.053,0.212,0.048,0.049,0.068,0.051,0.045,0.054,3.074,3.507,0.05,0.034,0.051,0.028,0.359,0.36,0.18,0.056,0.167,0.045,0.161,0.055,0.072,0.052,0.048,0.043,0.445,0.054,2.282,0.332,3.078,0.049,0.336,0.046,0.054,0.061,0.152,0.052,0.266,0.048,0.161
815,0.152,0.193,0.054,0.086,0.147,0.052,0.209,0.213,0.663,0.19,0.049,0.052,0.056,0.257,0.053,0.212,0.048,0.049,0.068,0.171,0.045,0.054,3.074,3.507,0.05,0.034,0.051,0.028,0.359,0.36,0.18,0.056,0.167,0.045,0.161,0.055,0.072,0.052,0.048,0.043,0.336,0.054,2.282,0.332,3.078,0.049,0.336,0.046,0.054,0.061,0.152,0.052,0.266,0.048,0.161
816,0.152,0.193,0.054,0.076,0.147,0.052,0.209,0.213,0.663,0.19,0.049,0.052,0.056,0.257,0.053,0.212,0.048,0.049,0.068,0.171,0.045,0.054,3.074,3.507,0.05,0.034,0.051,0.028,0.359,0.36,0.18,0.056,0.167,0.045,0.161,0.055,0.072,0.052,0.048,0.043,0.192,0.054,2.282,0.332,3.078,0.049,0.336,0.046,0.054,0.061,0.152,0.052,0.266,0.048,0.161
817,0.152,0.193,0.054,0.076,0.147,0.052,0.209,0.213,0.663,0.19,0.049,0.052,0.056,0.257,0.053,0.41,0.048,0.049,0.068,0.171,0.045,0.251,3.074,3.507,0.05,0.034,0.051,0.028,0.359,0.36,0.18,0.056,0.167,0.045,0.161,0.055,0.072,0.052,0.048,0.043,0.192,0.054,0.097,0.332,3.078,0.049,0.336,0.046,0.054,0.096,0.152,0.052,0.08,0.048,0.161
818,0.152,0.193,0.054,0.076,0.147,0.052,0.209,0.213,0.663,0.224,0.049,0.052,0.056,0.257,0.053,0.41,0.048,0.049,0.068,0.171,0.045,0.251,3.074,3.507,0.05,0.034,0.051,0.028,0.359,0.36,0.18,0.056,0.167,0.045,0.161,0.055,0.072,0.052,0.048,0.043,0.192,0.054,0.097,0.332,3.078,0.049,0.336,0.046,0.054,0.096,0.152,0.052,0.08,0.048,0.161
819,0.152,0.193,0.054,0.076,0.147,0.052,0.209,0.213,0.441,0.224,0.049,0.052,0.056,0.257,0.053,0.41,0.048,0.049,0.068,0.171,0.045,0.251,3.074,3.507,0.24,0.034,0.051,0.028,0.368,0.36,0.18,0.056,0.167,0.045,0.161,0.055,0.072,0.052,0.048,0.043,0.192,0.054,0.097,0.332,3.078,0.049,0.336,0.046,0.054,0.096,0.152,0.052,0.08,0.048,0.28
820,0.152,0.193,0.054,0.076,0.147,0.052,0.209,0.213,0.453,0.224,0.049,0.052,0.056,0.257,0.053,0.35,0.249,0.049,0.068,0.171,0.045,0.251,3.074,3.447,0.24,0.034,0.051,0.028,0.368,0.36,0.18,0.056,0.167,0.045,0.173,0.055,0.072,0.052,0.048,0.043,0.192,0.054,0.097,0.332,3.078,0.049,0.348,0.046,0.054,0.096,0.152,0.052,0.08,0.061,0.28
821,0.152,0.193,0.054,0.259,0.147,0.052,0.209,0.213,0.453,0.224,0.049,0.052,0.056,0.257,0.053,0.064,0.249,0.049,0.068,0.171,0.045,0.251,3.074,3.447,0.24,0.034,0.051,0.028,0.231,0.36,0.18,0.056,0.057,0.045,0.173,0.055,0.072,0.052,0.048,0.043,0.192,0.054,0.097,0.332,3.078,0.049,0.348,0.046,0.054,0.412,0.053,0.052,0.08,0.061,0.28
822,0.152,0.193,0.054,0.259,0.147,0.052,0.209,0.213,0.453,0.224,0.049,0.052,0.056,0.257,0.053,0.064,0.249,0.049,0.068,0.171,0.045,0.251,3.074,3.447,0.24,0.034,0.051,0.028,0.231,0.36,0.18,0.056,0.057,0.045,0.173,0.055,0.072,0.052,0.048,0.043,0.192,0.054,0.097,0.332,3.078,0.049,0.348,0.046,0.054,0.412,0.053,0.052,0.08,0.061,0.28
823,0.152,0.193,0.054,0.259,0.147,0.052,0.209,0.043,0.453,0.324,0.049,0.052,0.056,0.257,0.053,0.064,0.249,0.049,0.068,0.171,0.045,0.251,3.074,3.342,0.24,0.034,0.051,0.028,0.231,0.36,0.18,0.056,0.057,0.045,0.233,0.055,0.072,0.052,0.048,0.043,0.192,0.054,0.097,0.332,3.078,0.049,0.348,0.046,0.054,0.412,0.053,0.052,0.08,0.061,0.28
824,0.152,0.141,0.054,0.259,0.147,0.052,0.209,0.043,0.453,0.324,0.049,0.052,0.056,0.257,0.053,0.064,0.249,0.049,0.068,0.171,0.045,0.251,3.074,3.342,0.24,0.034,0.155,0.028,0.231,0.36,0.18,0.056,0.057,0.045,0.233,0.055,0.072,0.052,0.048,0.043,0.192,0.054,0.097,0.133,0.327,0.049,0.348,0.046,0.054,0.412,0.053,0.052,0.08,0.061,0.28
825,0.192,0.141,0.054,0.259,0.147,0.052,0.209,0.043,0.453,0.324,0.049,0.052,0.056,0.257,0.053,0.064,0.249,0.049,0.25,0.171,0.24,0.251,3.074,3.342,0.24,0.034,0.155,0.028,0.271,0.374,0.18,0.056,0.057,0.045,0.233,0.055,0.072,0.052,0.048,0.043,0.192,0.054,0.097,0.133,0.327,0.049,0.348,0.046,0.054,0.096,0.053,0.052,0.08,0.061,0.28
826,0.192,0.141,0.054,0.259,0.147,0.052,0.209,0.043,0.453,0.324,0.049,0.052,0.056,0.257,0.053,0.064,0.249,0.049,0.445,0.171,0.24,0.251,3.074,3.342,0.24,0.034,0.155,0.028,0.271,0.374,0.18,0.056,0.057,0.045,0.233,0.055,0.072,0.052,0.048,0.043,0.192,0.054,0.097,0.133,0.327,0.049,0.348,0.046,0.054,0.096,0.053,0.052,0.08,0.061,0.323
827,0.192,0.141,0.054,0.259,0.161,0.052,0.209,0.043,0.453,0.324,0.049,0.052,0.056,0.257,0.053,0.064,0.249,0.049,0.445,0.171,0.24,0.251,0.214,3.342,0.24,0.034,0.155,0.028,0.231,0.374,0.18,0.056,0.057,0.045,0.233,0.055,0.072,0.198,0.048,0.043,0.192,0.054,0.097,0.133,0.327,0.049,0.348,0.046,0.054,0.096,0.053,0.052,0.08,0.061,0.323
828,0.192,0.141,0.054,0.259,0.161,0.052,0.209,0.043,0.453,0.324,0.049,0.215,0.056,0.257,0.053,0.052,0.249,0.049,0.445,0.171,0.24,0.251,0.214,3.342,0.24,0.034,0.155,0.028,0.231,0.374,0.18,0.056,0.057,0.045,0.233,0.055,0.072,0.198,0.048,0.043,0.232,0.054,0.097,0.133,0.327,0.049,0.348,0.046,0.054,0.096,0.053,0.052,0.08,0.061,0.323
829,0.192,0.141,0.054,0.259,0.161,0.052,0.209,0.043,0.453,0.324,0.049,0.215,0.056,0.257,0.053,0.152,0.249,0.049,0.445,0.171,0.24,0.251,0.214,3.342,0.24,0.034,0.371,0.028,0.231,0.374,0.18,0.056,0.057,0.045,0.233,0.055,0.072,0.198,0.048,0.043,0.232,0.054,0.097,0.133,0.327,0.049,0.348,0.046,0.054,0.096,0.053,0.052,0.08,0.061,0.323
830,0.192,0.141,0.054,0.259,0.035,0.052,0.209,0.043,0.453,0.324,0.049,0.215,0.056,0.257,0.053,0.152,0.249,0.049,0.445,0.171,0.24,0.251,0.316,3.342,0.24,0.034,0.371,0.028,0.231,0.053,0.18,0.056,0.057,0.045,0.233,0.055,0.072,0.314,0.048,0.043,0.232,0.054,0.097,0.133,0.327,0.049,0.348,0.046,0.054,0.096,0.053,0.052,0.08,0.061,0.323
831,0.192,0.141,0.054,0.259,0.035,0.052,0.209,0.229,0.453,0.364,0.049,0.215,0.056,0.257,0.053,0.152,0.249,0.049,0.445,0.171,0.24,0.251,0.316,3.342,0.24,0.034,0.371,0.028,0.231,0.053,0.18,0.056,0.057,0.045,0.233,0.055,0.072,0.314,0.048,0.043,0.232,0.054,0.097,0.029,0.315,0.049,0.348,0.046,0.054,0.096,0.053,0.052,0.08,0.061,0.323
832,0.192,0.341,0.054,0.269,0.035,0.052,0.209,0.229,0.438,0.364,0.049,0.215,0.056,0.257,0.053,0.152,0.249,0.049,0.445,0.171,0.24,0.251,0.316,0.054,0.24,0.034,0.371,0.028,0.231,0.053,0.18,0.056,0.057,0.045,0.055,0.055,0.072,0.314,0.048,0.043,0.232,0.054,0.097,0.029,0.315,0.049,0.319,0.046,0.054,0.096,0.053,0.052,0.08,0.061,0.323
833,0.192,0.341,0.054,0.269,0.035,0.284,0.209,0.229,0.438,0.364,0.049,0.215,0.056,0.257,0.053,0.152,0.249,0.049,0.445,0.051,0.24,0.357,0.316,0.054,0.24,0.034,0.371,0.028,0.231,0.053,0.18,0.233,0.057,0.045,0.055,0.196,0.072,0.314,0.048,0.043,0.232,0.054,0.097,0.029,0.315,0.049,0.426,0.046,0.054,0.096,0.053,0.052,0.08,0.061,0.323
834,0.192,0.341,0.054,2.26,0.035,0.284,0.209,0.229,0.438,0.364,0.049,0.215,0.056,0.257,0.053,0.152,0.249,0.049,0.597,0.051,0.24,0.357,0.316,0.054,0.24,0.034,0.489,0.028,0.231,0.053,0.18,0.233,0.057,0.045,0.055,0.196,0.072,0.314,0.048,0.043,0.232,0.054,0.097,0.029,0.315,0.242,0.426,0.046,0.054,0.096,0.053,0.052,0.08,0.048,0.323
835,0.192,0.341,0.054,2.077,0.235,0.284,0.055,0.229,0.438,0.364,0.049,0.215,0.056,0.257,0.053,0.052,0.249,0.049,0.597,0.051,0.24,0.357,0.316,0.054,0.24,0.208,0.489,0.028,0.231,0.053,0.18,0.233,0.25,0.045,0.055,0.196,0.072,0.314,0.048,0.043,0.232,0.054,0.097,0.029,0.315,0.242,0.426,0.046,0.054,0.206,0.053,0.052,0.08,0.048,0.323
836,0.192,0.341,0.054,2.077,0.235,0.284,0.055,0.229,0.438,0.364,0.049,0.215,0.056,0.257,0.053,0.052,0.249,0.049,0.597,0.051,0.24,0.357,0.316,0.054,0.24,0.208,0.489,0.028,0.231,0.053,0.18,0.233,0.25,0.045,0.055,0.196,0.072,0.314,0.048,0.043,0.232,0.054,0.287,0.029,0.315,0.242,0.426,0.046,0.054,2.012,0.053,0.229,0.08,0.048,0.323
837,0.192,0.341,0.054,2.077,0.235,0.284,0.055,0.229,0.438,0.364,0.049,0.215,0.056,0.257,0.223,0.052,0.249,0.049,0.597,0.051,0.24,0.357,0.316,0.054,0.24,0.208,0.489,0.028,0.231,0.053,0.18,0.233,0.25,0.045,0.055,0.196,0.132,0.314,0.048,0.043,0.232,0.054,0.287,0.029,0.315,0.242,0.426,0.046,0.054,2.012,0.053,0.229,0.08,0.048,0.204
838,0.192,0.341,0.054,2.077,0.235,0.284,0.055,0.229,0.438,0.364,0.049,0.215,0.056,0.257,0.223,0.052,0.249,0.049,0.597,0.051,0.24,0.357,0.316,0.266,0.24,0.208,0.489,0.028,0.231,0.053,0.18,0.233,0.25,0.045,0.055,0.196,0.132,0.314,0.048,0.043,0.248,0.054,0.287,0.029,0.315,0.242,0.426,0.046,0.256,2.012,0.053,0.229,0.08,0.048,0.204
839,0.192,0.341,0.054,2.077,0.235,0.284,0.055,0.229,0.438,0.364,0.049,0.215,0.056,0.257,0.223,0.052,0.249,0.049,0.607,0.051,0.24,0.16,0.316,0.266,0.24,0.208,0.489,0.028,0.231,0.053,0.18,0.233,0.25,0.045,0.055,0.196,0.132,0.314,0.048,0.043,0.248,0.054,0.287,0.029,0.315,0.242,0.426,0.046,0.256,0.206,0.053,0.229,0.08,0.048,0.204
840,0.192,0.341,0.054,2.077,0.235,0.284,0.207,0.229,0.438,0.364,0.049,0.215,0.056,0.257,0.223,0.052,0.249,0.049,0.607,0.051,0.24,0.16,0.316,0.266,0.24,0.208,0.489,0.028,0.231,0.347,0.18,0.233,3.272,0.045,0.055,0.196,0.117,0.314,0.048,0.043,0.248,0.054,0.287,0.029,0.315,0.242,0.426,0.046,0.256,0.206,0.053,0.229,0.08,0.048,0.055
841,0.192,0.341,0.054,2.077,0.235,0.284,0.207,0.229,0.438,0.364,0.049,0.215,0.056,0.257,0.223,0.052,0.249,0.049,0.607,0.051,0.24,0.16,0.316,0.266,0.05,0.208,0.489,0.028,0.231,0.347,0.18,0.233,0.374,0.045,0.055,0.196,0.117,0.314,0.048,0.043,0.248,0.054,0.287,0.029,3.066,0.242,0.426,0.046,0.256,0.206,0.053,0.229,0.068,0.048,0.055
842,0.192,0.244,0.054,2.077,0.235,0.284,0.207,0.229,0.438,0.364,0.188,0.196,0.056,0.257,0.223,0.052,0.048,0.049,0.607,0.051,0.24,0.16,0.316,0.266,0.05,0.208,0.385,0.028,0.231,0.347,0.18,0.233,0.374,0.045,0.055,0.196,0.117,0.314,0.048,0.043,0.248,0.054,0.287,0.029,3.066,0.242,0.426,0.046,0.256,0.206,0.053,0.229,0.195,0.048,0.055
843,0.192,0.244,0.054,2.077,0.235,0.284,0.207,0.229,0.438,0.364,0.188,0.196,0.056,0.257,0.223,0.052,0.048,0.049,0.592,0.051,0.24,0.16,0.316,0.266,0.153,0.208,0.385,0.028,0.231,0.347,0.18,0.233,0.374,0.045,0.055,0.196,0.117,0.314,0.048,0.043,0.248,0.054,0.287,0.029,3.066,0.242,0.426,0.046,0.256,0.206,0.053,0.229,0.195,0.048,0.055
844,0.192,0.244,0.054,2.077,0.235,0.284,0.207,0.229,0.438,0.364,0.188,0.196,0.056,0.27,0.223,0.052,0.048,0.049,0.592,0.051,0.24,0.16,0.316,0.266,0.153,0.208,0.385,0.028,0.231,0.347,0.18,0.233,0.374,0.176,0.055,0.196,0.117,0.314,0.048,0.043,0.248,0.054,0.287,0.029,3.23,0.242,0.426,0.046,0.256,0.206,0.053,0.229,0.195,0.048,0.055
845,0.192,0.244,0.054,2.077,0.235,0.284,0.207,0.229,0.438,0.364,0.188,0.196,0.056,0.27,0.223,0.052,0.048,0.049,0.592,0.051,0.24,0.16,0.316,0.266,0.153,0.208,0.385,0.028,0.397,0.347,0.18,0.233,0.374,0.176,0.055,0.285,0.117,0.314,0.048,0.043,0.248,0.054,0.24,0.029,3.23,0.242,0.426,0.046,0.256,0.206,0.053,0.229,0.195,0.048,0.055
846,0.192,0.244,0.054,2.077,0.235,0.284,0.207,0.229,0.438,0.364,0.188,0.196,0.056,0.27,0.223,0.052,0.048,0.049,0.592,0.051,0.24,0.16,0.316,0.381,0.153,0.208,0.385,0.028,0.397,0.347,0.18,0.233,0.374,0.176,0.055,0.285,0.117,0.314,0.048,0.043,0.248,0.054,0.24,0.029,3.23,0.242,0.426,0.046,0.256,0.206,0.053,0.229,0.195,0.048,0.055
847,0.036,0.244,0.054,2.077,0.235,0.284,0.207,0.229,0.521,0.364,0.188,0.196,0.056,0.27,0.223,0.052,0.048,0.049,0.41,0.051,0.045,0.16,0.316,0.381,0.153,0.208,0.385,0.028,0.534,0.347,0.18,0.233,0.374,0.176,0.055,0.285,0.057,0.168,0.048,0.043,0.248,0.054,0.24,0.029,3.23,0.242,0.426,0.046,0.256,0.676,0.053,0.229,0.195,0.048,0.055
848,0.036,0.244,0.054,2.077,0.235,0.284,0.207,0.229,0.521,0.364,0.188,0.196,0.056,0.27,0.223,0.052,0.048,0.049,0.41,0.268,0.045,0.16,0.216,3.669,0.153,0.208,0.385,0.028,0.534,0.347,0.18,0.233,0.374,0.176,0.043,0.285,0.057,0.168,0.048,0.043,0.248,0.054,0.24,0.029,3.23,0.049,0.426,0.046,0.256,0.641,0.053,0.229,0.195,0.048,0.055
849,0.036,0.244,0.054,2.077,0.035,0.284,0.207,0.229,0.521,0.364,0.188,0.196,0.056,0.397,0.223,0.052,0.048,0.049,0.41,0.268,0.045,0.16,0.216,3.669,0.153,0.208,0.385,0.028,0.534,0.347,0.18,0.233,0.181,0.176,0.043,0.285,0.057,0.168,0.048,0.043,0.248,0.054,0.24,0.029,3.23,0.209,0.426,0.046,0.256,0.632,0.053,0.229,0.195,0.048,0.055
850,0.036,0.244,0.054,0.086,0.035,0.284,0.207,0.229,0.521,0.364,0.188,0.286,0.056,0.397,0.223,0.052,0.048,0.049,0.41,0.268,0.045,0.16,0.216,3.669,0.153,0.208,0.385,0.028,0.534,0.347,0.18,0.233,0.181,0.176,0.043,0.285,0.057,0.344,0.048,0.043,0.248,0.054,0.24,0.029,3.29,0.209,0.152,0.046,0.256,0.632,0.053,0.229,0.195,0.219,0.055
851,0.036,0.244,0.054,0.086,0.035,0.284,0.207,0.229,0.671,0.364,0.188,0.286,0.056,0.397,0.223,0.052,0.048,0.049,0.41,0.268,0.045,0.054,0.216,3.669,0.153,0.208,0.169,0.028,0.534,0.347,0.18,0.413,0.181,0.176,0.216,0.285,0.057,0.344,0.048,0.043,0.248,0.054,0.24,0.029,3.29,0.209,0.045,0.046,0.256,0.316,0.053,0.389,0.195,0.219,0.055
852,0.036,0.244,0.054,0.086,0.035,0.284,0.207,0.229,0.521,0.364,0.188,0.286,0.056,0.397,0.223,0.052,0.048,0.049,0.41,0.268,0.045,0.054,0.216,3.457,0.153,0.208,0.169,0.028,0.534,0.347,0.18,0.534,0.181,0.176,0.216,0.285,0.057,0.344,0.048,0.043,0.248,0.054,0.24,0.029,3.29,0.333,0.045,0.046,0.256,0.316,0.053,0.389,0.195,0.219,0.055
853,0.036,0.244,0.054,0.086,0.035,0.284,0.207,0.043,0.521,0.364,0.188,0.286,0.056,0.397,0.223,0.052,0.048,0.049,0.41,0.268,0.045,0.054,0.216,3.457,0.153,0.208,1.984,0.028,0.534,0.347,0.18,0.534,0.181,0.176,0.216,0.144,0.057,0.344,0.048,0.043,0.248,0.054,0.24,0.029,3.29,0.333,0.045,0.046,0.256,0.316,0.053,0.389,0.195,0.219,0.055
854,0.036,0.044,0.054,0.099,0.035,0.284,0.207,0.043,0.521,0.424,0.188,0.286,0.056,0.397,0.223,0.186,0.048,0.049,0.258,0.268,0.045,0.054,0.216,3.457,0.153,0.208,1.984,0.028,0.534,0.347,0.18,0.534,0.181,0.176,0.276,0.144,0.057,0.344,0.048,0.043,0.248,0.054,0.24,0.029,3.29,0.333,0.045,0.046,0.256,0.316,0.053,0.389,0.195,0.219,0.055
855,0.036,0.044,0.054,0.099,0.035,0.052,0.207,0.043,0.521,0.364,0.188,0.452,0.056,0.397,0.223,0.186,0.048,0.049,0.258,0.268,0.045,0.054,0.216,3.457,0.153,0.208,1.984,0.028,0.534,0.347,0.18,0.357,0.181,0.176,0.276,0.144,0.057,0.344,0.048,0.043,0.248,0.054,0.24,0.029,3.29,0.333,0.045,0.046,0.256,0.316,0.053,0.389,0.195,0.219,0.055
856,0.036,0.044,0.054,0.206,0.035,0.052,0.207,0.043,0.521,0.364,0.188,0.452,0.056,0.397,0.223,0.317,0.048,0.049,0.258,0.268,0.045,0.054,0.216,3.457,0.153,0.208,0.169,0.028,0.534,0.347,0.18,0.357,0.181,0.176,0.276,0.144,0.057,0.344,0.048,0.043,0.248,0.054,0.24,0.029,3.164,0.333,0.045,0.046,0.256,0.316,0.053,0.389,0.195,0.219,0.055
857,0.036,0.044,0.054,0.206,0.035,0.052,0.207,0.043,0.521,0.364,0.188,0.452,0.056,0.397,0.223,0.317,0.048,0.049,0.258,0.268,0.045,0.054,0.216,3.457,0.153,0.034,0.169,0.028,0.534,0.347,0.18,0.357,0.181,0.176,2.53,0.144,0.057,0.344,0.048,0.043,0.248,0.054,0.24,0.029,3.164,0.333,0.045,0.046,0.256,0.316,0.053,0.389,0.195,0.219,0.055
858,0.036,0.044,0.054,0.206,0.035,0.052,0.207,0.043,0.521,0.364,0.188,0.452,0.056,0.558,0.223,0.317,0.048,0.049,0.258,0.268,0.045,0.054,0.216,3.457,0.153,0.034,0.169,0.028,0.534,0.347,0.18,0.357,0.181,0.176,2.53,0.144,0.057,0.377,0.048,0.043,0.208,0.054,0.05,0.029,3.164,0.333,0.045,0.046,0.355,0.316,0.053,0.212,0.195,0.279,0.055
859,0.036,0.044,0.054,0.206,0.035,0.052,0.207,0.043,1.036,0.364,0.188,0.452,0.056,0.558,0.053,0.317,0.048,0.21,0.258,0.268,0.045,0.054,0.216,3.457,0.153,0.034,0.169,0.028,0.534,0.347,0.18,0.357,0.181,0.176,2.53,0.144,0.045,0.377,0.048,0.043,0.208,0.054,2.107,0.029,3.164,0.333,0.045,0.046,0.355,0.316,0.053,0.212,0.195,0.279,0.055
860,0.036,0.044,0.054,0.206,0.035,0.052,0.207,0.043,1.036,0.364,0.188,0.452,0.056,0.558,0.053,0.317,0.048,0.21,0.258,0.268,0.045,0.054,0.216,3.477,0.294,0.034,0.169,0.028,0.534,0.347,0.18,0.357,0.181,0.176,0.276,0.144,0.045,0.377,0.048,0.043,0.317,0.054,2.235,0.029,12.209,0.333,0.045,0.046,0.153,0.316,0.053,0.212,0.195,0.279,0.055
861,0.036,0.044,0.054,0.206,0.035,0.052,0.207,0.043,1.036,0.364,0.188,0.452,0.056,0.68,0.053,0.317,0.048,0.21,0.258,0.268,0.045,0.054,0.216,3.477,0.191,0.034,0.169,0.242,0.534,0.347,0.18,0.357,0.236,0.176,0.276,0.144,0.045,0.377,0.048,0.043,0.461,0.054,2.235,0.029,9.458,0.333,0.045,0.046,0.153,0.316,0.053,0.212,0.195,0.279,0.26
862,0.036,0.044,0.054,0.178,0.035,0.052,0.207,0.201,1.036,0.364,0.049,0.308,0.056,0.68,0.053,0.317,0.048,0.21,0.258,0.268,0.045,0.054,0.216,3.477,0.191,0.034,0.169,0.242,0.755,0.347,0.18,0.357,0.236,0.045,0.276,0.144,0.045,0.377,0.048,0.043,0.461,0.054,0.178,0.029,9.458,0.333,0.045,0.046,0.153,0.316,0.053,0.212,0.195,0.279,0.26
863,0.036,0.044,0.054,0.296,0.035,0.052,0.207,0.201,0.695,0.364,0.049,0.308,0.056,0.68,0.053,0.317,0.048,0.21,0.258,0.268,0.045,0.054,0.216,3.477,0.191,0.034,0.181,0.242,0.72,0.434,0.18,0.357,0.236,0.045,0.276,0.055,0.045,0.377,0.048,0.043,0.461,0.054,0.178,0.029,0.413,0.333,0.045,0.046,0.153,0.316,0.053,0.212,0.195,0.279,0.26
864,0.036,0.044,0.054,0.296,0.035,0.052,0.207,0.201,0.695,0.364,0.049,0.308,0.056,0.68,0.053,0.317,0.048,0.21,0.258,0.268,0.045,0.054,0.216,3.362,0.191,0.034,0.181,0.242,0.72,0.434,0.18,0.357,0.236,0.045,0.276,0.055,0.045,0.377,0.048,0.043,0.461,0.054,0.178,0.029,0.413,0.333,0.045,0.046,0.153,0.316,0.053,0.212,0.195,3.01,0.26
865,0.036,0.044,0.054,0.296,0.035,0.052,0.207,0.201,0.695,0.364,0.049,0.308,0.056,0.68,0.053,0.317,0.048,0.21,0.258,0.268,0.045,0.054,0.216,3.362,0.191,0.034,0.181,0.242,0.554,0.434,0.18,0.357,0.236,0.045,3.251,0.055,0.045,0.377,0.048,0.043,0.461,0.054,0.178,0.029,0.413,0.333,0.045,0.046,0.153,0.316,0.053,0.052,0.195,3.01,0.26
866,0.036,0.044,0.054,0.296,0.035,0.052,0.194,0.201,0.578,0.476,0.049,0.308,0.056,0.68,0.053,0.317,0.048,0.21,0.258,0.268,0.045,0.054,0.216,3.362,0.191,0.034,0.169,0.242,0.554,0.434,0.18,0.357,0.236,0.045,3.251,0.055,0.045,0.377,0.048,0.043,0.461,0.054,0.178,0.029,0.249,0.333,0.045,0.046,0.153,0.316,0.053,0.052,0.195,3.01,0.26
867,0.036,0.044,0.054,0.296,0.035,0.052,0.194,0.201,0.578,0.476,0.049,0.308,0.056,0.68,0.053,0.317,0.048,0.21,0.258,0.268,0.045,0.054,0.216,3.362,0.191,0.034,0.169,0.242,0.554,0.434,0.18,0.357,0.236,0.045,3.251,0.055,0.045,0.377,0.048,0.043,0.461,0.054,0.178,0.029,0.249,0.333,0.045,0.046,0.153,0.162,0.053,0.052,0.195,3.01,0.26
868,0.036,0.044,0.054,0.296,0.035,0.052,0.194,0.201,0.578,0.476,0.049,0.218,0.056,0.68,0.053,0.317,0.048,0.21,0.258,0.268,0.045,0.054,0.216,0.074,0.191,0.034,0.169,0.242,0.554,0.434,0.189,0.357,0.181,0.045,3.251,0.055,0.045,0.377,0.048,0.043,0.461,0.054,0.178,0.029,0.249,0.333,0.045,0.046,0.153,0.162,0.053,0.052,0.195,3.01,0.26
869,0.036,0.044,0.054,0.296,0.035,0.052,0.194,0.201,0.578,0.476,0.049,0.218,0.056,0.68,0.053,0.317,0.048,0.21,2.416,0.268,0.045,0.054,0.216,0.074,0.191,0.034,0.169,0.242,0.554,0.434,0.189,0.357,0.181,0.045,3.251,0.055,0.045,0.377,0.048,0.043,0.461,0.054,0.178,0.029,0.249,0.333,0.045,0.046,0.153,0.162,0.053,0.052,0.195,3.01,0.26
870,0.036,0.044,0.054,0.296,0.035,0.052,0.194,0.201,0.578,0.476,0.049,0.218,0.056,0.68,0.053,0.317,0.048,0.21,2.416,0.051,0.045,0.054,0.216,0.074,0.191,0.034,0.169,0.242,0.554,0.64,0.189,0.236,0.181,0.045,3.251,0.055,0.045,0.377,0.048,0.043,0.461,0.054,0.178,0.029,0.249,0.209,0.045,0.046,0.153,0.162,0.053,0.052,0.195,3.01,0.26
871,0.036,0.044,0.054,0.296,0.035,0.052,2.017,0.201,0.578,0.476,0.049,0.218,0.056,0.68,0.053,0.35,0.048,0.21,2.416,0.051,0.045,0.054,0.216,0.074,0.191,0.034,0.169,0.242,0.554,0.64,0.189,0.056,0.181,0.045,3.251,0.055,0.045,0.377,0.048,0.043,0.448,0.054,0.178,0.029,0.189,0.049,0.045,0.046,0.153,0.162,0.053,0.052,0.195,3.01,0.26
872,0.036,0.044,0.054,0.296,0.035,0.052,2.017,0.201,0.475,0.476,0.049,0.218,0.056,0.68,0.053,0.233,0.048,0.21,0.36,0.051,0.045,0.054,0.216,0.074,0.191,0.034,0.169,0.242,0.554,0.64,0.189,0.056,0.181,0.228,3.251,0.055,0.045,0.201,0.048,0.043,0.448,0.054,0.178,0.029,0.189,0.049,0.045,0.046,0.153,0.162,0.053,0.052,0.195,2.839,0.26
873,0.036,0.044,0.054,0.296,0.035,0.052,2.017,0.201,0.475,0.476,0.049,0.218,0.056,0.68,0.053,0.233,0.048,0.21,0.36,0.051,0.045,0.054,0.251,0.074,0.191,0.034,0.169,0.242,0.554,0.64,0.189,0.056,0.181,0.228,3.078,0.055,0.045,0.201,0.048,0.043,0.448,0.054,0.178,0.029,0.189,0.049,0.045,0.046,0.153,0.162,0.053,0.052,0.195,2.839,0.26
874,0.036,0.044,0.054,0.296,0.035,0.052,0.194,0.201,1.506,0.476,0.049,0.218,0.056,0.68,0.053,0.233,0.048,0.21,0.36,0.051,0.045,0.054,0.251,9.091,0.191,0.034,0.169,0.242,0.554,0.64,0.189,0.056,0.181,0.228,3.078,0.055,0.045,0.201,0.048,0.043,0.448,0.054,0.178,0.029,0.189,0.049,0.045,0.046,0.153,0.162,0.053,0.052,0.226,3.153,0.26
875,0.036,0.044,0.054,0.296,0.035,0.052,0.194,0.201,1.623,0.476,0.049,0.218,0.056,0.68,0.053,0.233,0.048,0.21,0.36,0.051,0.045,0.054,0.251,9.091,0.191,0.034,0.169,0.028,0.554,0.64,0.189,0.056,0.306,0.228,3.196,0.055,0.045,0.201,0.048,0.043,0.448,0.054,0.178,0.029,0.189,0.049,0.233,0.046,0.153,0.162,0.053,0.052,0.226,3.153,0.26
876,0.036,0.044,0.054,0.296,0.035,0.052,0.194,0.201,1.623,0.476,0.049,0.218,0.056,0.68,0.053,0.102,0.048,0.21,0.36,0.051,0.045,0.054,0.251,9.091,0.191,0.034,0.169,0.028,0.554,0.64,0.189,0.056,0.306,0.228,3.196,0.055,0.045,0.201,0.048,0.043,0.448,0.054,0.178,0.133,0.189,0.049,0.233,0.046,0.054,0.275,0.053,0.052,0.226,3.153,0.26
877,0.036,0.044,0.054,0.296,0.035,0.052,0.194,0.201,0.592,0.476,0.049,0.052,0.056,0.68,0.053,0.102,0.048,0.21,0.36,0.051,0.045,0.054,0.251,0.074,0.191,0.034,0.169,0.028,0.554,0.64,0.189,0.056,0.306,0.228,3.196,0.055,0.045,0.201,0.048,0.043,0.637,0.054,0.178,0.133,0.189,0.049,0.233,0.046,0.054,0.275,0.053,0.052,0.226,3.153,0.379
878,0.152,0.044,0.054,0.296,0.035,0.052,0.194,0.201,0.592,0.476,0.049,0.052,0.056,0.519,0.053,0.102,0.048,0.21,0.36,0.051,0.045,0.054,0.251,0.074,0.191,0.034,0.169,0.028,0.554,0.64,0.189,0.056,0.306,0.228,3.196,0.055,0.045,0.201,0.048,0.043,0.528,0.054,0.178,0.133,0.189,0.049,0.233,0.046,0.054,0.275,0.053,0.052,0.226,2.839,0.379
879,0.152,0.044,0.054,0.296,0.035,0.052,0.348,0.201,0.418,0.476,0.049,0.052,0.056,0.397,0.053,0.102,0.048,0.049,0.36,0.051,0.045,0.054,0.281,0.074,0.191,0.034,0.169,0.028,0.554,0.64,0.189,0.056,0.306,0.228,3.196,0.055,2.111,0.201,0.048,0.043,0.528,0.054,0.178,0.133,0.189,0.049,0.233,0.046,0.054,0.275,0.053,0.052,0.226,2.839,0.379
880,0.152,0.044,0.054,0.296,0.035,0.052,0.348,0.201,0.518,0.476,0.049,0.052,0.056,0.397,0.053,0.102,0.048,0.049,0.36,0.051,0.045,0.054,0.281,0.074,0.05,0.034,0.169,0.028,0.554,0.632,0.053,0.056,0.306,0.228,0.161,0.055,2.111,0.201,0.048,0.043,0.528,0.054,0.178,0.133,0.189,0.049,0.233,0.046,0.054,0.275,0.053,0.052,0.226,2.839,0.379
881,0.152,0.044,0.054,0.178,0.035,0.052,0.348,0.371,0.518,0.476,0.049,0.052,0.056,0.397,0.053,0.102,0.048,0.049,0.36,0.051,0.045,0.054,0.281,0.074,0.05,0.034,0.169,0.028,0.554,0.632,0.053,0.056,0.306,0.228,0.161,0.055,2.111,0.201,0.048,0.043,0.384,0.054,0.178,0.133,0.189,0.049,0.233,0.046,0.054,0.275,0.053,0.052,0.226,2.839,0.379
882,0.152,0.044,0.054,0.178,0.035,0.052,0.348,0.213,0.518,0.476,0.049,0.052,0.056,0.397,0.053,0.102,0.048,0.049,0.36,0.051,0.045,0.054,0.281,0.074,0.05,0.034,0.229,0.028,0.554,2.903,0.053,0.056,0.306,0.228,0.161,0.055,0.045,0.201,0.048,0.043,0.384,0.054,0.178,0.133,0.189,0.049,0.233,0.046,0.054,0.275,0.053,0.052,0.226,2.779,0.379
883,0.152,0.044,0.054,0.178,0.035,0.052,0.348,0.213,0.518,0.476,0.049,0.052,0.056,0.397,0.053,0.102,0.048,0.049,0.36,0.051,0.045,0.054,2.505,0.074,0.05,0.034,0.169,0.028,0.554,2.903,0.053,0.056,0.306,0.228,0.161,0.055,0.045,0.201,0.048,0.043,0.384,0.054,0.178,0.133,0.189,0.049,0.233,0.154,0.054,0.275,0.152,0.052,0.226,2.779,0.174
884,0.152,0.044,0.054,0.178,0.035,0.052,0.348,0.213,0.518,0.476,0.049,0.052,0.056,0.397,0.053,0.102,0.048,0.049,0.36,0.051,0.045,0.054,2.505,0.074,0.05,0.034,0.051,0.028,0.333,2.697,0.053,0.056,0.306,0.228,0.161,0.055,0.045,0.201,0.048,0.043,0.384,0.054,0.278,0.133,0.189,0.049,0.233,0.154,0.054,0.275,0.152,0.052,0.226,2.779,0.174
885,0.152,0.193,0.054,0.178,0.035,0.052,0.348,0.213,0.401,0.476,0.049,0.052,0.056,0.27,0.053,0.102,0.048,0.049,0.36,0.051,0.045,0.054,2.686,0.074,0.05,0.034,0.051,0.028,0.333,0.426,0.053,0.056,0.306,0.228,0.161,0.055,0.045,0.201,0.048,0.043,0.384,0.16,0.278,0.133,0.189,0.049,0.233,0.154,0.054,0.275,0.152,0.052,0.226,2.779,0.174
886,0.152,0.193,0.054,0.178,0.035,0.052,0.348,0.213,0.401,0.476,0.049,0.052,0.056,0.27,0.053,0.102,0.048,0.049,0.36,0.051,0.045,0.054,0.502,0.074,0.05,0.034,0.051,0.028,0.333,0.426,0.053,0.056,0.306,0.228,0.161,0.055,0.045,0.201,0.048,0.043,0.384,0.16,0.278,0.133,0.189,0.049,0.233,0.154,0.054,0.275,0.152,0.052,0.226,2.779,0.174
887,0.152,0.347,0.054,0.178,0.035,0.052,0.348,0.213,3.56,0.476,0.049,0.052,0.056,0.27,0.053,0.102,0.048,0.049,0.36,0.051,0.045,0.054,0.462,0.054,0.05,0.034,0.051,0.028,0.333,0.426,0.053,0.056,0.306,0.228,0.161,0.055,0.045,0.201,0.048,0.043,0.384,0.16,0.278,0.133,2.194,0.049,0.233,0.154,0.054,0.275,0.152,0.052,0.205,2.779,0.174
888,0.152,0.347,0.054,0.178,0.035,0.052,0.348,0.213,3.56,0.476,0.049,0.052,0.056,0.27,0.053,0.102,0.048,0.049,0.202,0.051,0.045,0.054,0.462,0.054,0.05,0.034,0.051,0.028,0.333,0.426,0.053,0.056,0.306,0.228,0.161,0.055,0.045,0.201,0.048,0.043,0.384,0.16,0.278,0.133,2.319,0.049,0.233,0.154,0.054,0.275,0.152,0.052,0.205,2.779,0.174
889,0.152,0.347,0.054,0.178,0.035,0.052,0.348,0.213,3.56,0.476,0.049,0.052,0.056,0.27,0.053,0.102,0.048,0.27,0.202,0.051,0.045,0.054,0.462,0.054,0.05,0.034,0.051,0.028,0.333,0.426,0.053,0.056,0.306,0.228,0.161,0.055,0.045,0.201,0.048,0.043,0.384,0.16,0.278,0.133,2.369,0.049,0.233,0.154,0.054,0.275,0.152,0.052,0.205,2.779,0.174
890,0.152,0.347,0.054,0.357,0.035,0.052,0.348,0.213,3.56,0.476,0.049,0.052,0.056,0.27,0.053,0.102,0.048,0.27,0.202,0.051,0.045,0.054,0.449,0.054,0.05,0.034,0.063,0.028,0.333,0.426,0.053,0.056,0.447,0.228,0.161,0.055,0.045,0.201,0.048,0.043,0.384,0.16,0.278,0.133,0.364,0.049,0.233,0.154,0.054,0.275,0.152,0.052,0.205,2.779,0.174
891,0.152,0.347,0.054,0.357,0.035,0.052,0.348,0.213,3.56,0.442,0.049,0.052,0.056,0.27,0.053,0.229,0.048,0.27,0.384,0.171,0.045,0.054,0.449,0.054,0.05,0.034,0.063,0.028,0.333,0.426,0.053,0.056,0.447,0.228,0.161,0.055,0.045,0.201,0.048,0.043,0.384,0.16,0.278,0.133,0.364,0.049,0.233,0.154,0.054,0.275,0.152,0.052,0.205,2.779,0.174
892,0.308,0.347,0.054,0.357,0.035,0.052,0.348,0.213,3.56,0.809,0.049,0.052,0.056,0.27,0.053,0.229,0.048,0.27,0.384,0.171,0.045,0.054,0.449,0.054,0.05,0.034,0.063,0.028,0.324,0.426,0.053,0.056,0.447,0.228,0.161,0.055,0.045,0.201,0.048,0.043,0.384,0.16,0.278,0.133,0.364,0.049,0.233,0.154,0.054,0.275,0.152,0.052,0.205,2.779,0.174
893,0.308,0.347,0.054,0.357,0.035,0.052,0.467,0.213,3.77,0.809,0.049,0.052,0.056,0.27,0.053,0.229,0.048,0.27,0.384,0.171,0.045,0.251,0.449,0.054,0.05,0.034,0.063,0.028,0.324,0.426,0.053,0.056,2.514,0.228,0.043,0.055,0.045,0.201,0.048,0.043,0.384,0.16,0.278,0.133,0.364,0.049,0.233,0.154,0.054,0.275,0.152,0.052,0.265,2.779,0.174
894,0.308,0.347,0.054,0.357,0.035,0.052,0.467,0.213,3.77,0.821,0.049,0.052,0.056,0.27,0.053,0.229,0.048,0.27,0.384,0.171,0.045,0.251,0.449,0.054,0.05,0.034,0.063,0.028,0.324,0.426,0.053,0.056,2.514,0.045,0.043,0.055,0.045,0.201,0.048,0.043,0.384,0.16,0.278,0.029,0.364,0.049,0.233,0.154,0.054,0.171,0.152,0.052,0.265,2.779,0.174
895,0.308,0.347,0.054,0.357,0.035,0.052,0.467,0.043,3.77,0.821,0.049,0.052,0.056,0.27,0.053,0.229,0.048,0.27,0.384,0.171,0.045,0.251,0.449,0.054,0.05,0.034,0.063,0.028,0.324,2.597,0.053,0.056,2.514,0.045,0.043,0.055,0.045,0.201,0.048,0.043,0.384,0.16,0.15,0.029,0.364,0.049,0.233,0.154,0.054,0.171,0.152,0.052,0.265,2.779,0.055
896,0.192,0.347,0.054,0.357,0.035,0.052,0.467,0.043,3.77,0.454,0.049,0.052,0.056,0.27,0.053,0.229,0.048,0.27,0.384,0.171,0.045,0.251,0.449,0.054,0.05,0.034,0.063,0.028,0.324,2.597,0.053,0.056,2.514,0.045,0.043,0.055,0.045,0.201,0.048,0.257,0.384,0.16,0.15,0.029,0.364,0.049,0.233,0.154,0.054,0.171,0.152,0.052,0.265,2.779,0.055
897,0.192,0.347,0.054,0.357,0.035,0.052,0.467,0.043,3.77,0.454,0.049,0.052,0.056,0.27,0.053,0.229,0.048,0.27,0.384,0.171,0.045,0.251,0.449,0.054,0.05,0.034,0.063,0.028,0.384,2.597,0.053,0.056,2.514,0.045,0.043,0.055,0.045,0.201,0.048,0.257,0.384,0.16,0.15,0.029,0.364,0.049,0.152,0.154,0.054,0.171,0.152,0.052,0.205,2.779,0.055
898,0.192,0.347,0.054,0.357,0.035,0.052,0.467,0.043,3.77,0.591,0.049,0.052,0.056,0.27,0.053,0.229,0.048,0.27,0.384,0.171,0.045,0.251,0.449,0.054,0.153,0.034,0.063,0.028,0.384,2.597,0.053,0.056,2.389,0.045,0.043,0.055,0.045,0.201,0.048,0.257,0.384,0.16,0.15,0.029,0.364,0.049,0.152,0.154,0.054,0.171,0.152,0.052,0.205,2.779,0.055
899,0.192,0.198,0.054,0.54,0.035,0.052,0.467,0.043,3.77,0.591,0.049,0.215,0.056,0.279,0.053,0.229,0.048,0.27,0.384,0.171,0.045,0.251,0.449,0.054,0.153,0.034,0.063,0.028,0.384,2.597,0.053,0.056,2.389,0.045,0.043,0.055,0.045,0.201,0.048,0.257,0.195,0.16,0.15,0.029,0.364,0.049,0.152,0.154,0.054,0.184,0.152,0.052,0.205,2.779,0.055
900,0.192,0.198,0.054,0.54,0.035,0.052,0.467,0.043,3.77,0.591,0.049,0.215,0.056,0.279,0.053,0.229,0.048,0.27,0.384,0.171,0.045,0.251,0.449,0.054,0.153,0.034,0.075,0.028,0.384,2.597,0.053,5.366,2.389,0.045,0.043,0.055,0.045,0.201,0.048,0.257,0.195,0.16,0.15,0.029,2.369,0.049,0.152,0.154,0.054,0.184,0.152,0.052,0.205,2.779,0.055
901,0.192,0.198,0.054,0.54,0.035,0.052,0.313,0.229,3.77,0.591,0.049,0.215,0.056,0.279,0.053,0.229,0.048,0.27,0.384,0.171,0.045,0.251,0.449,0.054,0.153,0.034,0.075,0.028,0.384,2.597,0.053,5.366,2.389,0.045,0.043,0.055,0.045,0.201,0.048,0.257,0.195,0.16,0.15,0.029,2.369,0.049,0.152,0.046,0.054,0.184,0.053,0.052,0.205,2.779,0.055
902,0.192,0.198,0.054,0.54,0.035,0.052,0.313,0.229,3.77,0.591,0.049,0.215,0.056,0.279,0.053,0.229,0.048,0.27,0.384,0.171,0.045,0.251,0.449,0.054,0.153,0.034,0.179,0.028,0.384,2.597,0.053,5.366,2.389,0.045,0.043,0.055,0.045,0.201,0.048,0.257,0.195,0.16,0.15,0.029,2.369,0.049,0.152,0.046,0.054,0.184,0.053,0.052,0.205,2.779,0.055
903,0.192,0.198,0.054,0.54,0.035,0.052,0.313,0.229,3.77,0.591,0.049,0.215,0.056,0.279,0.053,0.229,0.048,0.27,0.536,0.171,0.045,0.251,0.449,0.054,0.153,0.034,0.179,0.028,0.384,2.597,0.053,5.366,2.389,0.045,0.043,0.055,0.045,0.201,0.048,0.257,0.195,0.054,0.05,0.029,0.364,0.049,0.152,0.046,0.054,0.184,0.053,0.052,0.205,2.779,0.055
904,0.192,0.198,0.054,0.54,0.035,0.052,0.313,0.229,3.77,0.591,0.049,0.215,0.056,0.206,0.053,0.229,0.048,0.27,0.536,0.171,0.045,0.251,0.46,0.054,0.153,0.034,0.179,0.028,0.424,2.597,0.053,5.543,2.389,0.045,0.043,0.055,0.045,0.201,0.048,0.257,0.195,0.054,0.05,0.029,3.115,0.049,0.152,0.046,0.054,0.184,0.053,0.052,0.205,2.779,0.055
905,0.192,0.198,0.054,0.53,0.035,0.052,0.313,0.229,3.77,0.591,0.049,0.215,0.056,0.206,0.053,0.229,0.048,0.27,0.536,0.171,0.045,0.251,0.46,0.054,0.153,0.034,0.179,0.028,0.424,2.597,0.053,5.543,2.389,0.045,0.043,0.055,0.045,0.201,0.048,0.257,0.195,0.054,0.084,0.029,3.115,0.049,0.152,0.046,0.054,0.184,0.053,0.052,0.205,2.779,0.055
906,0.192,0.198,0.054,0.53,0.035,0.052,0.313,0.229,3.77,0.591,0.049,0.215,0.056,0.206,0.053,0.229,0.048,0.27,0.536,0.171,0.045,0.251,0.46,0.054,0.153,0.034,0.239,0.028,0.393,2.597,0.053,5.543,2.389,0.045,0.043,0.055,0.045,0.201,0.048,0.257,0.195,0.054,0.084,0.029,3.115,0.049,0.152,0.046,0.054,0.184,0.053,0.052,0.205,2.779,0.055
907,0.192,0.044,0.054,0.53,0.035,0.052,0.313,0.229,0.528,0.591,0.049,0.215,0.056,0.206,0.053,0.229,0.048,0.27,0.536,0.171,0.045,0.251,0.279,0.054,0.153,0.034,0.455,0.028,0.393,2.597,0.053,5.543,2.389,0.045,0.043,0.055,0.045,0.201,0.048,0.257,0.068,0.054,0.084,0.029,3.115,0.049,0.152,0.046,0.054,0.214,0.053,0.052,0.205,2.779,0.055
908,0.192,0.044,0.054,0.53,0.035,0.052,0.313,0.229,3.687,0.591,0.049,0.215,0.056,0.206,0.223,0.229,0.048,0.27,0.536,0.171,0.045,0.251,0.279,0.054,0.153,0.034,0.443,0.028,0.393,2.597,0.053,5.543,2.389,0.045,0.043,0.196,0.045,0.201,0.048,0.257,0.068,0.054,0.084,0.029,3.115,0.049,0.152,0.046,0.054,0.214,0.053,0.052,0.205,2.779,0.055
909,0.192,0.044,0.054,0.53,0.035,0.052,0.313,0.229,3.687,0.591,0.049,0.215,0.056,0.333,0.223,0.229,0.048,0.27,0.536,0.051,0.045,0.251,0.279,0.054,0.153,0.034,0.443,0.028,0.393,2.597,0.053,5.543,0.322,0.045,0.043,0.196,0.045,0.201,0.048,0.257,0.068,0.054,0.084,0.029,3.115,0.049,0.152,0.046,0.054,0.214,0.053,0.052,0.205,2.779,0.055
910,0.192,0.044,0.054,0.53,0.035,0.087,0.326,0.229,3.687,0.591,0.049,0.215,0.056,0.206,0.223,0.229,0.048,0.27,0.536,0.051,0.045,0.251,0.387,0.054,0.153,0.034,0.443,0.028,0.393,2.597,0.053,3.46,0.181,0.045,0.043,0.196,0.045,0.201,0.048,0.257,0.068,0.054,0.084,0.029,3.115,0.049,0.152,0.046,0.054,0.214,0.053,0.052,0.205,2.779,0.055
911,0.192,0.044,0.054,0.53,0.235,0.087,0.326,0.229,3.687,0.591,0.049,0.215,0.056,0.206,0.223,0.229,0.048,0.049,0.536,0.051,0.045,0.251,0.387,0.054,0.153,0.034,0.443,0.028,0.393,2.597,0.053,3.46,0.181,0.045,0.043,0.196,0.045,0.201,0.048,0.257,0.052,0.054,0.084,0.029,3.065,0.049,0.152,0.046,0.054,0.214,0.053,0.052,0.205,2.779,0.055
912,0.192,0.044,0.054,0.351,0.235,0.435,0.326,0.229,3.687,0.591,0.049,0.215,0.056,0.206,0.223,0.229,0.048,0.049,0.526,0.051,0.045,0.251,0.387,0.054,0.153,0.034,0.443,0.028,0.393,2.597,0.053,3.46,0.181,0.045,0.043,0.196,0.045,0.201,0.048,0.257,0.052,0.054,0.084,0.029,3.065,0.049,0.152,0.046,0.054,0.214,0.053,0.052,0.205,2.779,0.055
913,0.192,0.044,0.054,0.168,0.235,0.435,0.326,0.229,3.687,0.591,0.049,0.052,0.056,0.206,0.223,0.229,0.048,0.049,0.344,0.051,0.045,0.251,0.387,0.054,0.153,0.034,0.543,0.028,0.393,2.564,0.053,0.499,0.374,0.045,0.043,0.196,0.045,0.201,0.048,0.257,0.052,0.054,0.084,0.029,3.065,0.049,0.152,0.046,0.054,0.214,0.053,0.052,0.205,2.779,0.055
914,0.036,0.044,0.054,0.155,0.235,0.435,0.326,0.229,3.687,0.591,0.049,0.052,0.056,0.206,0.223,0.229,0.048,0.049,0.364,0.051,0.045,0.251,0.387,0.054,0.153,0.034,0.543,0.028,0.393,2.564,0.053,0.499,0.403,0.045,0.043,0.196,0.045,0.201,0.048,0.257,0.052,0.054,0.274,0.029,3.065,0.049,0.152,0.046,0.054,0.214,0.053,0.052,0.205,2.779,0.055
915,0.036,0.044,0.054,0.155,0.235,0.4,0.326,0.229,3.465,0.591,0.049,0.052,0.056,0.206,0.223,0.229,0.048,0.049,0.374,0.051,0.24,0.054,0.387,0.054,0.153,0.034,0.603,0.028,0.393,2.564,0.053,0.499,0.403,0.045,0.043,0.196,0.045,0.201,0.048,0.257,0.052,0.054,0.274,0.029,3.065,0.049,0.045,0.046,0.054,0.214,0.053,0.052,0.205,2.779,0.055
916,0.036,2.329,0.054,0.155,0.235,0.052,0.326,0.229,3.465,0.591,0.049,0.052,0.056,0.206,0.223,0.229,0.048,0.049,0.374,0.051,0.24,0.054,0.387,0.054,0.05,0.034,0.603,0.028,0.393,2.564,0.053,0.499,0.403,0.045,0.043,0.196,0.045,0.201,0.048,0.257,0.052,0.054,0.274,0.029,3.065,0.049,0.045,0.046,0.256,0.368,0.053,0.052,0.205,2.779,0.055
917,0.036,2.329,0.054,0.155,0.235,0.052,0.326,0.229,3.465,0.591,0.049,0.052,0.056,0.206,0.223,0.229,0.249,0.049,0.374,0.051,0.24,0.054,0.387,0.054,0.05,0.034,0.603,0.028,0.393,2.445,0.053,0.499,0.403,0.045,0.216,0.196,0.045,0.21,0.048,0.257,0.403,0.054,0.274,0.029,3.065,0.049,0.045,0.046,0.256,0.368,0.053,0.052,0.205,2.95,0.055
918,0.036,2.329,0.054,0.155,0.235,0.052,0.326,0.229,3.465,0.591,0.049,0.052,0.056,0.206,0.223,0.346,0.249,0.049,0.374,0.268,0.24,0.054,0.387,0.054,0.05,0.034,0.603,0.028,0.393,2.445,0.053,0.499,0.513,0.045,0.216,0.196,0.045,0.21,0.048,0.043,0.403,0.054,0.274,0.029,3.065,0.049,0.045,0.046,0.256,0.368,0.053,0.052,0.205,2.95,0.055
919,0.036,0.044,0.054,0.155,0.235,0.052,0.326,0.229,3.465,0.591,0.049,0.052,0.056,0.206,0.223,0.346,0.249,0.049,0.374,0.268,0.24,0.054,0.387,0.266,0.05,0.034,0.603,0.028,0.393,2.445,0.053,0.499,0.613,0.045,0.216,0.196,0.045,0.21,0.048,0.043,0.403,0.054,0.283,0.029,3.125,0.049,0.045,0.046,0.256,0.368,0.053,0.052,2.578,2.95,0.055
920,0.036,0.044,0.054,0.155,0.235,0.052,0.326,0.229,3.48,0.591,0.049,0.142,0.056,0.206,0.223,0.346,0.249,0.049,0.474,0.268,0.24,0.054,0.387,0.266,0.05,0.034,0.499,0.028,0.393,2.445,0.053,0.499,0.613,0.045,0.216,0.196,0.045,0.21,0.048,0.043,0.403,0.054,0.283,0.029,3.125,0.049,0.045,0.046,0.256,0.368,0.053,0.052,2.578,2.95,0.055
921,0.036,0.044,0.054,0.155,0.235,0.052,0.326,0.229,3.48,0.454,0.049,0.142,0.056,0.206,0.223,0.346,0.249,0.049,0.474,0.268,0.24,0.054,0.387,0.266,0.05,0.034,0.559,0.028,0.393,2.445,0.053,0.499,0.613,0.045,0.216,0.196,0.045,0.21,0.048,0.043,0.052,0.054,0.283,0.029,3.125,0.242,0.045,0.046,0.256,0.368,0.053,0.052,2.578,2.95,0.055
922,0.036,0.044,0.054,0.155,0.235,0.052,0.326,0.229,3.48,0.454,0.049,0.142,0.056,0.206,0.223,0.346,0.249,0.049,0.374,0.268,0.24,0.054,0.387,0.266,0.05,0.034,0.499,0.028,0.393,0.26,0.053,0.376,0.613,0.045,0.216,0.196,0.045,0.486,0.048,0.043,0.052,0.054,0.283,0.029,3.125,0.242,0.045,0.046,0.256,0.368,0.053,0.229,2.578,2.95,0.055
923,0.036,0.044,0.054,0.155,0.235,0.052,0.326,0.043,3.48,0.454,0.049,0.142,0.056,0.328,0.223,0.346,0.249,0.049,0.222,0.268,0.24,0.054,0.387,0.266,0.05,0.034,0.487,0.028,0.393,0.26,0.053,0.499,0.613,0.045,0.216,0.285,0.045,0.486,0.048,0.043,0.052,0.054,0.283,0.029,3.077,0.242,0.045,0.046,0.256,0.368,0.053,0.229,2.59,2.95,0.055
924,0.036,0.044,0.054,0.155,0.235,0.052,0.326,0.043,3.48,0.454,0.049,0.142,0.056,0.328,0.223,0.346,0.249,0.049,0.222,0.268,0.24,0.054,0.387,0.266,0.05,0.208,0.487,0.028,0.393,0.26,0.053,0.499,0.613,0.045,0.216,0.285,0.045,0.486,0.048,0.043,0.065,0.054,0.283,0.029,0.366,0.242,0.045,0.046,0.256,0.368,0.053,0.229,2.59,0.219,0.055
925,0.036,0.189,0.054,0.155,0.035,0.052,0.207,0.043,3.48,0.454,0.049,0.142,0.056,0.328,0.223,0.346,0.249,0.049,0.222,0.268,0.24,0.054,0.387,0.266,0.05,0.208,0.487,0.028,0.393,0.26,0.053,0.679,0.613,0.045,0.216,0.285,0.045,0.662,0.048,0.043,0.065,0.054,0.283,0.228,0.366,0.242,0.045,0.046,0.256,0.368,0.053,0.229,2.59,0.219,0.055
926,0.036,0.189,0.054,0.155,0.035,0.081,0.207,0.043,3.48,0.821,0.049,0.142,0.056,0.328,0.223,0.346,0.249,0.049,0.222,0.268,0.24,0.054,0.387,0.266,0.05,0.208,0.487,0.028,0.393,0.26,0.053,0.502,0.613,0.045,0.216,0.285,0.045,0.532,0.048,0.043,0.065,0.054,0.296,0.228,0.366,0.242,0.045,0.046,0.256,0.368,0.053,0.229,2.59,0.219,0.055
927,0.036,0.204,0.054,0.048,0.035,0.081,0.207,0.043,3.48,0.821,0.049,0.142,0.056,0.328,0.223,0.329,0.249,0.049,0.222,0.268,0.24,0.054,0.387,0.266,0.05,0.208,0.487,0.028,0.393,0.26,0.053,0.502,0.42,0.045,0.216,0.285,0.045,0.532,0.048,0.043,0.065,0.054,0.296,0.228,0.366,0.242,0.045,0.046,0.256,0.368,0.053,0.229,2.59,0.219,0.055
928,0.036,0.301,0.054,0.048,0.035,0.081,0.207,0.043,0.321,0.709,0.049,0.142,0.056,0.328,0.223,0.329,0.249,0.049,0.222,0.268,0.24,0.054,0.387,0.266,0.24,0.208,0.487,0.028,0.393,0.26,0.053,0.623,0.42,0.045,0.216,0.144,0.045,0.532,0.048,0.043,0.065,0.054,0.296,0.228,0.366,0.242,0.045,0.046,0.256,0.368,0.053,0.229,2.59,0.219,0.055
929,0.036,0.301,0.054,0.048,0.035,0.081,0.207,0.043,0.321,0.709,0.049,0.142,0.056,0.328,0.223,0.329,0.249,0.049,0.277,0.268,0.272,0.054,0.447,0.266,0.24,0.208,0.271,0.028,0.393,0.26,0.053,0.623,0.42,0.045,0.216,0.144,0.045,0.532,0.048,0.043,0.065,0.054,0.296,0.228,0.366,0.242,0.045,0.046,0.256,0.368,0.053,0.229,2.59,0.219,0.055
930,0.274,0.301,0.054,0.048,0.035,0.081,0.207,0.043,0.321,0.342,0.057,0.142,0.056,0.328,0.053,0.329,0.249,0.049,0.277,0.407,0.272,0.054,0.447,0.266,0.24,0.208,0.271,0.028,0.393,0.26,0.053,3.584,0.42,0.045,0.216,0.144,0.045,0.532,0.048,0.043,0.065,0.054,0.24,0.228,0.366,0.366,0.045,0.046,0.256,0.368,0.053,0.229,2.776,0.219,0.204
931,0.274,0.301,0.054,0.048,0.035,0.081,0.207,0.043,0.321,0.454,0.057,0.142,0.056,0.328,0.053,0.329,0.249,0.049,0.237,0.407,0.272,0.054,0.447,0.266,0.24,0.208,0.211,0.028,0.333,0.26,0.053,3.584,0.42,0.045,0.216,0.144,0.045,0.499,0.048,0.043,0.065,0.054,0.24,0.228,0.366,0.366,0.045,0.046,0.256,0.368,0.053,0.229,2.776,0.219,0.204
932,0.274,0.301,0.054,0.048,0.035,0.313,0.207,0.043,0.321,0.454,0.057,0.142,0.056,0.328,0.053,0.329,0.249,0.049,0.237,0.407,0.272,0.054,0.447,0.266,0.24,0.208,0.211,0.028,0.333,0.26,0.053,3.705,0.42,0.045,0.216,0.144,0.045,0.499,0.048,0.175,0.209,0.054,0.24,0.228,0.326,0.366,0.045,0.046,0.256,0.368,0.053,0.229,2.776,0.219,0.204
933,0.274,0.313,0.054,0.048,0.035,0.313,0.207,0.043,0.321,0.454,0.057,0.142,0.056,0.328,0.053,0.329,0.249,0.049,0.237,0.407,0.272,0.054,0.447,0.054,0.24,0.208,0.211,0.028,0.333,0.26,0.053,3.705,0.42,0.045,0.216,0.144,0.045,0.499,0.048,0.175,0.209,0.054,0.24,0.228,0.326,0.366,0.045,0.046,0.256,0.368,0.053,0.229,2.776,0.219,0.204
934,0.274,0.313,0.054,0.048,0.035,0.313,0.207,0.043,0.321,0.454,0.057,0.142,0.056,0.328,0.053,0.329,0.249,0.049,0.337,0.407,0.272,0.054,0.447,0.054,0.24,0.208,0.151,0.028,0.333,0.293,0.053,3.705,0.42,0.045,0.216,0.144,0.06,0.532,0.048,0.175,0.209,0.054,0.24,0.228,0.326,0.366,0.045,0.046,0.256,0.368,0.053,0.229,2.776,0.219,0.204
935,0.274,0.313,0.054,0.048,0.035,0.313,0.207,0.043,0.321,0.342,0.057,0.142,0.056,0.328,0.053,0.329,0.249,0.21,0.337,0.407,0.272,0.054,0.547,0.054,0.24,0.208,0.151,0.028,0.554,0.293,0.053,3.705,0.42,0.045,0.216,0.144,0.06,0.532,0.048,0.175,0.209,0.054,0.24,0.228,0.326,0.173,0.045,0.046,0.256,0.368,0.053,0.229,2.776,0.219,0.304
936,0.274,0.313,0.054,0.048,0.035,1.979,0.207,0.043,0.321,0.342,0.057,0.142,0.056,0.328,0.053,0.212,0.249,0.21,0.337,0.407,0.272,0.054,0.547,0.054,0.24,0.208,0.151,0.028,0.554,0.293,0.053,3.705,0.31,0.045,0.216,0.144,0.06,0.532,0.048,0.175,0.209,0.054,0.05,0.228,0.326,0.173,0.045,0.046,0.256,0.214,0.053,0.229,2.776,0.219,0.304
937,0.274,0.313,0.054,0.048,0.035,1.979,0.207,0.043,0.321,0.342,0.057,0.142,0.056,0.328,0.053,0.212,0.249,0.21,0.337,0.407,0.077,0.054,0.547,0.054,0.24,0.208,0.151,0.028,0.554,0.293,0.053,3.705,0.31,0.045,0.216,0.144,0.06,0.532,0.048,0.175,0.209,0.054,0.05,0.228,0.326,0.173,0.045,0.046,0.256,0.214,0.152,0.229,2.776,0.219,0.304
938,0.274,2.598,0.054,0.048,0.035,1.979,0.207,0.043,0.321,0.342,0.057,0.052,0.056,0.328,0.053,0.212,0.249,0.21,0.337,3.514,0.077,0.054,0.56,0.054,0.24,0.208,0.151,0.028,0.554,0.293,0.053,3.705,0.31,0.045,0.216,0.144,0.06,0.532,0.048,0.175,0.209,0.054,0.05,0.228,0.326,0.173,0.045,0.046,0.054,0.214,0.152,0.229,2.776,0.219,0.304
939,0.274,2.598,0.054,0.048,0.035,0.313,0.207,0.043,0.321,0.342,0.057,0.052,0.056,0.328,0.053,0.212,0.048,0.21,0.337,3.514,0.077,0.054,0.56,0.054,0.24,0.208,0.151,0.028,0.554,0.293,0.053,3.705,0.31,0.045,0.043,0.144,0.06,0.532,0.048,0.175,0.209,0.054,0.05,0.228,0.326,0.173,0.045,0.046,0.054,0.214,0.152,0.229,2.776,0.048,0.304
940,0.274,2.598,0.054,0.048,0.035,0.313,0.207,2.294,0.321,0.342,0.057,0.052,0.085,0.328,0.053,0.212,0.048,0.21,0.337,3.297,0.077,0.054,0.56,0.054,0.381,0.208,0.151,0.242,0.554,0.293,0.053,3.705,0.31,0.045,0.043,0.144,0.06,0.532,0.048,0.175,0.209,0.054,0.05,0.228,0.326,0.173,0.045,0.046,0.054,0.214,0.152,0.229,2.776,0.048,0.304
941,0.352,0.313,0.054,0.048,0.035,1.979,0.207,2.294,3.48,0.342,0.057,0.052,0.085,0.206,0.053,0.212,0.048,0.21,0.337,3.357,0.077,0.054,0.56,0.054,0.381,0.208,0.224,0.242,0.554,0.333,0.053,3.705,0.31,0.045,0.043,0.055,0.06,0.532,0.048,0.175,0.209,0.054,0.05,0.228,0.326,0.173,0.045,0.046,0.054,0.214,0.152,0.229,2.866,0.048,0.304
942,0.352,0.373,0.054,0.048,0.035,1.979,0.207,2.294,3.48,0.342,0.057,0.052,0.085,0.206,0.053,0.212,0.048,0.21,0.377,3.357,0.077,0.054,0.56,0.054,0.381,0.208,0.224,0.242,0.554,0.373,0.053,3.705,0.365,0.045,0.043,0.055,0.06,0.532,0.048,0.175,0.318,0.054,0.05,0.228,3.077,0.173,0.045,0.046,0.054,0.214,0.152,0.229,2.866,0.048,0.304
943,0.352,0.313,0.054,0.048,0.035,1.979,0.207,2.294,3.48,0.342,0.057,0.052,0.085,0.206,0.053,0.212,0.048,0.21,0.437,3.357,0.077,0.054,0.452,0.169,0.381,0.208,0.224,0.242,0.554,0.373,0.053,3.805,0.365,0.045,0.043,0.055,0.06,2.552,0.048,0.175,0.318,0.054,0.05,0.228,3.077,0.173,0.045,0.046,0.054,0.214,0.152,0.229,2.866,0.048,0.319
944,0.352,0.313,0.054,0.048,0.035,0.313,0.207,2.294,3.48,0.342,0.057,0.052,0.085,0.206,0.053,0.052,0.048,0.21,0.437,3.392,0.077,0.054,0.452,0.169,0.381,0.208,0.224,0.242,0.554,0.373,0.053,3.805,0.31,0.045,0.043,0.055,0.06,2.552,0.048,0.175,0.318,0.054,0.05,0.228,3.077,0.173,0.045,0.046,0.054,2.02,0.152,0.212,2.866,0.048,0.379
945,0.352,0.313,0.054,0.048,0.035,0.313,0.207,2.294,3.48,0.342,0.057,0.052,0.085,0.206,0.053,0.052,0.048,0.21,0.467,3.392,0.077,0.054,0.452,0.169,0.381,0.208,0.224,0.242,0.554,0.579,0.053,3.625,0.31,0.045,0.043,0.055,0.06,2.552,0.048,0.175,0.318,0.054,0.05,0.228,3.077,0.173,0.045,0.154,0.054,2.02,0.152,0.212,2.866,0.048,0.379
946,0.352,0.216,0.054,0.048,0.035,0.313,0.207,2.294,3.48,0.342,0.057,0.052,0.085,0.206,0.053,0.052,0.048,0.21,0.467,3.392,0.077,0.054,0.452,0.169,0.381,0.034,0.224,0.242,0.554,0.579,0.053,3.504,0.31,0.045,0.043,0.055,0.06,0.386,0.048,0.175,0.318,0.054,0.05,0.228,3.077,0.173,0.045,0.154,0.054,2.02,0.152,0.212,2.866,0.048,0.379
947,0.352,0.216,0.054,0.048,0.035,0.313,0.207,2.452,3.48,0.402,0.057,0.052,0.085,0.206,0.053,0.052,0.048,0.21,0.527,3.392,0.077,0.054,0.452,0.169,0.381,0.034,0.224,0.242,0.554,0.579,0.053,3.532,0.31,0.045,0.043,0.055,0.06,0.21,0.048,0.175,0.318,0.054,0.05,0.029,3.077,0.173,0.045,0.154,0.054,0.214,0.152,0.212,2.835,0.048,0.379
948,0.352,0.216,0.054,0.048,0.035,0.313,0.207,2.452,3.48,0.402,0.057,0.052,0.085,0.206,0.053,0.052,0.048,0.21,0.567,3.392,0.077,0.054,0.452,0.169,0.381,0.034,0.224,0.242,0.554,0.579,0.053,3.532,0.31,0.045,0.043,0.055,0.06,0.21,0.048,0.175,0.318,0.054,0.05,0.029,3.077,0.049,0.045,0.154,0.054,0.214,0.152,0.212,2.835,0.048,0.379
949,0.352,0.345,0.054,0.048,0.035,0.313,0.207,2.452,3.48,0.402,0.057,0.052,0.085,0.206,0.053,0.052,0.048,0.21,0.407,3.392,0.077,0.054,0.452,0.169,0.381,0.034,0.224,0.242,0.72,0.579,0.053,3.532,0.21,0.045,0.043,0.055,0.06,0.21,0.048,0.175,0.327,0.054,0.05,0.029,3.077,0.049,0.045,0.154,0.054,0.309,0.152,0.212,2.835,0.048,0.379
950,0.352,0.345,0.054,0.048,0.035,0.313,0.207,2.452,3.48,0.414,0.057,0.052,0.085,0.206,0.053,0.18,0.048,0.21,0.407,3.392,0.077,0.054,0.452,0.169,0.191,0.034,0.224,0.242,0.72,0.579,0.053,0.571,0.141,0.088,0.043,0.055,0.06,0.21,0.048,0.043,0.327,0.054,0.05,0.133,3.077,0.285,0.045,0.154,0.054,0.309,0.152,0.212,2.835,0.048,0.379
951,0.352,0.345,0.054,0.048,0.035,0.313,0.207,2.452,3.48,0.414,0.057,0.052,0.085,0.206,0.053,0.18,0.048,0.21,0.407,3.452,0.077,0.054,0.452,0.169,0.191,0.034,0.224,0.242,0.72,0.704,0.053,0.571,0.141,0.088,0.043,0.055,0.06,0.21,0.048,0.043,0.327,0.054,0.05,0.133,3.077,0.285,0.045,0.154,0.054,0.309,0.152,0.212,2.835,0.048,0.379
952,0.352,0.345,0.054,0.048,0.035,0.313,0.207,2.472,3.492,0.434,0.057,0.218,0.085,0.206,0.053,0.18,0.048,0.21,0.407,3.452,0.077,0.054,0.362,0.169,0.191,0.034,0.224,0.242,0.72,0.704,0.053,0.45,0.181,0.088,0.043,0.055,0.06,0.21,0.048,0.043,0.203,0.054,0.05,0.133,3.077,0.445,0.045,0.154,0.054,0.309,0.152,0.212,2.649,0.048,0.379
953,0.352,0.405,0.054,0.088,0.035,0.313,0.207,2.472,3.638,0.409,0.057,0.218,0.085,0.206,0.053,0.18,0.048,0.21,0.407,3.452,0.077,0.054,0.262,0.169,0.191,0.034,0.224,0.242,0.72,0.704,0.053,0.45,0.086,0.088,0.043,0.055,0.06,0.21,0.048,0.043,0.203,0.054,0.05,0.133,2.952,0.445,0.045,0.154,0.054,0.309,0.152,0.212,2.649,0.048,0.379
954,0.392,0.473,0.054,0.088,0.035,0.081,0.207,2.662,3.638,0.409,0.196,0.218,0.085,0.219,0.053,0.18,0.048,0.21,0.407,3.512,0.077,0.054,0.262,0.169,0.191,0.034,0.224,0.028,0.72,0.704,0.053,0.45,0.086,0.088,0.043,0.055,0.06,0.21,0.048,0.043,0.203,0.054,0.05,0.133,2.952,0.465,0.045,0.154,0.054,0.309,0.152,0.212,2.649,0.048,0.379
955,0.392,0.493,0.054,0.088,0.035,0.081,0.207,2.662,3.638,0.409,0.196,0.362,0.085,0.219,0.053,0.18,0.048,0.049,0.407,3.452,0.077,0.054,2.486,0.169,0.191,0.034,0.224,0.028,0.72,0.579,0.053,0.45,0.176,0.075,0.043,0.055,0.06,0.21,0.048,0.043,0.203,0.054,0.05,0.133,3.116,0.505,0.045,0.154,0.153,0.309,0.053,0.212,2.649,0.048,0.279
956,0.392,0.493,0.054,0.248,0.035,0.116,0.207,2.662,3.638,0.409,0.196,0.362,0.085,0.219,0.053,0.18,0.048,0.049,0.367,3.452,0.077,0.054,2.486,0.169,0.191,0.034,0.224,0.028,0.72,0.579,0.053,0.35,0.121,0.075,0.043,0.055,0.06,0.21,0.048,0.043,0.243,0.054,0.05,0.133,3.116,0.505,0.045,0.154,0.153,0.309,0.053,0.212,2.649,0.048,0.279
957,0.392,0.747,0.054,0.248,0.035,0.116,0.207,2.662,3.741,0.469,0.188,0.362,0.085,0.219,0.053,0.18,0.048,0.049,0.367,3.512,0.077,0.054,2.667,0.169,0.191,0.034,0.224,0.028,0.619,0.639,0.053,0.35,0.121,0.175,0.043,0.055,0.06,0.21,0.048,0.043,0.243,0.054,0.05,0.133,3.236,0.505,0.045,0.154,0.153,0.309,0.053,0.212,2.522,0.048,0.279
958,0.442,0.847,0.054,0.248,0.035,0.116,0.247,2.662,3.741,0.409,0.188,0.362,0.085,0.219,0.053,0.18,0.048,0.049,0.589,0.405,0.077,0.054,0.443,0.169,0.191,0.034,0.224,0.028,0.559,0.739,0.053,0.41,0.121,0.175,0.043,0.055,0.16,0.21,0.048,0.043,1.557,0.054,0.05,0.133,3.236,0.445,0.045,0.154,0.153,0.309,0.053,0.052,2.562,0.048,0.299
959,0.492,0.847,0.054,0.248,0.035,0.116,0.3,2.642,3.741,0.409,0.26,0.362,0.085,0.219,0.053,0.2,0.048,0.27,0.689,0.405,0.077,0.054,0.443,0.169,0.191,0.034,0.224,0.028,0.559,0.473,0.053,0.41,0.121,0.175,0.043,0.055,0.16,0.25,0.048,0.043,1.557,0.054,0.05,0.133,3.249,0.445,0.045,0.154,0.153,0.296,0.053,0.052,2.562,0.048,0.299
960,0.376,0.847,0.054,0.148,0.035,0.116,0.3,2.642,3.741,0.057,0.26,0.362,0.085,0.049,0.053,0.2,0.048,0.27,0.689,0.405,0.077,0.054,0.503,0.169,0.05,0.034,0.224,0.028,0.634,0.473,0.053,0.41,0.121,0.175,0.043,0.055,0.16,0.34,0.048,0.043,1.439,0.054,0.05,0.133,3.249,0.445,0.152,0.154,0.153,0.296,0.215,0.052,2.562,0.048,0.299
961,0.376,0.847,0.054,0.148,0.035,0.116,0.3,2.642,0.582,0.169,0.26,0.362,0.085,0.049,0.053,0.2,0.048,0.27,0.689,0.405,0.077,0.054,0.503,0.054,0.05,0.034,0.224,0.028,0.634,0.473,0.053,0.41,0.121,0.27,0.043,0.055,0.16,0.34,0.048,0.043,1.439,0.054,0.05,0.133,3.249,0.465,0.152,0.154,0.153,0.296,0.227,0.052,2.562,0.048,0.299
962,0.376,0.847,0.054,0.148,0.035,0.116,0.3,2.654,0.582,0.169,0.26,0.362,0.085,0.049,0.053,0.2,0.048,0.27,0.689,0.405,2.021,0.054,0.463,0.159,0.05,0.034,0.284,0.028,0.659,0.433,0.053,0.41,0.176,0.255,0.043,0.055,0.16,0.352,0.048,0.043,1.439,0.054,0.05,0.133,0.498,0.465,0.152,0.154,0.153,0.296,0.227,0.052,2.602,0.048,0.319
963,0.532,0.847,0.054,0.148,0.035,0.116,0.28,2.642,0.435,0.169,0.26,0.362,0.145,0.21,0.053,0.3,0.048,0.27,0.729,0.345,2.021,0.054,0.809,0.159,0.05,0.034,0.284,0.028,0.659,0.433,0.053,0.4,0.176,0.255,0.043,0.055,0.16,0.392,0.048,0.043,1.419,0.054,0.05,0.133,0.498,0.505,0.152,0.046,0.153,0.296,0.227,0.052,2.602,0.048,0.319
964,0.532,1.147,0.054,0.168,0.035,0.171,0.34,2.642,0.435,0.169,0.26,0.362,0.085,0.21,0.053,0.3,0.048,0.27,0.729,0.385,2.021,0.054,0.809,0.159,0.05,0.034,0.284,0.028,0.659,0.408,0.053,0.4,0.176,0.195,0.043,0.055,0.06,0.492,0.048,0.043,1.608,0.054,0.05,0.133,0.498,0.485,0.152,0.046,0.153,0.296,0.227,0.052,2.602,0.048,0.339
965,0.532,1.147,0.054,0.168,0.035,0.171,0.34,2.682,0.435,0.169,0.26,0.362,0.085,0.21,0.053,0.3,0.048,0.27,0.729,0.35,0.077,0.054,0.809,0.159,0.05,0.034,0.284,0.028,0.659,0.408,0.053,0.4,0.176,0.195,0.043,0.055,0.06,0.452,0.048,0.043,1.608,0.054,0.05,0.133,0.498,0.445,0.34,0.046,0.153,0.296,0.227,0.052,2.602,0.048,0.458
966,0.632,0.847,0.054,0.168,0.035,0.171,0.34,0.431,0.435,0.169,0.26,0.362,0.085,0.21,0.053,0.3,0.048,0.27,0.729,0.35,0.137,0.054,0.809,0.159,0.05,0.034,0.284,0.028,0.659,0.408,0.053,0.4,0.176,0.195,0.161,0.055,0.06,0.4,0.048,0.043,1.608,0.054,0.05,0.133,0.498,0.445,0.34,0.046,0.153,0.296,0.227,0.052,2.602,0.048,0.398
967,0.532,0.847,0.054,0.168,0.035,0.171,0.644,0.288,0.435,0.169,2.243,0.362,0.145,0.21,0.053,0.3,0.048,0.27,0.729,0.35,0.137,0.16,0.408,0.159,0.05,0.034,0.284,0.028,0.719,0.408,0.053,0.4,0.176,0.195,0.161,0.055,0.06,0.4,0.048,0.043,1.608,0.054,0.05,0.133,1.696,0.445,0.34,0.046,0.153,0.192,0.227,0.052,2.602,0.048,0.398
968,0.532,0.819,0.054,0.168,0.035,0.171,0.644,0.348,0.289,0.169,2.243,0.362,0.262,0.21,0.053,0.3,0.048,0.27,0.729,0.47,0.137,0.16,0.408,0.159,0.05,0.034,0.284,0.028,0.719,0.408,0.053,0.4,0.176,0.195,0.161,0.055,0.06,0.4,0.048,0.043,1.608,0.054,0.05,0.029,1.696,0.445,0.34,0.046,0.153,0.192,0.227,0.052,2.602,0.048,0.398
969,0.532,0.819,0.054,0.351,0.035,0.233,0.644,0.458,0.289,0.169,2.243,0.362,0.262,0.21,0.053,0.3,0.048,0.27,0.729,0.47,0.137,0.16,0.408,0.159,0.05,0.034,0.284,0.028,0.553,0.408,0.053,0.4,0.176,0.195,0.161,0.055,0.06,0.4,0.048,0.043,1.648,0.054,0.05,0.029,1.696,0.445,0.34,0.046,0.153,0.192,0.227,0.052,2.602,0.048,0.398
970,0.532,0.819,0.054,0.351,0.035,0.233,0.631,0.458,0.349,0.169,2.243,0.525,0.262,0.21,0.053,0.3,0.058,0.27,0.729,0.505,0.287,0.16,0.408,0.159,0.05,0.034,0.284,0.028,0.553,0.408,0.053,0.4,0.176,0.195,0.161,0.055,0.12,0.4,0.048,0.043,1.648,0.054,0.05,0.029,0.538,0.445,0.34,0.046,0.153,0.192,0.227,0.052,2.602,0.048,0.398
971,0.532,0.819,0.054,0.53,0.035,0.233,0.327,0.458,2.333,0.169,2.303,0.525,0.262,0.21,0.053,0.3,0.058,0.27,0.729,0.558,0.387,0.16,0.468,0.159,0.05,0.034,0.284,0.028,0.553,0.547,0.053,0.9,1.883,0.215,0.161,0.055,0.12,0.4,0.048,0.043,1.648,0.054,0.05,0.029,0.538,0.505,0.34,0.046,0.153,0.192,0.227,0.052,2.602,0.048,0.378
972,0.532,0.819,0.054,0.53,0.035,0.183,0.327,0.358,2.48,0.169,2.303,0.525,0.36,0.21,0.053,0.3,0.058,0.27,0.729,0.558,0.399,0.357,0.468,0.172,0.05,0.034,0.284,0.028,0.553,0.547,0.053,0.9,1.943,0.255,0.161,0.055,0.12,0.4,0.048,0.043,1.648,0.054,0.05,0.029,0.538,0.505,0.34,0.046,0.153,0.192,0.227,0.052,2.602,0.048,0.418
973,0.532,0.819,0.054,0.49,0.035,0.183,0.327,0.358,2.42,0.169,2.303,0.525,0.42,0.21,0.053,0.3,0.058,0.27,0.729,0.558,0.459,0.357,0.468,0.172,0.05,0.034,0.284,0.028,0.553,0.527,0.053,0.9,1.883,0.215,0.161,0.055,0.129,0.4,0.048,0.043,1.648,0.054,0.05,0.029,0.538,0.505,0.34,0.046,0.054,0.192,0.215,0.052,4.705,0.048,0.418
974,0.632,0.819,0.054,0.55,0.035,0.183,0.327,0.358,0.436,0.169,2.164,0.359,0.42,0.21,0.053,0.3,0.058,0.27,0.729,0.558,0.399,0.357,0.468,0.172,0.05,0.034,0.284,0.028,0.553,0.408,0.053,0.94,0.236,0.195,0.161,0.055,0.169,0.44,0.048,0.043,1.648,0.054,0.05,0.029,0.538,0.345,0.34,0.046,0.054,0.192,0.215,0.052,4.705,0.048,0.418
975,0.632,0.819,0.054,0.55,0.035,0.183,0.327,0.458,0.61,0.169,2.164,0.215,0.42,0.21,0.053,0.3,0.058,0.27,0.729,0.558,0.474,0.357,0.468,0.172,0.05,0.034,0.284,0.028,0.553,0.408,0.053,0.94,0.236,0.378,0.161,0.055,0.304,0.5,0.048,0.043,1.648,0.054,0.05,0.029,0.538,0.345,0.34,0.046,0.054,0.192,0.215,0.052,4.705,0.048,0.418
976,0.532,0.968,0.054,0.55,0.035,0.183,0.327,0.458,0.61,0.169,2.164,0.215,0.42,0.21,0.053,0.3,0.058,0.27,0.729,0.658,0.495,0.357,0.408,0.172,0.153,0.034,0.284,0.028,0.653,0.468,0.053,0.94,0.236,0.378,0.161,0.055,0.304,0.512,0.048,0.043,1.718,0.054,0.05,0.029,0.538,0.345,0.34,0.046,0.054,0.292,0.215,0.052,4.805,0.048,0.418
977,0.532,0.814,0.054,0.55,0.035,0.183,0.327,0.458,0.61,0.169,2.164,0.215,0.42,0.21,0.053,0.3,0.058,0.27,0.761,0.658,0.435,0.357,0.249,0.172,0.153,0.034,0.224,0.028,0.653,0.528,0.053,0.9,0.236,0.358,0.161,0.055,0.255,0.552,0.048,0.043,1.777,0.054,0.05,0.029,0.374,0.345,0.34,0.046,0.054,0.192,0.215,0.052,5.174,0.048,0.398
978,0.532,3.159,0.054,0.55,0.035,0.183,0.327,0.458,0.61,0.169,2.164,0.215,0.42,0.21,0.053,0.3,0.058,0.27,0.761,0.658,0.435,0.357,0.309,0.172,0.153,0.034,0.224,0.028,0.52,0.588,0.053,0.912,0.236,0.358,0.161,0.055,0.255,0.552,0.048,0.043,1.737,0.054,0.05,0.029,0.374,0.345,0.233,0.046,0.054,0.192,0.215,0.052,5.174,0.048,2.758
979,0.532,3.159,0.054,0.55,0.035,0.223,0.327,0.458,0.61,0.057,2.164,0.215,0.42,0.21,0.053,0.36,0.058,0.27,0.761,0.658,0.435,0.357,0.128,0.172,0.153,0.034,0.224,0.028,0.511,0.588,0.053,2.859,0.236,0.358,0.161,0.055,0.295,0.552,0.048,0.043,1.837,0.054,0.05,0.029,0.374,0.385,0.233,0.046,0.054,0.192,0.215,0.052,2.801,0.048,2.758
980,0.572,2.959,0.054,0.55,0.035,0.183,0.327,0.47,0.595,0.057,2.164,0.215,0.42,0.21,0.223,0.36,0.058,0.27,0.579,0.658,0.435,0.357,0.228,0.172,0.292,0.034,0.224,0.028,0.511,0.588,0.053,2.859,0.268,0.358,0.161,0.055,0.295,0.552,0.048,0.043,1.787,0.054,0.05,0.029,0.314,0.385,0.233,0.046,0.054,0.316,0.215,0.052,2.736,0.048,2.758
981,0.572,0.674,0.054,0.55,0.035,0.233,0.327,0.47,0.595,0.057,2.224,0.215,0.42,0.21,0.223,0.36,0.058,0.049,0.579,0.658,0.435,0.357,0.228,0.172,0.366,0.034,0.224,0.028,0.511,0.588,0.053,2.847,0.378,0.418,0.161,0.055,0.295,0.552,0.048,0.043,1.787,0.054,0.05,0.029,0.314,0.885,0.233,0.046,0.054,0.316,0.215,0.052,2.367,0.048,0.398
982,0.572,0.674,0.054,0.53,0.035,0.233,0.327,0.47,0.495,0.057,2.224,0.215,0.42,0.21,0.223,0.36,0.098,0.049,0.579,0.658,0.435,0.357,0.228,0.172,0.306,0.034,0.224,0.028,0.411,0.493,0.053,1.021,0.378,0.553,0.161,0.055,0.295,0.552,0.048,0.043,1.827,0.054,0.05,0.029,0.374,0.885,0.233,0.046,0.054,0.316,0.215,0.052,2.332,0.048,0.747
983,0.572,0.714,0.054,0.347,0.035,0.233,0.327,0.36,0.717,0.057,2.292,0.215,0.391,0.049,0.223,0.46,0.098,0.049,0.579,0.658,0.435,0.357,0.336,0.172,0.306,0.034,0.224,0.028,2.584,0.493,0.053,1.021,0.378,0.653,0.161,0.055,0.295,0.552,0.048,0.043,2.178,0.054,0.05,0.029,0.394,0.445,0.233,0.046,0.054,0.365,0.215,0.052,2.38,0.048,0.628
984,0.572,0.714,0.054,0.347,0.235,0.233,0.327,0.42,0.717,0.057,2.292,0.052,0.391,0.049,0.223,0.46,0.158,0.049,0.579,0.658,0.435,0.357,2.56,0.172,0.306,0.034,0.224,0.028,2.584,0.493,0.053,1.198,0.358,0.653,0.043,0.055,0.235,0.652,0.048,0.043,2.165,0.054,0.05,0.029,0.394,0.405,0.233,0.046,0.054,0.365,0.215,0.052,2.38,0.048,0.688
985,0.416,0.714,0.054,0.407,0.235,0.376,0.327,0.42,0.717,0.057,2.292,0.052,0.391,0.049,0.223,0.46,0.158,0.049,0.479,0.658,0.435,0.251,2.56,0.172,0.306,0.034,0.224,0.028,2.584,0.493,0.053,1.198,0.418,0.64,0.043,0.055,0.235,0.652,0.048,0.043,2.165,0.054,0.05,0.029,0.394,0.405,0.233,0.046,0.054,0.365,0.215,0.052,2.48,0.048,0.688
986,0.456,0.714,0.054,0.407,0.235,0.321,0.327,0.36,0.717,0.057,2.292,0.052,0.391,0.049,0.223,0.46,0.258,0.049,0.479,0.538,0.435,0.251,2.708,0.172,0.366,0.034,0.224,0.028,2.644,0.493,0.053,1.198,0.418,0.64,0.043,0.055,0.235,0.652,0.048,0.043,1.976,0.054,0.05,0.029,0.394,0.405,0.233,0.046,0.054,0.365,0.215,0.052,2.48,0.048,0.544
987,0.456,0.799,0.054,0.407,0.235,0.286,0.327,0.36,0.717,0.057,2.305,0.052,0.4,0.049,0.223,0.493,0.258,0.049,0.479,0.538,0.435,0.251,2.708,0.172,0.366,0.034,0.224,0.028,2.644,0.433,0.053,1.319,0.389,0.64,0.043,0.055,0.235,0.652,0.048,0.043,1.625,0.054,0.05,0.029,0.374,0.405,0.045,0.046,0.054,0.365,0.215,0.052,2.44,0.219,0.544
988,0.484,0.799,0.054,0.407,0.235,0.306,0.327,0.36,0.717,0.057,0.322,0.052,0.4,0.049,0.223,0.493,0.258,0.049,0.469,0.538,0.435,0.251,2.708,0.172,0.378,0.034,0.224,0.028,2.744,0.433,0.053,1.319,0.582,0.64,0.043,0.055,0.235,0.552,0.048,0.043,0.271,0.054,0.05,0.029,0.374,0.465,0.045,0.046,0.256,0.4,0.215,0.052,2.44,0.219,0.584
989,0.544,3.099,0.054,0.407,0.235,0.306,0.327,0.36,3.876,0.057,0.407,0.052,0.4,0.049,0.223,0.493,0.318,0.049,0.454,0.535,0.435,0.251,2.719,0.172,0.378,0.034,0.224,0.028,2.644,0.433,0.053,1.319,0.642,0.64,0.043,0.055,0.235,0.552,0.048,0.043,0.331,0.054,0.05,0.029,0.374,0.465,0.045,0.046,0.256,0.4,0.215,0.052,2.44,0.219,0.541
990,0.544,3.033,0.054,0.525,0.235,0.306,2.606,0.44,3.993,0.057,0.407,0.052,0.4,0.049,0.223,0.393,0.318,0.049,0.454,0.535,0.435,0.251,2.719,0.172,0.378,0.034,0.224,0.028,2.644,0.433,0.053,1.319,0.642,0.824,0.043,0.107,0.275,0.543,0.048,0.043,0.331,0.206,0.05,0.029,0.414,0.465,0.045,0.046,0.256,0.4,0.215,0.052,2.44,0.219,0.541
991,0.504,3.033,0.054,0.525,0.235,0.306,2.606,0.44,3.993,0.057,0.347,0.052,0.4,0.049,0.223,0.393,0.393,0.049,0.454,0.535,2.379,0.251,9.515,0.232,0.378,0.034,0.224,0.028,2.644,0.433,0.053,1.645,0.642,0.884,0.043,0.226,0.275,0.543,0.048,0.043,0.331,0.206,0.24,0.029,0.414,0.465,0.045,0.046,0.256,0.4,0.215,0.052,2.44,0.219,0.541
992,0.569,0.748,0.054,0.465,0.235,0.306,2.606,0.5,3.89,0.057,0.347,0.052,0.5,0.049,0.223,0.393,0.393,0.049,0.414,0.535,2.379,0.251,9.515,0.232,0.478,0.034,0.264,0.028,2.719,0.433,0.053,1.645,0.642,0.884,0.043,0.266,0.275,0.643,0.048,0.043,0.366,0.206,0.24,0.029,0.474,0.465,0.045,0.046,0.256,0.4,0.215,0.052,2.495,0.219,0.601
993,0.569,0.748,0.054,0.286,0.235,0.386,2.606,0.5,5.002,0.057,0.347,0.052,0.5,0.049,0.223,0.443,0.393,0.049,0.414,0.535,2.379,0.251,9.515,0.232,0.513,0.208,0.104,0.028,2.719,0.433,0.053,1.524,0.642,0.824,0.043,0.266,0.32,0.643,0.048,0.043,0.366,0.206,0.24,0.029,0.474,0.465,0.045,0.046,0.256,0.4,0.215,0.229,2.495,0.219,0.601
994,0.569,0.748,0.054,0.286,0.235,0.326,2.606,2.323,5.002,0.057,0.347,0.142,0.5,0.049,0.223,0.433,0.393,0.049,0.514,0.535,0.435,0.054,2.819,0.232,0.41,0.208,0.104,0.028,2.619,0.433,0.053,1.524,0.642,0.884,0.043,0.266,0.305,0.583,0.048,0.043,0.366,0.206,0.24,0.029,0.474,0.465,0.045,0.046,0.256,0.4,0.215,0.229,2.435,0.219,0.601
995,0.509,0.845,0.054,0.286,0.235,0.306,2.606,2.323,4.828,0.057,0.347,0.142,0.5,0.049,0.223,0.433,0.594,0.049,0.514,0.535,0.435,0.054,2.819,0.232,0.41,0.208,0.104,0.028,2.619,0.433,0.053,1.378,0.682,0.884,0.043,0.266,2.371,0.583,0.048,0.043,0.366,0.324,0.24,0.029,0.474,0.405,0.045,0.046,0.256,0.4,3.127,0.229,2.435,0.219,0.601
996,0.387,0.676,0.054,0.286,0.235,0.306,2.606,2.323,4.828,0.057,0.347,0.142,0.56,0.171,0.223,0.433,0.534,0.049,0.514,0.535,0.435,0.054,3.2,0.232,0.41,0.208,0.204,0.028,2.619,0.433,0.053,0.878,0.682,0.884,0.216,0.266,2.391,0.643,0.048,0.043,0.366,0.364,0.24,0.029,0.402,0.405,0.045,0.046,0.256,0.4,3.127,0.229,2.435,0.219,0.601
997,0.387,0.556,0.054,0.286,0.235,0.306,2.606,0.5,4.888,0.057,0.347,0.142,0.56,0.171,0.223,0.473,0.534,0.049,0.514,0.54,0.435,0.054,3.2,0.232,0.445,0.208,0.204,0.028,4.272,0.313,0.053,0.878,9.794,0.701,0.216,0.266,2.411,0.603,0.048,0.043,0.757,0.364,0.24,0.029,0.402,0.465,0.045,0.046,0.256,0.4,3.127,0.229,2.435,0.219,0.601
998,0.447,0.694,0.054,0.286,0.035,0.306,2.606,0.5,4.888,0.057,0.347,0.142,0.56,0.171,0.223,0.433,0.534,0.049,0.514,0.485,0.435,0.054,3.247,0.232,0.445,0.208,0.204,0.028,4.272,0.313,0.053,0.878,9.794,0.701,0.216,0.266,0.345,0.769,0.048,0.043,0.608,0.364,0.24,0.029,0.528,0.465,0.045,0.046,0.256,0.413,3.147,0.229,2.415,0.219,0.601
999,0.387,0.694,0.054,0.286,0.035,0.277,2.606,0.55,4.888,0.057,0.347,0.142,0.56,0.171,0.223,0.55,0.534,0.21,0.514,0.485,0.435,0.054,5.471,0.232,0.445,0.208,0.204,0.028,4.372,0.313,0.053,0.878,9.584,0.701,0.216,0.266,0.325,0.769,0.048,0.043,0.648,0.424,0.24,0.029,0.528,0.465,0.045,0.046,0.256,0.448,3.247,0.229,2.415,0.219,0.601
1000,0.387,0.694,0.054,0.286,0.035,0.277,2.606,0.55,4.988,0.057,0.347,0.142,0.56,0.171,0.223,0.681,0.534,0.21,0.514,0.485,0.435,0.054,5.09,0.232,0.445,0.208,0.204,0.028,2.719,0.313,0.053,0.757,0.572,0.701,0.216,0.401,0.41,0.749,0.048,0.043,0.613,0.424,0.24,0.029,1.686,0.465,0.045,0.046,0.256,0.259,3.247,0.229,0.312,0.219,0.601
1001,0.309,0.694,0.054,0.286,0.035,0.277,2.606,0.55,4.988,0.057,0.367,0.142,0.56,0.171,0.223,0.681,0.534,0.21,0.514,0.485,0.435,0.054,5.09,0.232,0.505,0.208,0.264,0.028,2.719,0.313,0.053,0.757,0.572,0.714,0.216,0.355,0.41,0.749,0.048,0.043,0.262,0.424,0.24,0.029,1.786,0.589,0.045,0.046,0.256,0.259,3.247,0.229,0.312,0.219,0.601
1002,0.309,0.694,0.054,0.286,0.035,0.277,2.606,0.61,4.928,0.057,0.307,0.142,0.56,0.171,0.053,0.741,0.534,0.21,0.514,0.485,0.403,0.054,2.866,0.444,0.445,0.208,0.382,0.028,2.719,0.273,0.053,0.777,0.359,0.714,0.216,0.355,0.35,2.998,0.048,0.043,0.322,0.424,0.24,0.029,1.646,0.589,0.045,0.046,0.256,0.259,3.247,0.229,0.312,0.219,2.901
1003,0.259,0.694,0.054,0.286,0.035,0.337,2.606,0.61,4.928,0.057,0.307,0.142,0.56,0.171,0.053,0.741,0.434,0.21,0.514,0.425,0.403,0.054,2.866,0.444,0.445,0.208,0.382,0.028,2.719,0.273,0.053,0.837,0.359,0.714,0.216,0.355,0.35,3.058,0.048,0.043,0.362,0.424,0.24,0.029,0.488,0.589,0.045,0.046,0.256,0.259,3.247,0.229,0.372,0.219,2.886
1004,0.259,0.867,0.054,0.286,0.035,0.569,2.606,0.61,4.928,0.057,0.307,0.142,0.56,0.171,0.053,0.741,0.434,0.21,0.514,0.425,0.403,0.054,0.564,0.444,0.745,0.208,0.382,0.028,2.719,0.273,0.053,0.777,0.359,0.714,0.216,0.355,0.25,3.058,0.048,0.043,0.362,0.431,0.24,0.029,0.488,0.589,0.045,0.046,0.256,0.259,3.247,0.229,0.372,0.219,2.886
1005,0.259,0.867,0.054,0.326,0.035,0.569,2.606,0.67,4.706,0.057,2.067,0.142,0.56,0.171,0.053,0.776,0.434,0.21,0.514,0.425,0.403,0.054,0.504,0.444,0.745,0.208,0.382,0.028,2.719,0.273,0.053,0.777,0.359,0.714,0.216,0.405,0.25,3.018,0.048,0.043,0.362,0.446,0.24,0.029,0.488,0.549,0.045,0.046,0.256,0.259,3.247,0.229,0.372,0.219,0.546
1006,0.259,0.867,0.054,0.326,0.035,0.549,0.387,0.67,4.706,0.057,2.067,0.142,0.56,0.171,0.053,0.776,0.434,0.21,0.514,0.425,0.403,0.054,0.504,0.444,0.745,0.208,0.382,0.028,2.754,0.273,0.053,0.6,0.359,0.627,0.216,0.405,0.21,3.058,0.048,0.043,0.394,0.446,0.24,0.029,0.488,0.549,0.045,0.046,0.256,0.259,3.247,0.229,0.372,0.219,0.546
1007,0.259,0.867,0.054,0.326,0.035,0.549,0.387,0.61,4.766,0.057,2.067,0.142,0.56,0.171,0.053,0.788,0.434,0.21,0.514,0.39,0.415,0.054,0.504,0.444,0.805,0.208,0.322,0.028,2.784,0.3,0.053,0.6,0.399,0.627,0.216,0.465,0.21,3.025,0.048,0.043,0.394,0.446,0.24,0.029,0.488,0.549,0.045,0.046,0.256,0.259,3.247,0.229,0.372,0.219,0.546
1008,0.319,0.867,0.054,0.228,0.035,0.549,0.387,0.67,4.766,0.057,0.307,0.142,0.56,0.171,0.053,0.776,0.434,0.21,0.482,0.45,0.355,0.054,0.504,0.444,0.805,0.208,0.322,0.028,2.784,0.3,0.053,0.6,0.439,0.496,0.216,0.465,0.21,3.025,0.048,0.043,0.434,0.406,0.24,0.029,0.488,0.529,0.045,0.046,0.256,0.259,3.247,0.229,0.372,0.219,0.341
1009,0.299,0.867,0.054,0.288,0.035,0.549,0.387,0.57,1.607,0.057,0.307,0.142,0.56,0.171,0.053,0.776,0.434,0.21,0.482,0.45,0.355,0.054,0.404,0.444,1.01,0.208,0.204,0.028,2.859,0.24,0.053,0.58,0.439,0.496,0.216,0.465,0.21,3.025,0.048,0.257,0.434,0.406,0.24,0.029,0.488,0.549,0.045,0.046,0.256,0.259,3.247,0.229,0.492,0.048,0.341
1010,0.299,0.867,0.054,0.288,0.035,0.549,0.387,0.57,1.757,0.057,0.307,0.142,0.66,0.171,0.053,0.876,0.434,0.21,0.482,0.45,0.355,0.054,0.404,0.444,1.07,0.208,0.204,0.028,0.621,0.24,0.053,0.52,0.359,0.496,0.216,0.465,0.27,3.025,0.048,0.257,0.434,0.406,0.24,0.029,0.488,0.549,0.045,0.046,0.054,2.624,3.147,0.378,0.492,0.048,0.341
1011,0.299,0.867,0.054,0.288,0.035,0.489,0.487,0.57,4.916,0.057,0.307,0.142,0.56,0.171,0.053,0.876,0.434,0.21,0.584,0.45,0.395,0.054,0.404,0.444,1.054,0.208,0.204,0.028,0.621,0.365,0.053,0.58,0.359,0.523,0.216,0.465,0.27,3.025,0.048,0.257,0.434,0.406,0.24,0.029,0.548,0.549,0.045,0.046,0.054,2.624,3.147,0.418,0.472,0.048,0.341
1012,0.299,0.767,0.054,0.288,0.035,0.489,0.387,0.51,4.916,0.057,0.307,0.052,0.572,0.171,0.053,0.876,0.494,0.21,0.584,0.45,0.395,1.833,0.404,0.444,1.019,0.208,0.308,0.028,0.621,0.365,0.053,0.58,0.359,0.523,0.216,0.465,0.27,3.125,0.048,0.257,0.434,0.552,0.24,0.029,0.548,0.549,0.045,0.046,0.054,2.699,3.147,0.418,0.472,0.048,0.348
1013,0.339,0.67,0.054,0.228,0.035,0.489,0.387,0.51,4.916,0.057,0.327,0.052,0.572,0.171,0.053,0.876,0.394,0.21,0.584,0.667,0.395,1.833,0.404,0.504,1.01,0.208,0.393,0.242,0.621,0.365,0.053,0.58,0.359,0.493,0.216,0.465,0.27,3.125,0.048,0.257,0.443,0.552,0.05,0.228,0.598,0.549,0.045,0.046,0.054,2.699,3.147,0.378,0.452,0.048,0.348
1014,0.339,0.67,0.054,0.25,0.035,0.489,0.387,0.51,4.916,0.057,0.327,0.052,0.672,0.049,0.053,0.876,0.394,0.21,0.584,0.667,0.343,1.833,0.477,0.504,1.01,0.208,0.38,0.242,0.561,0.365,0.053,0.58,0.359,0.493,0.216,0.565,0.31,3.125,0.048,0.257,0.453,0.587,0.05,0.228,0.598,0.549,0.045,0.046,0.054,2.699,3.147,0.378,0.452,0.048,0.348
1015,0.339,0.67,0.054,0.25,0.035,0.489,0.387,0.51,6.84,0.057,0.327,0.052,0.572,0.049,0.053,0.936,0.394,0.21,0.584,0.667,0.343,0.054,0.477,0.504,0.65,0.034,0.38,0.242,0.561,0.365,0.053,0.49,0.388,0.493,0.216,0.565,0.21,3.065,0.048,0.257,0.413,0.587,0.05,0.228,0.598,0.584,0.045,0.046,0.054,2.699,0.235,0.241,0.392,0.048,0.348
1016,0.299,0.67,0.054,0.25,0.035,0.489,0.387,0.51,6.84,0.057,0.327,0.052,0.572,0.049,0.053,0.963,0.394,0.21,0.584,0.667,0.343,0.114,0.477,0.292,0.65,0.034,0.38,0.242,0.561,0.365,0.053,0.49,0.388,0.533,0.216,0.465,0.175,3.065,0.048,0.257,0.363,0.587,0.05,0.228,0.723,0.624,0.045,0.046,0.054,2.699,0.235,0.25,0.412,0.048,0.348
1017,0.379,0.61,0.054,0.21,0.035,0.489,0.387,0.51,6.84,0.057,0.327,0.052,0.632,0.049,0.053,0.846,0.193,0.21,0.544,0.667,0.343,0.114,0.477,0.292,0.65,0.034,0.596,0.242,0.561,0.24,0.053,0.49,0.388,0.593,0.216,0.465,0.175,3.065,0.048,0.257,0.363,0.587,0.05,0.228,0.723,0.724,0.045,0.046,0.054,2.699,0.32,0.25,0.412,0.048,0.348
1018,0.379,0.61,0.054,0.21,0.035,0.489,0.387,0.51,4.856,0.057,0.327,0.052,0.632,0.049,0.053,0.846,0.193,0.21,0.514,0.607,0.343,0.114,0.477,0.292,0.768,0.034,0.596,0.242,0.561,0.24,0.053,0.49,0.388,0.593,0.043,0.376,0.175,0.753,0.048,0.257,0.363,0.647,0.05,0.228,0.723,0.684,0.045,0.046,0.054,2.699,0.352,0.25,0.412,0.048,0.348
1019,0.319,0.638,0.054,0.21,0.035,0.489,0.387,0.51,4.856,0.169,0.327,0.052,0.632,0.049,0.053,0.846,0.282,0.049,0.514,0.607,0.283,0.114,0.497,0.292,0.768,0.034,0.596,0.242,0.621,0.485,0.053,0.49,0.388,0.593,0.043,0.376,0.175,0.753,0.048,0.257,0.363,0.647,0.05,0.228,0.71,0.46,0.045,0.046,0.054,2.699,3.264,0.25,0.412,0.048,0.348
1020,0.435,0.73,0.054,0.21,0.035,0.489,0.387,0.51,4.856,0.169,0.327,0.052,0.632,0.21,0.053,0.588,0.282,0.049,0.514,0.607,0.283,0.114,0.497,0.292,0.768,0.034,0.596,0.242,0.561,0.425,0.053,0.462,0.388,0.628,0.043,0.436,0.175,0.753,0.355,0.257,0.705,0.647,0.05,0.228,0.71,0.46,0.045,0.154,0.054,2.699,3.264,0.25,0.452,0.048,0.348
1021,0.435,0.73,0.054,0.21,0.035,0.489,0.427,0.51,4.856,0.169,0.327,0.052,0.632,0.219,0.053,0.588,0.282,0.049,0.514,0.607,0.283,0.114,0.497,0.292,0.768,0.034,0.596,0.242,0.561,0.425,0.053,0.462,0.428,0.628,0.043,0.436,0.175,0.753,0.355,0.257,0.705,0.607,0.05,0.228,0.71,0.46,0.045,0.154,0.054,2.699,3.244,0.25,0.452,0.048,0.348
1022,0.435,0.79,0.054,0.333,0.035,0.489,0.427,0.47,4.856,0.169,0.327,0.052,1.597,0.219,0.053,0.588,0.282,0.049,0.514,0.607,0.283,0.114,0.477,0.292,0.768,0.034,0.596,0.242,0.782,0.445,0.053,0.788,0.428,0.541,0.043,0.436,0.175,0.753,0.355,0.257,0.705,0.76,0.05,0.228,0.71,0.96,0.045,0.154,0.054,2.699,3.244,0.331,0.452,0.048,0.348
1023,0.557,0.85,0.054,0.333,0.035,0.579,0.427,0.345,3.594,0.169,2.087,0.052,1.597,0.219,0.053,0.588,0.282,0.049,0.514,0.667,0.283,0.114,0.417,0.232,0.768,0.034,0.596,0.242,0.782,0.445,0.053,0.698,0.428,0.506,0.043,0.376,0.175,0.813,0.355,0.257,0.705,0.66,0.05,0.228,0.585,1.18,0.045,0.154,0.054,2.699,3.244,0.331,0.452,0.048,0.3
1024,0.557,0.85,0.054,0.333,0.035,0.579,0.577,0.531,3.594,0.169,2.087,0.052,1.597,0.279,0.053,0.588,0.282,0.049,0.514,0.607,0.283,0.114,0.417,0.272,3.13,0.034,0.596,0.242,0.782,0.445,0.053,0.698,0.468,0.506,0.043,0.376,0.175,0.873,0.465,0.257,0.354,0.507,0.05,0.228,2.55,1.18,0.045,0.154,0.054,2.699,3.304,0.331,0.412,0.048,0.419
1025,2.771,1.05,0.054,0.333,0.035,0.579,0.577,0.531,3.482,0.169,2.087,0.052,0.632,0.219,0.053,0.648,0.253,0.049,0.514,0.607,0.283,0.149,0.417,0.272,3.13,0.034,2.411,0.242,0.782,0.445,0.053,0.698,0.468,0.566,0.043,0.376,0.175,0.873,0.465,0.257,0.354,0.472,0.05,0.228,2.55,1.28,0.045,0.154,0.054,2.699,3.304,0.331,0.412,0.048,0.419
1026,2.771,1.05,0.054,0.333,0.035,0.347,0.577,0.531,3.585,0.169,0.327,0.218,0.632,0.219,0.053,0.648,0.253,0.049,0.696,0.727,0.283,0.649,0.417,0.272,3.13,0.034,2.411,0.242,0.782,0.83,0.053,0.372,0.393,0.566,0.043,0.376,0.215,0.873,0.465,0.257,0.354,0.532,0.05,0.228,2.55,1.28,0.045,0.154,0.054,0.334,3.404,0.25,0.412,0.048,0.419
1027,2.771,1.05,0.054,0.333,0.035,0.407,0.577,2.354,3.585,0.169,0.307,0.218,0.572,0.219,0.053,0.588,0.193,0.049,0.696,0.727,0.283,0.649,0.417,0.272,3.13,0.034,2.471,0.028,0.747,0.83,0.053,0.372,0.393,0.566,0.043,0.376,0.175,1.029,0.465,0.257,0.354,0.532,0.05,0.228,0.565,1.22,0.045,0.154,0.054,0.334,3.404,0.25,0.412,0.048,0.419
1028,0.617,1.05,0.054,0.333,0.035,0.407,0.577,2.354,3.585,0.169,0.307,0.218,0.572,0.219,0.053,0.588,0.193,0.049,0.696,0.727,0.283,0.149,0.317,0.378,3.32,0.034,0.656,0.028,0.747,0.81,0.053,0.372,0.393,0.566,0.161,0.376,0.175,1.029,0.465,0.257,0.354,0.472,0.05,0.228,0.565,1.22,0.152,0.154,0.054,0.334,3.404,0.25,0.412,0.048,0.419
1029,0.617,1.05,0.054,0.333,0.035,0.395,0.577,2.354,3.585,0.169,0.307,0.218,2.17,0.219,0.053,0.588,0.233,0.049,0.696,0.727,0.283,0.149,0.317,0.378,3.32,0.034,0.656,0.028,0.672,0.81,0.053,0.372,0.393,0.566,0.161,0.486,0.175,1.029,0.525,0.257,0.354,0.472,0.05,0.228,0.669,1.22,0.152,0.154,0.054,0.334,3.404,0.25,0.412,0.048,2.647
1030,0.713,1.015,0.054,0.393,0.035,0.395,0.577,0.531,3.585,0.169,0.307,0.218,2.199,0.219,0.053,0.588,0.233,0.049,0.696,0.782,0.283,0.149,0.317,0.273,0.24,0.034,0.492,0.028,0.732,0.425,0.053,0.056,0.393,0.566,0.161,0.426,0.045,1.029,0.585,0.257,0.354,0.366,0.05,0.228,0.649,1.22,0.152,0.154,0.054,0.334,3.503,0.266,0.443,0.048,2.647
1031,0.713,1.015,0.054,0.493,0.035,0.395,0.577,0.531,0.526,0.169,0.307,0.218,2.199,2.471,0.053,0.588,0.233,0.049,0.696,0.782,0.323,0.649,0.317,0.273,0.24,0.034,0.492,0.028,0.832,0.425,0.053,0.056,0.393,0.651,0.161,0.326,0.045,0.989,0.585,0.043,0.354,0.366,0.05,0.228,0.649,1.22,0.152,0.154,0.054,0.438,3.503,0.266,0.443,0.048,2.647
1032,0.713,1.015,0.054,0.493,0.035,0.395,0.698,0.531,0.526,0.169,0.307,0.218,0.601,2.471,0.053,0.528,0.233,0.049,0.696,0.727,0.323,0.689,0.317,0.26,0.24,0.034,0.598,0.028,0.732,0.425,0.053,0.056,0.393,0.651,0.161,0.326,0.045,0.989,1.657,0.043,0.394,0.366,0.05,0.228,0.649,1.22,0.152,0.154,0.054,0.438,3.503,0.266,0.443,0.048,2.647
1033,0.713,1.015,0.054,0.484,0.035,0.41,0.698,0.531,0.526,0.169,0.307,0.218,0.601,2.471,0.053,0.528,0.233,0.049,0.696,0.727,0.323,0.129,0.317,0.26,0.24,0.034,0.598,0.028,0.612,0.425,0.053,0.056,0.393,0.651,0.161,0.326,0.045,1.029,1.657,0.043,0.394,0.366,0.05,0.228,0.649,1.16,0.152,0.154,0.054,0.438,3.503,0.266,0.443,0.048,2.647
1034,0.663,1.055,0.054,0.484,0.035,0.41,0.809,0.481,0.526,0.169,0.307,0.218,0.661,0.319,0.053,0.428,0.233,0.049,0.746,0.727,0.323,0.129,0.317,0.26,0.24,0.034,0.598,0.028,0.612,0.425,0.053,0.056,0.393,0.651,0.161,0.386,0.045,1.029,1.657,0.043,0.414,0.426,0.05,0.228,0.649,1.16,0.152,0.154,0.054,0.438,3.503,0.266,0.403,0.048,2.647
1035,0.663,1.015,0.054,0.424,0.035,0.41,0.749,0.461,0.526,0.169,0.307,0.218,0.601,0.319,0.053,0.428,0.233,0.049,0.802,0.51,0.323,0.089,0.317,0.26,0.24,0.034,0.598,0.028,0.612,0.46,0.053,0.056,0.517,0.651,0.161,0.386,0.045,0.989,0.585,0.175,0.374,0.426,0.05,0.029,0.649,1.16,0.152,0.154,0.054,0.438,3.456,0.266,0.403,0.048,2.647
1036,0.663,1.015,0.054,0.424,0.035,0.41,0.749,0.461,0.7,0.169,0.307,0.218,0.601,0.43,0.053,0.428,0.233,0.049,0.802,0.51,0.323,0.109,0.317,0.425,0.24,0.034,0.716,0.028,0.612,0.46,0.053,0.056,0.517,0.651,0.161,0.426,0.045,0.977,0.585,0.175,0.374,0.426,0.05,0.029,0.649,1.22,0.152,0.154,0.054,0.403,3.456,0.279,0.403,0.048,2.647
1037,0.663,1.015,0.054,0.424,0.035,0.43,0.609,0.461,0.85,0.057,0.446,0.218,0.601,0.43,0.053,0.428,0.268,0.049,0.802,0.51,0.323,0.215,0.317,0.425,0.24,0.034,0.716,0.028,0.612,0.666,0.053,0.056,0.517,0.651,0.161,0.526,0.045,0.977,0.585,0.175,0.264,0.426,0.05,0.029,0.649,1.22,0.152,0.154,0.054,0.403,3.456,0.311,0.463,0.048,2.647
1038,0.723,0.895,0.054,0.424,0.035,0.287,0.589,0.461,0.85,0.057,0.446,0.218,0.615,0.43,0.053,0.528,0.268,0.049,0.802,0.51,0.323,0.195,0.357,0.425,0.24,0.034,0.716,0.028,0.612,0.666,0.053,0.056,0.517,0.526,0.161,0.526,0.045,0.986,0.585,0.175,0.264,0.426,0.05,0.029,0.649,1.22,0.152,0.046,0.054,0.463,3.456,0.311,0.463,0.048,2.707
1039,0.823,0.895,0.054,0.424,0.035,0.237,0.589,0.315,0.85,0.057,0.486,0.218,0.615,0.43,0.053,0.528,0.268,0.049,0.802,0.51,0.323,0.195,0.357,0.425,0.24,0.034,0.5,0.028,0.572,0.726,0.053,0.056,0.517,0.526,0.161,0.426,0.045,0.986,0.585,0.175,0.264,0.426,0.05,0.029,0.649,1.22,0.152,0.046,0.054,0.463,0.556,0.351,0.463,0.048,2.707
1040,0.823,0.955,0.054,0.424,0.035,0.237,2.911,0.315,0.85,0.057,0.486,0.362,0.615,0.49,0.053,0.528,0.268,0.049,0.802,0.51,0.323,0.195,0.357,0.425,0.24,0.034,0.5,0.028,0.572,0.686,0.189,0.056,0.505,0.526,0.161,0.414,0.045,1.076,0.585,0.175,0.264,0.426,0.05,0.029,0.649,1.22,0.152,0.046,0.054,0.482,0.556,0.351,0.403,0.048,2.707
1041,1.119,0.955,0.054,0.424,0.035,0.237,2.911,0.303,0.85,0.057,0.446,0.362,0.615,0.49,0.053,0.528,0.268,0.049,0.902,0.51,0.518,0.207,0.417,0.425,0.24,0.034,0.5,0.028,0.572,0.686,0.189,0.056,0.505,0.526,0.161,0.514,0.045,1.016,0.585,0.175,0.264,0.426,0.05,0.133,0.649,1.22,0.152,0.046,0.054,0.482,0.556,0.351,0.403,0.048,2.707
1042,1.119,0.955,0.054,0.424,0.035,0.187,2.911,0.303,0.85,0.057,0.446,0.362,0.615,0.49,0.053,0.578,0.268,0.049,0.802,0.51,0.518,0.207,0.517,0.425,0.24,0.034,0.4,0.028,0.572,2.957,0.189,0.056,0.505,0.709,0.161,0.574,0.045,1.016,0.645,0.175,0.264,0.466,0.05,0.133,0.649,1.232,0.152,0.046,0.054,0.482,0.576,0.351,0.403,0.048,2.588
1043,1.119,0.955,0.054,0.424,0.035,0.187,2.911,0.453,0.91,0.057,0.446,0.362,0.615,0.651,0.053,0.578,0.258,0.049,0.802,0.51,0.603,0.207,0.517,0.425,0.24,0.034,0.4,0.028,0.572,2.957,0.189,0.056,0.505,0.709,0.161,0.574,0.045,1.016,0.585,0.175,0.264,0.466,0.05,0.133,0.649,1.292,0.152,0.046,0.054,0.542,0.576,0.351,0.403,0.048,2.588
1044,1.119,0.955,0.054,0.424,0.035,0.187,2.911,0.623,0.97,0.057,0.446,0.362,0.675,0.64,0.053,0.578,0.258,0.049,0.802,0.39,0.715,0.207,0.517,0.425,0.24,0.034,0.412,0.028,0.286,2.957,0.189,0.056,0.505,0.709,0.161,0.514,0.045,1.016,0.585,0.175,0.386,0.466,0.05,0.133,0.649,1.212,0.152,0.046,0.054,0.542,0.576,0.351,0.403,0.048,2.588
1045,0.823,0.955,0.054,0.424,0.035,0.187,2.911,0.623,1.07,0.057,0.446,0.362,0.675,0.64,0.053,0.578,0.183,0.049,0.802,0.39,0.715,0.207,0.477,0.485,0.24,0.034,0.412,0.028,0.286,0.686,0.189,0.056,0.505,0.744,0.161,0.655,0.045,0.976,0.585,0.175,0.386,0.466,0.05,0.133,0.649,1.052,0.152,0.046,0.054,0.542,0.576,0.436,0.403,0.048,0.36
1046,0.823,0.955,0.054,0.424,0.035,0.187,2.911,0.497,0.91,0.057,0.446,0.362,0.675,0.64,0.053,0.618,0.203,0.049,0.802,0.39,0.815,0.404,0.658,0.425,0.24,0.034,0.412,0.028,0.452,0.686,0.189,0.056,0.905,0.744,0.043,0.595,0.045,0.976,0.585,0.175,0.386,0.431,0.05,0.133,0.649,1.052,0.045,0.046,0.054,0.542,0.576,0.436,0.403,0.048,0.36
1047,0.823,0.755,0.054,0.607,0.035,0.187,2.911,0.497,0.81,0.057,0.493,0.525,0.675,0.64,0.053,0.598,0.263,0.049,0.802,0.39,0.815,0.404,0.658,0.425,0.24,0.034,0.412,0.028,0.452,0.786,0.189,0.056,0.905,0.744,0.043,0.595,0.045,2.996,0.585,0.175,0.47,0.431,0.05,0.133,0.649,1.052,0.233,0.046,0.054,0.642,0.576,0.555,0.403,0.048,2.72
1048,0.923,0.904,0.054,0.607,0.035,0.187,2.911,0.437,0.81,0.057,0.493,0.359,0.675,0.64,0.053,0.598,0.263,0.049,0.63,0.39,0.8,0.404,0.658,0.425,0.24,0.034,0.412,0.028,0.512,0.786,0.189,0.056,1.075,0.744,0.043,0.595,0.045,2.996,0.585,0.175,0.47,0.431,0.05,0.133,0.649,1.052,0.233,0.046,0.054,0.642,0.457,0.555,0.403,0.048,2.72
1049,1.423,0.869,0.054,0.607,0.035,0.167,2.911,0.437,0.81,0.057,0.433,0.359,2.273,0.68,0.053,0.641,0.275,0.27,0.63,0.39,0.8,0.404,0.658,0.53,0.24,0.034,0.412,0.028,0.512,0.786,0.189,0.056,1.115,0.656,0.043,0.595,0.045,2.72,0.585,0.175,0.47,0.431,0.05,0.133,0.649,1.052,0.233,0.106,0.054,0.568,0.457,0.615,0.443,0.048,2.72
1050,1.423,0.869,0.054,0.607,0.035,0.107,2.951,0.497,0.233,0.057,0.433,0.359,2.273,0.64,0.053,0.641,0.275,0.27,0.63,0.39,0.675,0.404,0.558,0.53,0.05,0.034,0.412,0.028,0.452,0.786,0.189,0.056,0.655,0.656,0.043,0.595,0.045,0.7,0.585,0.175,0.47,0.391,0.05,0.133,0.649,1.052,0.233,0.106,0.054,0.603,0.457,0.606,0.649,0.048,0.3
1051,1.423,0.904,0.054,0.647,0.035,0.107,2.951,0.497,0.233,0.057,0.525,0.359,2.213,0.54,0.053,0.641,0.275,0.27,0.63,0.39,0.675,0.404,0.558,0.53,0.05,0.034,0.412,0.028,0.452,0.415,0.189,0.056,0.655,0.644,0.043,0.595,0.045,0.7,0.585,0.175,0.47,0.391,0.05,0.133,0.485,1.052,0.233,0.106,0.154,0.603,0.457,0.606,0.649,0.048,0.24
1052,1.145,0.944,0.054,0.647,0.035,0.127,2.951,0.497,0.233,0.057,0.525,0.359,0.715,0.54,0.053,0.701,0.275,0.27,0.63,0.39,0.675,0.404,0.558,0.585,0.05,0.034,0.412,0.028,0.829,0.415,0.189,0.056,0.655,0.644,0.043,0.595,0.045,0.7,0.585,0.175,0.47,0.391,0.05,0.133,0.485,1.052,0.233,0.106,0.174,0.603,0.457,0.606,0.589,0.048,0.24
1053,1.245,0.884,0.054,0.707,0.035,0.127,2.834,0.557,0.233,0.057,0.348,0.359,0.715,1.71,0.053,0.818,0.275,0.27,0.63,0.39,0.675,0.404,0.598,0.585,0.05,0.034,0.412,0.028,0.829,0.415,0.189,0.056,0.615,0.644,0.043,0.595,0.045,0.7,0.585,0.043,0.47,0.391,0.05,0.133,0.485,1.052,0.233,0.046,0.214,0.603,1.202,0.606,0.589,0.048,0.445
1054,1.205,0.884,0.054,0.886,0.035,0.227,2.74,0.557,0.233,0.057,0.348,0.359,0.715,1.71,0.053,0.818,0.275,0.27,0.578,0.39,0.695,0.464,0.598,0.47,0.05,0.034,0.412,0.028,0.904,0.415,0.189,0.056,0.615,0.589,0.043,0.595,0.045,0.7,0.585,0.043,0.47,0.391,0.05,0.133,0.425,1.052,0.233,0.046,0.314,0.603,1.202,0.606,0.589,0.048,0.445
1055,1.205,0.884,0.054,0.746,0.035,0.256,2.74,0.617,0.233,0.057,0.348,0.359,0.715,1.71,0.053,0.83,0.275,0.27,0.618,0.39,0.695,0.501,0.598,0.47,0.05,0.034,0.412,0.028,0.844,0.415,0.189,0.056,0.655,0.589,0.043,0.685,0.045,0.7,0.585,0.043,0.47,0.391,0.05,0.133,0.425,1.052,0.233,0.046,0.374,0.603,1.202,0.606,0.61,0.048,0.445
1056,1.205,0.746,0.054,0.746,0.235,0.256,2.74,0.497,0.059,0.057,0.34,0.449,0.715,0.54,0.053,0.89,0.275,0.27,0.578,0.39,0.585,1.001,0.598,0.47,0.191,0.034,0.412,0.028,0.527,0.415,0.189,0.056,0.655,0.609,0.043,0.685,0.045,0.7,0.585,0.043,0.47,0.391,0.05,0.133,0.425,1.052,0.233,0.046,0.334,0.594,0.445,0.606,0.59,0.048,0.445
1057,1.205,0.774,0.054,0.746,0.235,0.316,2.76,0.497,0.281,0.057,0.201,0.449,0.715,0.54,0.053,0.89,0.275,0.27,0.578,0.39,0.585,1.001,0.598,0.47,0.191,0.034,0.412,0.028,0.527,0.415,0.189,0.056,0.655,0.609,0.043,0.685,0.045,0.7,0.65,0.043,0.47,0.491,0.05,0.133,0.425,1.052,0.233,0.046,0.234,0.594,0.445,0.606,0.672,0.048,0.445
1058,1.145,0.774,0.054,0.746,0.235,0.316,2.8,0.327,0.281,0.057,0.201,0.449,0.715,0.54,0.053,0.89,0.275,0.27,0.578,0.39,0.585,1.001,0.598,0.483,0.191,0.034,0.512,0.028,0.527,0.455,0.189,0.056,0.715,0.609,0.043,0.685,0.045,0.76,0.65,0.043,0.47,0.491,0.05,0.133,0.425,1.052,0.233,0.046,0.234,0.581,0.445,0.606,0.692,0.048,0.445
1059,1.145,0.774,0.054,0.746,0.235,0.316,2.86,0.339,0.281,0.057,0.201,0.449,0.715,0.54,0.053,1.176,0.255,0.27,0.518,0.39,0.485,0.501,0.598,0.483,0.191,0.034,0.472,0.028,0.527,0.6,0.189,0.056,0.908,0.609,0.043,0.685,0.045,0.66,0.65,0.043,0.47,0.491,0.05,0.029,0.425,1.052,0.233,0.046,0.234,0.581,0.345,0.606,0.692,0.048,0.445
1060,1.145,0.746,0.054,0.686,0.235,0.316,2.86,0.339,0.281,0.057,0.201,0.305,0.706,0.54,0.053,1.083,0.255,0.27,0.518,0.39,0.485,0.501,0.598,0.483,0.191,0.034,0.472,0.028,0.492,0.553,0.189,0.056,0.908,0.621,0.043,0.685,0.045,0.806,0.519,0.043,0.47,0.054,0.05,0.029,0.425,1.245,0.233,0.057,0.234,0.427,0.345,0.615,0.61,0.048,0.445
1061,1.117,0.746,0.054,0.503,0.235,0.356,2.86,0.339,0.281,0.057,0.201,0.142,0.706,0.61,0.053,1.083,0.27,0.27,1.484,0.39,0.485,0.501,0.598,0.543,0.191,0.034,0.372,0.028,0.452,0.388,0.189,0.056,0.908,0.608,0.043,0.685,0.045,0.716,0.519,0.043,0.675,0.054,0.05,0.029,0.485,1.245,0.233,0.057,0.194,0.367,1.102,0.615,0.61,0.048,0.445
1062,1.117,0.597,0.054,0.661,0.235,0.406,2.86,0.339,0.281,0.057,0.201,0.142,0.706,0.61,0.053,1.083,0.27,0.27,1.484,0.39,0.485,0.501,0.587,0.543,0.191,0.034,0.372,0.028,0.452,0.468,0.528,0.056,0.908,0.608,0.043,0.625,0.045,0.776,0.519,0.043,0.606,0.054,0.05,0.029,0.485,1.245,0.233,0.057,0.194,0.367,1.102,0.615,0.65,0.048,0.505
1063,1.117,0.597,0.054,0.661,0.235,0.406,2.86,0.339,0.281,0.057,0.201,0.202,0.706,0.449,0.053,0.897,0.31,0.27,1.444,0.39,0.29,0.501,0.587,0.583,0.191,0.034,0.372,0.028,0.464,0.468,0.528,0.056,0.908,0.595,0.043,0.725,0.045,0.776,0.519,0.043,0.606,0.054,0.05,0.029,0.485,1.145,0.233,0.117,0.234,0.367,1.222,0.606,0.65,0.048,0.505
1064,1.117,0.597,0.054,0.721,0.235,0.406,2.721,0.339,0.281,0.057,0.378,0.242,0.706,0.449,0.053,0.837,0.35,0.27,0.518,0.445,0.29,0.501,0.587,0.583,0.191,0.034,0.372,0.028,0.464,0.468,0.528,0.056,0.908,0.317,0.043,0.725,0.045,0.856,0.519,0.043,0.606,0.054,0.05,0.029,0.485,1.145,0.233,0.057,0.234,0.34,0.465,0.675,0.65,0.048,0.505
1065,1.017,0.597,0.054,0.721,0.235,0.366,2.721,0.339,0.281,0.057,0.378,0.262,0.706,0.449,0.053,0.737,0.35,0.27,0.518,0.505,0.29,0.501,0.587,3.905,0.191,0.034,0.372,0.028,0.489,0.408,2.618,0.056,0.848,0.317,0.043,0.584,0.045,0.856,0.519,0.043,0.606,0.054,0.05,0.029,0.485,3.394,0.233,0.057,0.234,0.34,0.465,0.695,0.65,0.048,0.505
1066,1.017,0.625,0.054,0.721,0.235,0.366,2.721,0.339,0.281,0.057,0.201,0.262,0.706,0.571,0.053,0.737,0.35,0.27,0.498,0.505,0.29,0.513,0.587,3.845,0.191,0.034,0.372,0.028,0.323,0.348,2.279,0.233,0.758,0.317,0.043,0.584,0.045,0.856,0.519,0.043,0.706,0.054,0.05,0.029,0.485,3.394,0.233,0.057,1.46,0.34,0.465,0.645,0.71,0.048,0.505
1067,1.017,0.625,0.054,0.893,0.235,0.366,0.436,0.339,0.281,0.057,0.201,0.242,0.706,0.501,0.053,0.677,0.35,0.27,0.498,0.505,0.29,0.513,0.627,3.845,0.191,0.034,0.372,0.028,0.323,0.348,2.279,0.413,0.818,0.317,0.043,0.619,0.045,0.916,0.519,0.043,0.602,0.054,0.05,0.029,0.485,3.394,0.233,0.117,1.56,0.415,0.465,0.645,0.71,0.048,0.493
1068,1.017,3.088,0.054,0.893,0.235,0.366,0.416,0.339,0.281,0.057,0.201,0.282,0.706,0.501,0.053,0.677,0.31,0.27,0.498,0.541,0.39,0.316,0.446,3.885,0.191,0.034,0.372,0.028,0.323,0.483,0.189,0.413,0.818,0.317,0.043,0.619,0.045,1.016,0.519,0.043,0.572,0.054,0.05,0.029,0.485,0.645,0.233,0.117,1.704,0.34,0.465,0.616,0.61,0.048,0.493
1069,1.117,3.188,0.054,0.893,0.235,0.366,0.376,0.339,0.281,0.057,0.214,0.282,0.706,0.501,0.053,0.677,0.31,0.27,0.498,0.521,0.29,0.325,0.446,3.885,0.191,0.034,0.532,0.028,0.323,0.483,0.289,0.413,0.818,0.257,0.216,0.679,0.045,0.976,0.519,0.043,0.522,0.054,0.05,0.029,0.485,0.645,0.045,0.117,1.704,0.34,0.465,0.616,0.61,0.219,0.513
1070,1.117,3.188,0.281,0.893,0.161,0.366,0.376,0.339,0.648,0.057,0.214,0.282,0.706,0.601,0.053,0.677,0.31,0.519,0.542,0.521,0.29,0.366,0.446,3.83,0.191,0.034,0.532,0.028,0.323,0.543,0.189,0.413,0.818,0.257,0.216,0.739,0.045,0.976,0.519,0.043,0.522,0.054,0.05,0.029,0.485,0.645,0.045,0.252,1.704,0.34,0.465,0.616,0.61,0.219,0.513
1071,1.117,3.188,0.221,0.893,0.161,0.366,0.376,0.339,0.648,0.057,0.214,0.282,0.726,0.601,0.053,0.56,0.35,0.298,0.542,0.521,0.29,0.366,0.446,3.83,0.191,0.034,0.532,0.028,0.323,0.483,0.189,0.413,0.818,0.257,0.216,0.739,0.045,1.076,0.519,0.043,0.522,0.054,0.05,0.029,0.485,0.645,0.045,0.252,1.704,0.34,0.505,0.556,0.61,0.219,0.513
1072,1.117,3.188,0.221,0.893,0.161,0.366,0.436,0.339,0.648,0.057,0.214,0.282,0.706,0.601,0.053,0.62,0.35,0.358,0.542,0.581,0.29,0.342,0.446,3.83,0.191,0.034,0.532,0.028,0.263,0.483,0.189,0.413,0.818,0.257,0.216,0.739,0.045,1.076,0.519,0.043,0.522,0.054,0.05,0.029,0.505,0.585,0.045,0.252,1.704,0.34,0.505,0.556,0.424,0.219,0.513
1073,1.117,3.188,0.346,0.843,0.161,0.366,0.536,0.339,0.648,0.057,0.274,0.411,0.706,0.601,0.053,0.62,0.31,0.214,0.542,0.641,0.29,0.342,0.446,4.042,0.191,0.208,0.532,0.028,0.263,0.483,0.189,0.413,0.565,0.257,0.216,0.619,0.045,1.116,0.519,0.043,0.522,0.054,0.05,0.029,0.505,0.585,0.045,0.192,1.704,0.34,0.465,0.556,0.424,0.219,0.603
1074,1.117,3.317,0.346,0.87,0.261,0.426,0.436,0.387,0.648,0.057,0.274,0.321,0.766,0.718,0.053,0.67,0.31,0.178,0.542,0.641,0.29,0.842,0.433,4.042,0.191,0.208,0.636,0.028,0.263,0.448,0.189,0.413,0.565,0.257,0.216,0.619,0.045,1.076,0.519,0.043,0.522,0.054,0.05,0.029,0.505,0.452,0.045,0.192,1.604,0.45,0.465,0.496,0.424,0.219,0.543
1075,1.117,3.377,0.346,0.747,0.261,0.426,0.376,0.387,0.648,0.057,0.274,0.321,0.766,0.558,0.053,0.67,0.31,0.221,0.542,0.586,0.29,0.842,0.433,4.042,0.191,0.208,0.649,0.028,0.263,0.448,0.189,0.413,0.565,0.257,0.216,0.619,0.045,1.116,0.519,0.043,0.522,0.054,0.05,0.029,0.545,0.487,0.045,0.192,1.604,0.45,0.465,0.496,0.404,0.219,0.35
1076,1.189,3.377,0.466,0.568,0.316,0.376,0.376,0.387,0.648,0.057,0.274,0.321,0.706,0.458,0.053,0.67,0.33,0.221,0.542,0.546,0.29,0.842,0.433,4.042,0.05,0.208,0.589,0.028,0.263,0.448,0.249,0.413,0.565,0.277,0.216,2.596,0.045,1.116,0.519,0.043,0.522,0.054,0.05,0.029,0.545,0.44,0.045,0.192,1.604,0.375,0.465,0.496,0.404,0.219,0.35
1077,1.189,3.282,0.466,0.568,0.316,0.376,0.376,0.387,0.648,0.057,0.451,0.321,0.706,0.458,0.053,0.67,0.33,0.221,0.497,0.486,0.29,0.842,0.438,4.082,0.05,0.208,0.759,0.028,0.263,0.448,0.249,0.413,0.565,0.277,0.216,2.654,0.045,1.176,0.519,0.043,0.522,0.054,0.05,0.029,0.505,0.529,0.045,0.3,1.604,0.375,0.465,0.496,0.364,0.219,0.248
1078,1.189,3.322,0.466,0.568,0.316,0.316,0.376,0.387,0.648,0.057,0.451,0.321,0.706,0.458,0.053,0.67,0.33,0.221,0.497,0.486,0.29,0.842,0.438,4.082,0.05,0.208,0.759,0.028,0.263,0.448,0.249,0.413,0.565,0.277,0.216,2.654,0.045,1.176,0.519,0.043,0.522,0.054,0.24,0.029,0.505,0.529,0.045,0.3,1.504,0.375,0.465,0.456,0.364,0.219,0.248
1079,1.305,3.282,0.466,0.568,0.416,0.316,0.376,0.487,0.445,0.057,0.274,0.321,0.706,0.458,0.053,0.67,0.23,0.221,0.497,0.486,0.29,0.842,0.438,4.082,0.05,0.208,0.759,0.028,0.263,0.448,0.249,0.413,0.565,0.364,0.216,0.677,0.045,1.016,0.519,0.043,0.53,0.054,0.24,0.029,0.485,0.569,0.045,0.3,1.504,0.375,0.465,0.616,0.364,0.219,2.476
1080,1.345,3.322,0.406,0.338,0.416,0.548,0.376,0.387,0.445,0.169,0.274,0.321,0.706,0.458,0.053,0.67,0.604,0.373,2.553,0.446,0.29,0.842,0.403,4.122,2.743,0.208,0.759,0.028,0.263,0.448,0.249,0.413,0.605,0.364,0.216,0.768,0.045,0.73,0.519,0.043,0.53,0.331,0.24,0.029,0.485,0.529,0.045,0.38,3.445,0.525,0.465,0.616,0.364,0.219,2.476
1081,1.345,3.322,0.426,0.338,0.416,0.598,0.376,0.387,0.445,0.169,0.274,0.403,0.795,0.458,0.053,0.67,0.604,0.373,2.553,2.717,0.29,0.842,0.403,4.082,2.743,0.208,0.653,0.028,0.263,0.448,0.249,0.413,0.665,0.424,0.216,0.768,0.045,0.83,0.519,0.043,0.53,0.331,0.24,0.029,0.485,0.529,0.045,0.38,3.485,2.89,0.465,0.616,0.364,0.219,2.476
1082,1.345,3.322,0.516,0.338,0.416,0.598,0.376,0.387,0.445,0.169,0.274,0.343,0.795,0.458,0.053,0.67,0.604,0.373,2.553,2.717,0.29,0.842,0.403,4.082,2.743,0.208,0.653,0.028,0.418,0.508,0.249,0.413,0.665,0.424,0.216,2.745,0.045,0.83,0.493,0.043,0.43,0.331,0.24,0.029,0.485,0.569,0.045,0.412,3.485,2.89,0.465,0.616,0.364,0.219,2.476
1083,2.435,3.322,0.516,0.338,0.416,0.598,0.416,0.387,0.505,0.169,0.274,0.343,0.795,0.458,0.053,0.67,0.604,0.518,0.497,2.777,0.29,0.842,0.463,4.082,2.743,0.208,0.553,0.028,0.358,0.568,0.249,0.413,0.665,0.424,0.216,2.745,0.045,0.83,0.493,0.043,0.241,0.331,0.24,0.029,0.485,0.569,0.045,0.412,1.504,2.89,0.465,0.616,0.364,0.219,2.476
1084,2.435,3.419,0.516,0.338,0.416,0.598,0.416,0.387,0.605,0.169,0.274,0.343,0.795,0.336,0.053,0.67,0.23,0.508,0.497,0.561,0.29,0.842,0.463,4.082,2.743,0.208,0.553,0.028,0.358,0.693,0.284,0.413,0.665,0.424,0.216,2.745,0.045,0.79,0.493,0.043,0.241,0.371,0.24,0.029,0.485,0.569,0.045,0.412,1.603,2.89,0.465,0.616,0.364,0.219,2.476
1085,2.435,3.419,0.516,0.338,0.476,0.598,0.416,0.387,0.705,0.169,0.274,0.447,0.795,0.336,0.223,0.801,0.23,0.408,0.497,0.621,0.29,0.842,0.543,0.854,2.743,0.208,0.553,0.242,0.418,0.701,0.32,0.413,0.665,0.364,0.216,0.768,0.045,0.79,0.493,0.043,0.241,0.406,0.24,0.029,0.485,0.569,0.045,0.412,1.805,2.89,0.465,0.616,0.364,0.219,2.469
1086,1.345,3.419,0.516,0.338,0.476,0.598,0.476,0.327,0.855,0.169,0.274,0.447,0.835,0.336,0.223,0.801,0.215,0.408,0.397,0.741,0.29,0.842,0.543,0.854,2.743,0.208,0.541,0.242,0.383,0.701,0.398,0.413,0.665,0.364,0.216,0.828,0.045,0.79,0.593,0.043,0.241,0.406,0.24,0.029,0.485,0.569,0.045,0.412,1.805,2.89,0.465,0.607,0.364,0.219,2.469
1087,1.305,3.419,0.516,0.333,0.576,0.598,0.476,0.327,0.855,0.169,0.274,0.447,0.835,0.336,0.223,0.801,0.215,0.408,0.397,0.741,0.29,0.877,0.543,0.642,2.743,0.208,0.541,0.242,0.383,0.701,0.433,0.233,0.665,0.364,0.216,0.828,0.045,0.79,0.593,0.043,0.241,0.406,0.24,0.029,3.236,0.544,0.045,0.412,1.845,2.89,0.365,0.607,0.364,0.219,2.469
1088,1.305,3.419,0.576,0.273,0.576,0.698,0.449,0.177,0.705,0.169,0.274,0.507,0.835,0.336,0.223,2.826,0.215,0.408,0.397,0.781,0.29,0.877,0.543,0.642,2.743,0.208,0.541,0.242,0.483,0.701,0.433,0.056,0.636,0.364,0.216,0.828,0.045,0.69,0.593,0.043,0.311,0.406,0.24,0.029,3.236,0.544,0.152,0.412,1.845,2.89,0.365,0.607,0.364,0.219,2.559
1089,1.305,3.419,0.576,0.273,0.476,0.698,0.449,0.335,0.705,0.169,0.214,0.507,0.835,0.336,0.223,2.826,0.31,0.408,0.397,0.721,0.29,0.877,0.543,0.642,2.743,0.208,0.441,0.242,0.483,0.734,0.448,0.056,0.797,0.364,0.216,0.828,0.045,0.69,0.593,0.043,0.311,0.406,0.24,0.029,3.236,0.544,0.152,0.412,1.905,2.89,0.365,0.607,0.364,0.219,2.678
1090,1.305,3.419,0.576,0.373,0.416,0.598,0.449,0.275,0.76,0.169,0.391,0.507,0.835,0.336,0.223,2.826,0.235,0.408,0.397,0.661,0.29,0.937,0.603,0.582,0.381,0.208,0.501,0.242,0.423,0.734,0.448,0.056,0.797,0.364,0.216,0.868,0.045,0.78,0.593,0.043,0.311,0.406,0.24,0.029,3.236,0.704,0.152,2.395,1.905,2.965,0.365,0.607,0.364,0.219,2.678
1091,1.305,3.419,0.576,0.373,0.416,0.598,0.549,0.275,0.76,0.169,0.391,0.507,0.835,0.266,0.223,0.801,0.215,0.408,0.397,0.741,0.29,0.437,0.543,0.582,0.367,0.208,0.501,0.242,0.483,0.734,0.448,0.056,0.797,0.364,0.043,0.868,0.045,0.78,0.593,0.043,0.311,0.406,0.24,0.029,3.236,0.704,0.152,2.395,1.905,2.965,0.333,0.647,0.364,0.048,2.728
1092,1.305,3.419,0.616,0.373,0.416,0.598,0.489,0.275,0.82,0.169,0.709,0.507,0.835,0.266,0.223,0.801,0.215,0.448,0.397,0.741,0.29,0.425,0.543,0.582,0.367,0.208,0.397,0.242,0.423,0.734,0.448,0.056,0.777,0.364,0.043,0.808,0.045,0.69,0.593,0.257,0.311,0.406,0.24,0.029,3.236,0.764,0.152,2.355,1.905,2.965,0.333,0.647,0.364,0.048,2.728
1093,1.305,3.419,0.616,0.273,0.516,0.598,0.489,0.295,0.76,0.169,0.709,0.507,0.835,0.266,0.223,0.801,0.215,0.448,0.297,3.848,0.29,0.425,0.543,0.582,0.309,0.208,0.613,0.242,0.423,0.734,0.448,0.056,0.777,0.364,0.043,0.808,0.045,0.69,0.633,0.257,0.311,0.406,0.24,0.029,3.336,0.764,0.152,2.367,1.919,2.965,0.333,0.487,0.364,0.048,2.678
1094,1.305,3.419,0.616,0.178,0.416,0.598,0.489,0.275,0.76,0.169,0.709,0.467,0.835,0.266,0.223,0.801,0.215,0.439,0.297,3.828,0.29,0.365,0.483,0.582,0.309,0.208,0.613,0.242,0.423,0.754,0.448,0.056,0.817,0.364,0.043,0.797,0.045,0.69,0.633,0.257,0.311,0.446,0.24,0.029,3.336,0.764,0.152,2.355,1.979,2.965,0.333,0.487,0.364,0.048,2.726
1095,1.305,3.319,0.616,0.178,0.304,0.598,0.489,0.335,0.76,0.169,0.709,0.467,0.895,0.266,0.223,0.801,0.215,0.399,0.297,3.828,0.29,0.365,0.483,0.582,0.309,0.034,0.613,0.242,0.423,0.734,0.448,0.056,0.817,0.465,0.043,0.797,0.045,0.69,1.692,0.257,0.311,0.446,0.24,0.029,3.296,0.64,0.152,2.247,1.979,2.815,0.32,0.487,0.364,0.048,0.498
1096,1.205,3.319,0.616,0.178,0.304,0.658,0.489,0.335,0.76,0.169,0.709,0.467,0.895,0.266,0.223,0.801,0.215,0.399,0.297,3.828,0.29,0.365,0.483,2.689,0.309,0.034,0.613,0.242,0.644,0.734,0.388,0.056,0.817,0.52,0.043,0.797,0.045,0.574,1.692,0.257,0.241,0.446,0.24,0.029,3.296,0.64,0.152,2.342,1.979,2.815,0.32,0.474,0.404,0.048,0.498
1097,1.029,3.319,0.616,0.178,0.304,0.608,0.489,0.335,0.76,0.169,0.142,0.467,0.895,0.266,0.223,0.801,0.215,0.474,0.297,3.828,0.29,0.365,0.483,2.689,0.309,0.034,0.613,0.242,0.644,0.853,0.438,0.056,0.817,0.52,0.043,0.797,0.045,0.574,1.692,0.257,0.285,0.439,0.24,0.029,3.236,0.64,0.152,4.601,2.039,0.45,0.32,0.534,0.404,0.048,0.498
1098,1.029,3.319,0.616,0.178,0.304,0.608,0.489,0.375,0.76,0.057,0.142,0.467,0.881,0.266,0.223,0.801,0.215,0.474,0.297,3.828,0.178,0.374,2.707,2.689,0.309,0.034,0.613,0.242,0.644,0.853,0.473,0.056,0.817,0.796,0.043,0.797,0.045,0.724,1.692,0.257,0.406,0.399,0.24,0.029,3.1,0.64,0.152,4.601,2.039,0.45,0.32,0.543,0.404,0.048,0.498
1099,0.989,3.519,0.616,0.178,0.304,0.548,0.489,0.361,0.76,0.057,0.142,0.467,0.783,0.366,0.223,0.801,0.215,0.599,0.297,3.828,0.178,0.374,2.707,0.582,0.309,0.034,0.613,0.028,0.644,0.853,0.473,0.056,0.777,0.721,0.043,0.797,0.045,0.724,1.567,0.257,0.406,0.499,0.24,0.029,3.1,0.64,0.152,4.601,2.039,0.45,0.32,0.543,0.404,0.048,0.498
1100,1.067,3.519,0.556,0.178,0.204,0.548,0.489,0.381,0.82,0.057,0.142,0.052,0.783,0.266,0.223,0.801,0.215,0.438,0.479,3.837,0.21,0.374,2.707,0.622,0.369,0.034,0.613,0.028,0.644,0.853,0.473,0.056,0.777,0.744,0.043,0.757,0.045,0.724,1.567,0.257,0.446,0.399,0.05,0.029,3.264,0.64,0.152,2.342,2.039,0.45,0.32,0.563,0.404,0.048,0.486
1101,1.067,3.554,0.466,0.178,0.204,0.548,0.489,0.381,1.054,0.057,0.142,0.052,0.771,0.266,0.223,0.801,0.215,0.498,0.479,3.877,0.21,0.362,0.483,0.622,0.309,0.034,0.613,0.028,0.644,0.853,0.464,0.056,0.777,0.657,0.043,0.857,0.045,0.824,1.567,0.257,0.446,0.364,0.05,0.029,3.264,0.605,0.152,2.354,2.039,0.45,0.32,0.563,0.404,0.048,0.486
1102,1.067,3.422,0.566,0.178,0.204,0.366,0.449,0.341,1.054,0.057,0.142,0.218,0.831,0.366,0.223,0.801,0.215,0.498,0.579,3.877,0.21,0.362,0.483,0.517,0.439,0.034,0.613,0.028,0.544,0.853,0.464,0.056,0.697,0.321,0.043,0.857,0.045,0.824,1.567,0.257,0.406,0.56,0.05,0.029,3.264,0.605,0.152,2.354,1.94,0.45,0.32,0.563,0.404,0.048,0.486
1103,1.223,3.422,0.566,0.178,0.244,0.366,0.449,0.341,1.054,0.057,0.142,0.218,0.831,0.266,0.223,0.801,0.215,0.438,0.679,4.021,0.21,0.508,0.864,0.517,0.439,0.034,0.613,0.028,0.484,0.853,0.464,0.056,0.697,0.321,0.043,0.857,0.045,0.824,1.567,0.257,0.336,0.56,0.05,0.029,3.264,0.605,0.152,2.354,2.0,0.375,0.32,0.547,0.373,0.048,0.486
1104,1.183,3.302,0.566,0.178,0.204,0.366,0.549,0.321,0.954,0.057,0.142,0.218,0.831,0.326,0.223,0.901,0.215,0.338,0.835,3.901,0.21,0.508,0.864,0.477,0.439,0.034,0.613,0.028,0.559,0.853,0.464,0.056,0.697,0.321,0.043,0.862,0.045,0.824,1.567,0.257,0.323,0.56,0.05,0.133,3.264,0.605,0.152,2.354,2.0,0.375,0.42,0.547,0.373,0.048,0.486
1105,1.183,3.302,0.566,0.178,0.204,0.366,0.549,0.321,0.963,0.057,0.142,0.218,0.771,0.266,0.223,0.77,0.215,0.398,0.895,3.901,0.21,0.508,0.864,0.437,0.379,0.034,0.613,0.028,0.559,0.853,0.464,0.056,0.697,0.321,0.043,0.822,0.045,0.824,1.627,0.257,0.492,0.56,0.05,0.133,3.264,0.642,0.152,2.354,2.0,0.34,0.42,0.462,0.453,0.048,0.486
1106,1.243,3.302,0.566,0.178,0.204,0.351,0.549,0.321,0.963,0.057,0.142,0.218,0.771,0.326,0.223,0.72,0.175,0.501,0.739,3.901,0.21,0.458,2.918,0.437,0.379,0.034,0.654,0.028,0.559,0.853,0.464,0.056,0.697,0.321,0.043,0.672,0.045,0.824,3.097,0.257,0.492,0.56,0.05,0.133,3.264,0.642,0.045,2.394,2.0,0.34,0.42,0.462,0.453,0.048,0.486
1107,1.183,3.164,0.566,0.278,0.204,0.351,0.692,0.333,1.063,0.057,0.142,0.218,0.723,0.326,0.053,0.68,0.175,0.501,0.739,3.901,0.21,0.458,2.537,0.437,0.379,0.034,0.714,0.028,0.679,0.853,0.464,0.056,0.657,0.333,0.043,0.622,0.045,0.824,3.037,0.257,0.492,0.56,0.05,0.133,0.513,0.642,0.045,2.394,1.798,0.34,0.42,0.462,0.473,0.048,0.367
1108,1.183,3.164,0.566,0.278,0.336,0.351,0.692,0.273,1.063,0.057,0.142,0.218,0.723,0.326,0.053,0.68,0.175,0.501,0.739,3.861,0.21,0.449,2.537,0.437,0.379,0.034,0.714,0.028,0.779,0.853,0.464,0.056,0.657,0.333,0.043,0.782,0.045,2.94,3.037,0.389,0.636,0.56,0.05,0.133,0.513,0.642,0.045,2.394,1.798,0.34,3.332,0.462,0.473,0.048,0.367
1109,1.123,3.164,0.566,0.278,0.32,0.351,0.692,0.115,1.063,0.057,0.142,0.218,0.723,0.326,0.053,0.68,0.175,0.501,0.739,3.861,0.21,0.449,2.537,0.583,0.439,0.034,0.644,0.028,0.779,1.059,0.464,0.056,0.657,0.333,0.043,0.742,0.045,2.94,1.567,0.389,0.636,0.56,0.05,0.133,0.573,0.642,0.045,2.394,1.798,0.415,3.332,0.462,0.533,0.048,0.367
1110,1.243,3.164,0.566,0.278,0.264,0.361,0.692,0.115,0.963,0.057,0.142,0.218,0.783,0.266,0.053,0.68,0.14,0.546,0.639,3.861,0.322,0.449,2.537,0.583,0.474,0.048,0.644,0.028,0.441,1.059,0.316,0.056,0.677,0.333,0.043,0.742,0.045,2.94,1.567,0.389,0.601,0.56,0.05,0.133,0.573,0.642,0.045,2.454,1.858,0.415,3.332,0.43,0.533,0.048,0.367
1111,1.243,3.164,0.566,0.178,0.264,0.361,0.652,0.115,0.982,0.057,0.142,0.218,0.771,0.266,0.053,0.645,0.14,0.441,0.639,3.861,0.322,0.449,2.537,0.583,0.439,0.048,0.644,0.028,0.441,1.059,0.316,0.056,0.637,0.333,0.043,0.742,0.045,2.991,1.567,0.389,0.601,0.56,0.05,0.133,0.513,0.602,0.045,0.471,1.858,0.415,3.332,0.43,0.533,0.548,0.367
1112,1.243,3.164,0.666,0.178,0.264,0.261,0.652,0.127,0.982,0.057,0.082,0.218,0.771,0.266,0.053,0.645,0.24,0.441,0.639,3.981,0.322,0.449,2.517,0.583,0.644,0.048,0.644,0.028,0.441,1.059,0.316,0.056,0.637,0.333,0.043,0.713,0.045,2.991,1.567,0.389,0.541,0.56,0.05,0.133,0.513,0.382,0.045,0.511,1.858,0.415,3.332,0.47,0.413,0.548,0.367
1113,1.243,3.124,0.666,0.178,0.264,0.261,0.652,0.127,0.982,0.057,0.082,0.218,0.771,0.266,0.053,0.645,0.28,0.525,0.893,0.874,0.322,0.449,2.517,0.583,0.439,0.048,0.644,0.028,0.441,1.059,0.429,0.056,0.637,0.454,0.043,0.713,0.045,2.931,1.567,0.389,0.541,0.56,0.05,0.133,0.513,0.382,0.045,0.451,1.798,0.415,3.332,0.483,0.413,0.548,0.367
1114,1.243,3.124,0.606,0.178,0.264,0.261,0.652,0.127,0.982,0.057,0.082,0.218,0.771,0.266,0.053,0.645,0.28,1.523,0.893,0.874,0.222,0.449,2.517,0.583,0.439,0.048,0.644,0.028,0.441,1.059,0.429,0.056,0.637,0.454,0.043,0.773,0.045,2.931,1.567,0.175,0.541,0.56,0.05,0.133,0.513,0.382,0.045,0.511,1.798,0.315,3.332,0.483,0.413,0.548,0.367
1115,1.243,3.124,0.606,0.178,0.264,0.261,0.692,0.127,1.132,0.057,0.082,0.218,0.771,0.326,0.053,0.645,0.28,1.523,0.893,0.814,0.222,0.449,2.517,0.583,0.439,0.548,0.428,0.028,0.441,1.059,0.429,0.056,0.637,0.454,0.043,0.773,0.045,2.931,1.567,0.175,0.541,0.56,0.05,0.133,0.513,0.442,0.233,0.511,1.798,0.419,3.332,0.483,0.413,0.148,0.447
1116,1.183,3.164,0.526,0.178,0.204,0.261,0.692,0.297,0.982,0.057,0.142,0.218,0.771,0.326,0.053,0.645,0.28,1.523,0.893,0.699,0.222,0.449,2.417,0.583,0.439,0.548,0.428,0.028,0.441,1.059,0.489,0.056,0.637,0.454,0.043,0.594,0.045,2.931,1.567,0.175,0.541,0.56,0.05,0.133,0.513,0.442,0.233,0.511,1.798,0.419,3.332,0.483,0.473,0.188,0.447
1117,1.183,3.219,0.526,0.178,0.204,0.261,0.692,0.297,0.982,0.057,0.202,0.218,0.771,0.266,0.053,0.645,0.28,0.746,0.893,0.759,0.222,0.509,2.417,0.583,0.439,0.548,0.428,0.028,0.441,1.059,0.429,0.177,0.637,0.454,0.043,0.594,0.045,2.931,1.567,0.175,0.541,0.56,0.05,0.133,0.513,0.442,0.233,0.511,1.798,0.419,3.332,0.483,0.473,0.188,0.447
1118,1.183,3.179,0.526,0.178,0.204,0.261,0.752,0.297,0.982,0.057,0.202,0.218,0.771,0.118,0.053,0.645,0.28,0.746,0.893,0.759,0.222,0.549,2.598,0.57,0.439,0.548,0.428,0.028,0.22,1.059,0.429,0.177,0.637,0.454,0.043,0.594,0.045,2.931,1.567,0.175,0.481,0.56,0.05,0.133,0.526,0.442,0.233,0.511,1.798,0.419,3.332,0.483,0.6,0.088,0.447
1119,1.183,3.179,0.526,0.178,0.244,0.261,0.752,0.583,0.982,0.057,0.202,0.218,0.642,0.118,0.053,0.645,0.28,0.746,2.949,0.759,0.222,0.549,2.598,0.57,0.439,0.548,0.428,0.028,0.22,1.059,0.529,0.177,0.637,0.394,0.043,0.735,0.045,2.931,1.627,0.175,0.481,0.56,0.05,0.133,0.526,0.442,0.233,0.511,1.798,0.419,3.332,0.483,0.6,0.088,0.447
1120,1.183,3.179,0.526,0.178,0.244,0.261,0.712,0.683,0.982,0.057,0.202,0.218,0.582,0.218,0.053,0.645,0.28,0.746,2.889,0.794,0.222,0.549,2.598,0.57,0.439,0.548,0.428,0.028,0.378,1.059,0.529,0.433,3.258,0.434,0.043,0.735,0.045,2.931,1.627,0.175,0.481,0.454,0.05,0.133,0.526,0.442,0.233,0.471,1.798,0.419,3.332,0.564,0.52,0.148,0.447
1121,1.183,2.884,0.526,0.178,0.244,0.261,0.712,0.743,0.705,0.057,0.202,0.218,0.582,0.318,0.053,0.645,0.28,0.746,2.919,0.794,0.222,0.549,2.598,0.57,0.439,0.048,0.428,0.028,0.378,1.059,0.629,0.433,3.258,0.434,0.043,0.735,0.045,2.931,1.627,0.175,0.481,0.454,0.05,0.133,0.526,0.382,0.233,0.471,1.798,0.419,3.332,0.483,0.52,0.148,0.597
1122,1.223,2.884,0.526,0.178,0.244,0.261,0.712,0.643,0.855,0.057,0.202,0.218,0.582,0.218,0.053,0.605,0.32,0.806,0.641,0.794,0.201,0.578,2.598,1.644,0.474,0.048,0.428,0.028,0.378,1.059,0.579,0.433,3.258,0.399,0.043,0.735,0.045,2.931,1.567,0.175,0.481,0.454,0.05,0.029,0.362,0.382,0.233,0.471,1.798,0.389,3.332,0.483,0.52,0.24,0.597
1123,1.183,2.884,0.526,0.178,0.204,0.201,0.712,0.643,0.915,0.057,0.202,0.218,0.522,0.379,0.053,0.605,0.32,0.706,0.641,0.794,0.201,0.578,2.718,1.644,0.474,0.098,2.691,0.028,0.378,0.893,0.579,0.433,3.318,0.53,0.161,0.775,0.045,2.891,1.767,0.175,0.372,0.454,0.05,0.029,0.362,0.382,0.233,0.471,1.738,0.389,3.332,0.483,0.52,0.24,0.447
1124,1.183,2.916,0.646,0.357,0.204,0.201,0.652,0.643,0.855,0.057,0.202,0.052,0.522,0.379,0.053,0.605,0.32,0.766,0.641,0.794,0.201,0.578,2.718,1.644,0.284,0.098,2.691,0.028,0.443,0.833,0.579,0.433,3.318,0.53,0.161,0.775,0.045,0.775,1.667,0.175,0.352,0.454,0.05,0.029,0.362,0.382,0.233,0.471,1.678,0.385,3.431,0.483,0.52,0.24,0.447
1125,1.027,2.916,0.546,2.906,0.204,0.201,0.652,0.643,1.001,0.057,0.202,0.052,0.522,0.379,0.053,0.545,0.521,0.766,0.641,0.794,0.201,0.587,3.099,0.57,0.284,0.098,2.751,0.028,0.443,0.833,0.579,0.433,3.318,0.53,0.161,0.775,0.045,0.775,0.608,0.175,0.402,0.454,0.05,0.029,0.362,0.382,0.233,0.471,1.728,0.385,3.431,0.483,0.52,0.24,0.447
1126,1.027,2.916,0.546,2.906,0.316,0.201,0.652,0.643,0.884,0.057,0.142,0.052,0.531,0.379,0.053,0.545,0.521,0.766,0.502,0.794,0.201,0.587,3.039,0.52,0.249,0.098,2.751,0.028,0.503,0.833,0.579,0.433,3.318,0.53,0.161,0.825,0.045,0.921,0.608,0.043,0.402,0.454,0.05,0.029,0.362,0.391,0.233,0.471,0.462,0.31,3.491,0.483,0.52,0.24,0.447
1127,0.527,2.956,0.546,4.897,0.342,0.201,0.652,0.643,0.944,0.057,0.142,0.052,0.531,0.501,0.053,0.495,0.521,0.766,0.502,0.794,0.201,0.587,3.039,0.52,0.249,0.098,2.791,0.028,0.603,0.833,0.452,0.433,3.318,0.53,0.161,0.825,0.045,0.991,0.508,0.043,0.402,0.454,0.05,0.029,0.362,0.391,0.233,0.471,0.462,0.31,3.491,0.483,0.52,0.24,0.447
1128,0.627,0.453,0.546,4.897,0.342,0.172,0.652,0.643,0.944,0.057,0.142,0.305,0.531,0.536,0.053,0.515,0.521,0.766,0.502,0.794,0.201,0.622,3.039,0.52,0.249,0.098,2.791,0.028,0.377,0.833,0.512,0.433,3.318,1.576,0.161,0.946,0.045,0.991,0.508,0.043,0.258,0.494,0.05,0.029,0.362,0.391,0.233,0.471,0.462,0.31,0.579,0.483,0.499,0.24,0.357
1129,0.627,0.453,0.546,4.897,0.342,0.172,0.498,0.643,1.166,0.057,0.129,0.305,0.531,0.536,0.053,0.515,0.521,0.766,0.442,0.794,0.241,0.613,2.658,0.52,0.249,0.098,2.791,0.028,0.377,0.833,0.412,0.433,3.318,1.576,0.161,0.756,0.045,0.991,0.508,0.043,0.298,0.494,0.05,0.029,0.362,0.391,0.233,0.471,0.462,0.464,0.639,0.483,0.499,0.24,0.357
1130,0.667,0.413,0.558,4.957,0.342,0.172,0.498,2.346,1.02,0.057,0.069,0.305,0.531,0.536,0.053,0.387,0.521,0.27,0.442,0.794,0.241,0.613,2.638,0.52,0.301,0.098,2.81,0.028,0.377,0.833,0.377,0.433,3.263,1.576,0.161,0.756,0.09,1.003,0.508,0.043,0.298,0.514,0.05,0.029,0.422,0.343,0.233,0.471,0.462,0.464,0.639,0.483,0.499,0.24,0.377
1131,0.667,0.453,0.546,4.957,0.542,0.172,0.498,2.346,1.02,0.057,0.069,0.305,0.531,0.536,0.053,0.387,0.561,0.27,0.402,0.794,0.201,0.653,2.638,0.52,0.301,0.098,2.81,0.028,0.437,0.833,0.377,0.433,3.263,0.713,0.161,0.756,0.09,1.003,0.468,0.043,0.298,0.514,0.05,0.029,0.422,0.343,0.233,0.471,0.462,0.464,0.639,0.483,0.499,0.24,0.377
1132,0.667,0.513,0.696,4.957,0.542,0.172,0.498,2.346,1.02,0.057,0.069,0.305,0.531,0.501,0.053,0.387,0.561,0.27,0.402,0.794,0.201,0.653,2.638,0.52,0.301,0.217,2.81,0.028,0.477,0.853,0.377,0.433,3.303,0.653,0.161,0.756,0.09,1.003,0.408,0.043,0.298,0.514,0.05,0.029,0.422,0.343,0.233,0.471,0.462,0.464,0.639,0.483,0.499,0.252,0.437
1133,0.545,0.513,0.796,5.18,0.542,0.172,0.498,0.523,1.02,0.057,0.069,0.305,0.531,0.501,0.053,0.387,2.545,0.27,0.25,0.794,0.201,0.653,0.624,0.52,0.421,0.217,2.81,0.028,0.465,0.813,0.277,0.433,5.01,0.653,0.161,0.796,0.09,1.003,0.408,0.043,0.298,0.514,0.05,0.228,0.422,0.343,0.233,0.46,0.462,0.36,0.639,0.483,0.499,0.252,0.437
1134,0.545,0.453,0.796,5.18,0.554,0.172,0.498,0.523,1.077,0.057,0.069,0.305,0.531,0.501,0.053,0.387,2.545,0.27,0.35,1.011,0.201,0.653,0.624,0.52,0.381,0.217,2.81,0.028,0.465,0.813,0.277,0.433,5.01,0.653,0.161,0.796,0.09,1.103,0.408,0.043,0.282,0.514,0.05,0.228,0.362,0.343,0.233,0.46,0.462,0.36,0.639,0.483,0.499,0.252,0.449
1135,0.661,0.453,0.796,5.18,0.542,0.172,0.498,0.523,1.077,0.057,0.077,0.305,0.471,0.501,0.053,0.422,2.545,0.27,0.35,1.011,0.201,0.653,0.684,0.52,0.321,0.217,2.91,0.028,0.465,0.773,0.277,0.312,4.869,0.653,0.161,0.796,0.09,1.103,0.408,0.043,0.282,0.514,0.05,0.228,0.362,0.343,0.233,0.46,0.462,0.36,0.699,0.66,0.559,0.252,0.449
1136,0.721,0.493,0.796,5.18,0.487,0.172,0.638,0.523,1.137,0.057,0.077,0.305,0.411,0.501,0.053,0.422,0.561,0.27,0.25,1.011,0.201,0.85,0.684,0.52,0.321,0.257,2.91,0.028,0.465,0.773,0.312,0.352,3.142,0.653,0.161,0.796,0.09,3.123,0.408,0.043,0.282,0.514,0.05,0.228,0.362,0.343,0.233,0.568,0.402,0.36,0.699,0.62,0.559,0.252,0.469
1137,0.721,0.493,0.606,5.18,0.602,0.172,0.498,0.623,1.197,0.057,0.077,0.305,0.423,0.501,0.053,0.422,0.549,0.27,0.25,1.977,0.201,0.85,0.684,0.52,0.321,0.357,2.869,0.028,0.525,0.773,0.312,0.352,3.142,0.653,0.161,0.796,0.09,3.143,0.434,0.043,0.232,0.514,0.05,0.228,0.362,0.343,0.045,0.568,0.402,0.36,0.699,0.62,0.559,0.252,0.449
1138,0.721,0.493,0.606,5.18,0.602,0.172,0.498,0.683,1.197,0.057,0.077,0.305,0.423,0.571,0.053,0.422,0.584,0.27,0.25,1.977,0.201,0.85,0.684,0.526,0.321,0.457,2.869,0.028,0.525,0.773,0.312,0.352,3.142,0.653,0.161,0.796,0.09,3.203,0.434,0.043,0.232,0.514,0.05,0.228,0.362,0.536,0.045,0.568,0.402,0.36,0.699,0.736,0.559,0.192,0.429
1139,0.721,0.493,0.606,4.997,0.602,0.184,0.498,0.703,1.197,0.057,0.077,0.305,0.423,0.511,0.053,0.539,0.549,0.049,0.25,1.917,0.201,0.85,0.684,0.526,0.261,0.457,2.869,0.028,0.525,0.773,0.312,0.352,3.142,0.653,0.161,0.655,0.09,1.183,0.434,0.043,0.583,0.614,0.05,0.228,0.312,0.536,0.045,0.568,0.402,0.36,0.699,0.736,0.559,0.363,0.429
1140,0.721,0.642,0.606,4.897,0.45,0.184,0.498,0.703,1.283,0.202,0.077,0.305,0.423,0.571,0.053,0.539,0.549,0.049,0.25,0.951,0.201,0.875,0.463,0.561,0.29,0.457,0.155,0.028,0.525,3.044,0.312,0.056,3.542,0.359,0.161,0.655,0.09,1.043,0.474,0.043,0.653,0.654,0.05,0.228,0.312,0.536,0.045,0.568,0.402,0.36,0.849,0.736,0.509,0.219,0.429
1141,0.721,0.642,0.606,5.015,0.45,0.184,0.498,0.517,1.264,0.202,0.216,0.305,0.423,0.571,0.053,0.599,0.549,0.049,0.25,0.915,0.201,0.875,0.463,0.561,0.29,0.457,0.155,0.028,0.485,3.044,0.312,0.056,3.542,0.228,0.043,0.655,0.09,1.001,0.474,0.043,0.653,0.614,0.05,0.228,0.312,0.536,0.045,0.568,0.402,0.36,0.849,0.62,0.695,0.219,0.429
1142,0.721,0.642,0.606,5.015,0.39,0.184,0.498,0.497,1.204,0.314,0.276,0.142,0.535,0.511,0.053,0.564,0.549,0.049,0.25,0.915,0.201,0.815,0.463,0.561,0.29,0.457,0.155,0.028,0.425,3.044,0.312,0.056,3.542,0.228,0.043,0.655,0.09,1.001,0.474,0.043,0.653,2.67,0.05,0.228,0.372,0.536,0.045,0.579,0.402,0.36,0.75,0.62,0.695,0.219,0.429
1143,0.661,0.739,0.481,2.924,0.39,0.184,0.498,0.497,1.304,0.314,0.506,0.142,0.535,0.35,0.053,0.564,0.549,0.049,0.29,0.97,0.201,0.815,0.463,0.561,0.325,0.457,0.155,0.028,0.425,0.738,0.362,0.056,3.582,0.228,0.043,0.655,0.09,1.001,0.474,0.043,0.302,2.67,0.05,0.228,0.372,0.536,0.045,0.579,0.402,0.36,0.589,0.471,0.695,0.219,0.369
1144,0.661,0.739,0.606,2.924,0.39,0.184,0.498,0.497,1.244,0.314,0.54,0.142,0.535,0.35,0.053,0.564,0.549,0.049,0.29,0.97,0.216,0.815,0.463,0.561,0.325,0.457,0.155,0.028,0.425,0.738,0.362,0.056,3.182,0.228,0.043,0.655,0.09,1.177,0.474,0.043,0.302,2.737,0.05,0.228,0.432,0.536,0.045,0.579,0.402,0.36,0.589,0.471,0.695,0.219,0.369
1145,0.661,0.739,0.606,2.924,0.19,0.184,0.498,0.437,1.244,0.314,0.54,0.142,0.535,0.228,0.053,0.564,0.509,0.21,0.29,0.97,0.216,0.804,0.463,0.561,0.325,0.457,0.155,0.028,0.425,0.778,0.362,0.056,3.182,0.228,0.043,0.655,0.09,1.177,0.474,0.043,0.302,0.681,0.05,0.228,0.432,0.536,0.045,0.579,0.502,0.36,0.589,0.471,0.695,0.219,0.369
1146,0.661,0.739,0.606,2.735,0.19,0.572,0.498,0.437,1.244,0.314,0.54,0.196,0.535,0.228,0.053,0.564,0.509,0.21,0.29,0.97,0.301,0.804,0.463,0.535,0.325,0.457,0.155,0.028,0.485,0.738,0.362,0.056,3.142,0.228,0.043,0.655,0.161,1.031,0.474,0.043,0.302,0.681,0.05,0.228,0.432,0.576,0.045,0.579,0.442,0.36,0.589,0.471,0.695,0.219,0.369
1147,0.621,0.739,0.606,2.735,0.19,0.572,0.498,0.437,1.344,0.302,0.54,0.196,0.535,0.228,0.053,2.589,0.308,0.21,0.29,0.97,0.313,0.804,0.403,0.535,0.325,0.457,0.155,0.028,0.425,0.638,0.362,0.056,3.197,0.228,0.043,0.655,0.161,1.031,0.474,0.043,0.302,0.681,0.05,0.228,0.312,0.567,0.045,0.579,0.442,0.36,0.589,0.451,0.716,0.219,0.429
1148,0.621,0.739,0.618,2.744,0.19,0.572,0.498,0.437,1.344,0.302,0.54,0.196,0.535,0.228,0.053,2.529,0.308,0.21,0.29,0.994,0.313,0.804,0.403,0.535,0.425,0.457,0.051,0.028,0.425,0.638,0.362,0.056,3.237,0.228,0.043,0.655,0.161,1.031,0.534,0.043,0.412,2.891,0.05,0.228,0.312,0.567,0.045,0.579,0.442,0.36,0.589,0.451,0.716,0.219,0.429
1149,0.531,0.739,0.758,2.744,0.19,0.572,0.498,0.437,1.344,0.302,0.54,0.196,0.475,0.288,0.053,2.529,0.308,0.21,0.25,0.994,0.313,0.804,0.784,0.535,0.325,0.457,0.051,0.028,0.425,0.638,0.347,0.056,3.237,0.228,0.216,0.544,0.161,1.04,0.474,0.043,0.412,2.951,0.05,0.228,0.312,0.554,0.045,0.579,0.462,0.171,0.589,0.451,0.716,0.219,0.369
1150,0.531,0.739,0.758,2.744,0.19,0.224,0.498,0.377,1.344,0.439,0.54,0.196,0.475,0.299,0.053,0.492,0.308,0.21,0.25,0.974,0.313,0.764,0.784,0.535,0.325,0.599,0.051,0.028,0.365,0.638,0.347,0.056,3.237,0.228,0.216,0.484,0.161,1.1,0.474,0.043,0.412,2.951,0.05,0.228,0.312,0.554,0.045,0.579,0.462,0.171,0.589,0.411,0.716,0.311,0.586
1151,0.531,0.779,0.758,2.744,0.19,0.184,0.498,0.377,1.122,0.479,0.54,0.196,0.475,0.299,0.053,0.492,0.308,0.21,0.21,0.974,0.301,0.764,0.784,0.535,0.325,0.599,0.051,0.028,0.365,0.513,0.347,0.056,3.237,0.228,0.216,0.484,0.161,1.04,0.474,0.043,0.412,5.067,0.24,0.228,0.332,0.554,0.045,0.639,0.462,0.171,0.589,0.411,0.676,0.311,0.586
1152,0.531,0.779,0.758,0.378,0.09,0.184,0.498,0.377,1.122,0.524,0.54,0.196,0.475,0.299,0.053,0.492,0.308,0.21,0.21,0.974,0.301,0.764,0.784,0.535,0.325,0.599,0.051,0.028,0.365,0.513,0.347,0.056,3.237,0.228,0.216,0.484,0.161,1.04,0.474,0.043,0.448,5.047,0.24,0.228,0.332,0.361,0.045,0.639,0.462,0.171,0.589,0.411,0.676,0.311,0.71
1153,0.455,0.779,0.823,0.378,0.09,0.184,0.498,0.377,1.122,0.524,0.54,0.196,0.475,0.299,0.053,0.492,0.348,0.21,0.21,0.974,0.301,0.764,0.403,0.585,0.325,0.599,0.051,0.028,0.365,0.513,0.347,0.056,3.237,0.045,0.216,0.424,0.161,0.98,0.474,0.043,0.398,5.047,0.24,0.228,0.332,0.361,0.045,0.579,0.448,0.171,0.589,0.411,0.616,0.311,0.71
1154,0.455,0.63,0.823,0.478,0.19,0.416,0.498,0.437,1.122,0.524,0.54,0.196,0.446,0.526,0.053,0.679,0.348,0.21,0.21,0.959,0.301,0.764,0.403,0.585,0.325,0.599,0.051,0.028,0.425,0.513,0.297,0.056,3.182,0.045,0.216,0.424,0.161,0.98,0.474,0.043,0.527,3.051,0.24,0.228,0.332,0.301,0.045,0.471,0.448,0.171,0.589,0.571,0.656,0.386,0.71
1155,0.455,0.63,0.723,0.488,0.19,0.416,0.498,0.437,1.122,0.524,0.414,0.196,0.446,0.526,0.053,0.679,0.348,0.21,0.21,0.959,0.301,0.773,0.403,0.585,0.325,2.286,0.051,0.028,0.425,0.513,0.297,0.056,3.182,0.045,0.216,0.384,0.161,0.89,0.474,0.043,0.527,3.051,0.24,0.029,0.332,0.301,0.045,0.471,0.408,0.171,0.589,0.571,0.636,2.569,0.71
1156,2.769,0.63,0.723,0.488,0.19,0.416,0.498,0.497,1.122,0.558,0.414,0.196,0.446,0.526,0.053,0.83,0.348,0.21,0.21,0.682,0.301,0.773,0.403,0.932,0.325,2.286,0.051,0.028,0.485,0.513,0.297,0.056,3.323,0.045,0.216,0.384,0.161,0.89,0.474,0.043,0.527,3.051,0.24,0.029,0.332,0.301,0.152,0.471,0.468,0.206,0.589,0.571,0.636,2.569,0.574
1157,2.769,0.63,0.723,0.488,0.19,0.416,0.498,0.805,1.122,0.558,0.414,0.196,0.446,0.526,0.053,0.748,0.348,0.21,0.21,0.742,0.301,0.773,0.403,0.932,0.325,2.286,0.051,0.028,0.348,0.513,0.297,0.056,3.323,0.045,0.216,0.384,0.161,0.902,0.474,0.043,0.527,3.277,0.24,0.029,0.332,0.289,0.152,0.471,0.408,0.206,0.589,0.394,0.636,2.569,0.574
1158,2.709,0.63,0.723,0.479,0.201,0.356,0.498,0.805,1.122,0.618,0.414,0.196,0.446,0.526,0.053,0.713,0.308,0.21,0.21,0.642,0.301,0.576,0.403,0.912,0.325,0.499,0.051,0.028,0.348,0.505,0.261,0.056,3.323,0.045,0.216,0.384,0.161,0.812,0.574,0.043,0.507,3.277,0.24,0.029,0.344,0.289,0.152,0.471,0.408,0.206,0.589,0.434,0.636,0.386,0.664
1159,0.495,0.63,0.658,0.361,0.201,0.316,0.498,0.655,1.022,0.618,0.414,0.196,0.446,0.466,0.053,0.713,0.308,0.21,0.21,0.642,1.345,0.576,0.403,1.293,0.385,2.186,0.051,0.028,0.348,0.505,0.261,0.056,3.323,0.045,0.216,0.384,0.161,0.812,0.574,0.043,0.507,3.337,0.24,0.029,0.344,0.349,0.152,0.471,0.408,0.206,0.589,0.394,0.656,0.386,0.664
1160,1.507,0.63,0.658,0.048,0.201,0.316,0.558,0.655,1.022,0.506,0.6,0.196,0.946,0.466,0.053,0.713,0.308,0.21,0.21,0.633,1.345,0.516,0.403,1.293,0.385,2.146,0.051,0.028,0.348,0.505,0.361,0.056,3.323,0.045,3.226,0.284,0.161,0.852,0.574,0.043,0.507,3.337,0.24,0.029,0.344,0.509,0.152,0.471,0.61,0.206,0.589,0.475,0.656,0.386,0.664
1161,1.467,0.533,0.658,0.048,0.201,0.316,0.525,0.655,1.022,0.506,0.461,0.196,0.946,0.466,0.053,0.713,0.348,0.21,0.21,0.47,1.552,0.516,0.403,1.293,0.385,2.146,0.051,0.028,0.448,0.505,0.361,0.056,3.323,0.045,3.226,0.284,0.161,0.852,0.574,0.043,0.547,3.337,0.24,0.029,0.344,0.509,0.152,0.459,0.61,0.171,0.589,0.475,0.656,0.215,0.664
1162,1.467,0.533,0.658,0.048,0.201,0.316,0.525,0.655,1.022,0.506,0.461,0.196,0.946,0.466,0.223,0.813,0.348,0.21,0.21,0.47,0.508,0.516,0.403,1.293,0.385,0.459,0.051,0.028,0.448,0.532,0.361,0.056,3.283,0.045,3.191,0.344,0.161,0.852,0.574,0.043,0.607,3.125,0.24,0.029,0.344,0.509,0.152,0.459,0.61,0.171,0.589,0.475,0.656,0.215,0.664
1163,0.377,0.533,0.658,0.048,0.201,0.316,0.642,0.715,1.022,0.506,0.461,0.196,0.946,0.466,0.223,0.686,0.348,0.21,0.21,0.53,0.508,0.507,0.403,0.912,0.385,0.459,0.051,0.028,0.448,0.532,0.361,0.056,4.99,0.045,3.191,0.344,0.161,0.852,0.574,0.043,0.607,3.125,0.24,0.029,0.284,0.609,0.152,0.459,0.55,0.171,0.589,0.475,0.47,0.275,0.664
1164,0.377,0.533,0.658,0.048,0.201,0.316,0.662,0.715,1.142,0.506,0.461,0.196,0.946,0.386,0.223,0.746,0.348,0.21,0.21,0.53,0.508,0.447,0.403,0.977,0.385,0.528,0.051,0.028,0.448,0.532,0.396,0.056,4.99,0.045,3.191,0.344,0.161,0.892,0.705,0.043,0.729,0.695,0.24,0.029,0.284,0.609,0.152,0.459,0.55,0.171,0.589,0.435,0.47,0.275,0.664
1165,0.305,0.533,0.658,0.048,0.201,0.396,0.485,0.715,1.082,0.506,0.461,0.196,0.946,0.286,0.223,0.746,0.348,0.049,0.25,0.53,0.423,0.447,0.403,0.977,0.36,0.528,0.051,0.028,0.669,0.512,0.396,0.236,4.99,0.045,0.216,0.344,0.176,0.892,0.705,0.043,0.838,0.695,0.24,0.029,0.284,0.509,0.152,0.459,0.55,0.171,0.589,0.435,0.53,0.284,0.664
1166,0.305,0.573,0.658,0.048,0.261,0.396,0.505,0.715,1.082,0.515,0.461,0.052,1.075,0.286,0.223,0.746,0.36,0.049,0.25,0.53,0.463,0.447,0.403,0.977,0.36,0.845,0.267,0.028,0.609,0.512,0.421,0.236,3.283,0.045,3.191,0.344,0.131,0.716,0.705,0.043,0.778,0.695,0.24,0.029,0.324,0.509,0.152,0.459,0.55,0.171,0.589,0.435,0.53,0.284,0.724
1167,0.305,0.533,0.658,0.048,0.261,0.396,0.505,0.715,1.022,0.515,0.401,0.052,1.075,0.286,0.223,0.686,0.26,0.049,0.25,0.59,0.463,0.447,0.403,0.977,0.36,0.845,0.267,0.028,0.684,0.512,0.421,0.236,3.283,0.045,3.191,0.344,1.387,0.716,0.605,0.043,0.858,0.695,0.24,0.029,0.324,0.509,0.152,0.459,0.51,0.171,0.589,0.435,0.53,0.284,0.718
1168,0.305,0.473,0.658,0.048,0.261,0.296,0.465,0.819,1.082,0.506,0.401,0.052,1.075,0.386,0.223,0.686,0.248,0.049,0.25,0.59,0.463,0.487,0.403,0.977,0.36,0.845,0.267,0.028,0.684,0.512,0.421,0.236,3.183,0.045,3.291,0.404,1.387,0.716,0.605,0.043,0.798,0.695,0.24,0.029,0.324,0.598,0.152,0.459,0.45,0.246,0.621,0.275,0.53,0.784,0.718
1169,0.305,0.533,0.758,0.048,0.261,0.296,0.465,0.819,1.082,0.566,0.401,0.052,1.075,0.446,0.223,0.686,0.248,0.049,0.25,0.64,0.463,0.487,0.403,0.937,0.43,0.845,0.267,0.028,0.684,0.512,0.421,0.236,3.183,0.045,3.191,0.404,1.387,0.992,0.605,0.043,0.798,0.695,0.24,0.029,0.384,0.658,0.152,0.459,0.45,0.246,0.621,0.275,0.53,2.943,0.718
1170,0.305,0.533,0.758,0.048,0.306,0.284,0.465,0.819,1.082,0.566,0.401,0.052,1.075,0.446,0.223,0.686,0.248,0.049,0.25,0.675,0.423,0.447,0.403,0.725,0.05,0.514,0.267,0.028,0.684,0.512,0.421,0.236,3.183,0.045,3.191,0.454,1.387,0.992,0.665,0.043,0.798,0.16,0.24,0.029,0.372,0.618,0.152,0.459,0.45,2.052,0.621,0.275,0.53,2.859,0.837
1171,0.305,0.533,0.758,0.048,0.306,0.284,0.465,0.819,1.082,0.566,0.401,0.052,1.075,0.446,0.223,0.686,0.248,0.049,0.25,3.035,0.423,0.487,0.403,0.725,0.05,0.514,0.267,0.028,0.819,0.512,0.421,0.236,3.123,0.045,3.018,0.454,1.387,0.992,0.725,0.043,0.862,0.16,0.24,0.029,0.372,0.618,0.152,0.459,0.45,2.052,0.325,0.275,0.55,2.859,0.587
1172,0.305,0.533,0.758,0.048,0.306,0.284,0.465,0.819,1.082,0.506,0.414,0.052,1.075,0.446,0.223,0.686,0.248,0.049,0.25,2.975,0.423,0.487,0.403,0.69,0.05,0.372,0.267,0.028,0.784,0.512,0.421,0.413,3.123,0.045,3.018,0.454,1.427,0.992,0.725,0.043,0.871,0.16,0.24,0.029,0.372,0.618,0.152,0.459,0.45,2.017,0.325,0.275,0.51,2.859,0.382
1173,0.305,0.593,0.758,0.048,0.306,0.284,0.465,0.83,1.182,0.506,0.414,0.052,1.075,0.446,0.223,0.686,0.248,0.049,0.25,3.015,0.391,0.547,0.303,0.69,0.294,0.372,0.267,0.028,0.784,0.512,0.421,0.413,3.223,0.045,3.018,0.454,1.427,0.716,0.665,0.043,0.871,0.16,0.05,0.029,0.372,0.909,0.152,0.459,0.45,0.246,0.425,0.262,0.51,2.859,0.382
1174,0.305,0.593,0.758,0.048,0.306,0.284,0.465,0.83,1.122,0.466,0.414,0.052,1.075,0.446,0.223,0.686,0.248,0.049,0.25,0.799,0.391,0.547,0.303,0.575,0.294,0.372,0.267,0.028,0.784,0.512,0.421,0.413,3.348,0.045,3.018,0.454,1.427,0.716,0.665,0.043,0.871,0.16,0.05,0.029,0.536,0.909,0.045,0.636,0.45,0.246,0.465,0.262,0.51,2.859,0.402
1175,0.305,0.593,0.758,0.048,0.306,0.284,0.525,0.83,1.122,0.466,0.394,0.052,0.946,0.446,0.223,0.686,0.248,0.049,0.25,0.799,0.423,0.547,0.303,0.575,0.294,0.372,0.267,0.028,0.784,0.587,0.521,0.413,3.348,0.045,3.018,0.394,1.427,0.716,0.665,0.043,0.862,0.054,0.05,0.029,3.287,0.909,0.045,0.636,0.549,0.206,0.485,0.262,0.51,2.959,0.402
1176,0.345,0.593,0.758,0.048,0.306,0.052,0.525,0.77,0.972,0.466,0.394,0.052,0.446,0.446,0.223,0.555,0.348,0.049,0.25,0.799,0.523,0.507,0.363,0.575,0.294,0.372,0.267,0.028,0.844,0.587,0.521,0.413,3.403,0.045,3.018,0.494,1.427,0.736,0.665,0.043,0.673,0.054,0.05,0.029,3.287,0.909,0.045,0.459,0.549,0.206,0.485,0.262,0.51,2.959,0.402
1177,0.345,0.653,0.818,0.048,0.306,0.052,0.525,0.612,0.972,0.466,0.394,0.052,0.446,0.446,0.223,0.505,0.288,0.049,0.25,0.759,0.523,0.507,0.363,0.575,0.484,0.372,0.267,0.028,0.844,0.627,0.521,0.413,3.403,0.045,3.018,0.613,1.427,0.736,0.725,0.043,0.8,0.054,0.05,0.029,3.287,0.618,0.045,0.479,0.549,0.206,0.485,0.262,0.45,2.899,0.402
1178,0.345,0.713,0.818,0.048,0.306,0.052,0.525,0.612,1.118,0.466,0.394,0.052,0.446,0.446,0.223,0.455,0.288,0.049,0.25,0.819,0.523,0.518,0.303,0.575,0.484,0.372,0.267,0.028,0.95,0.627,0.461,0.413,3.403,0.045,3.018,0.613,1.427,0.736,0.725,0.043,0.8,0.054,0.05,0.029,3.274,0.681,0.045,0.479,0.549,0.206,0.445,0.262,0.323,2.899,0.402
1179,0.345,0.713,1.132,0.048,0.306,0.052,0.525,0.612,1.118,0.466,0.394,0.052,0.446,0.446,0.223,0.515,0.248,0.049,0.25,0.759,0.523,0.518,0.411,0.575,0.484,0.312,0.267,0.028,0.95,0.627,0.496,0.413,3.403,0.045,3.018,0.613,1.427,0.736,0.725,0.043,0.8,0.054,0.05,0.029,3.274,0.681,0.045,0.479,0.549,0.206,0.445,0.262,0.323,2.899,0.402
1180,0.345,0.653,1.132,0.048,0.206,0.052,0.525,0.552,1.118,0.466,0.434,0.052,0.446,0.446,0.223,0.515,0.248,0.049,0.402,0.759,0.523,0.518,0.511,0.575,0.484,0.312,0.267,0.028,1.01,0.587,0.496,0.413,0.782,0.045,3.118,0.713,1.387,0.736,0.725,0.043,0.8,0.054,0.05,0.029,3.274,0.681,0.045,0.479,0.549,0.356,0.445,0.262,0.323,2.899,0.576
1181,0.345,0.653,1.072,0.048,0.206,0.052,0.525,0.552,1.118,0.466,0.434,0.052,0.446,0.446,0.223,0.515,0.298,0.049,0.402,0.62,0.523,0.518,0.511,0.575,0.484,0.628,0.267,0.028,0.91,0.587,0.496,0.413,0.782,0.045,3.118,0.713,1.427,0.736,0.725,0.043,0.78,0.054,0.05,0.029,3.274,0.681,0.045,0.479,0.549,0.356,0.445,0.262,0.358,2.799,0.576
1182,0.345,0.653,1.09,0.048,0.206,0.052,0.525,0.552,0.912,0.466,0.494,0.052,0.346,0.386,0.223,0.515,0.298,0.049,0.417,0.62,0.623,0.458,0.511,0.525,0.484,0.628,0.267,0.028,0.91,0.587,0.496,0.413,0.782,0.045,3.118,0.494,1.427,0.736,0.725,0.043,0.78,0.054,0.05,0.029,3.214,0.521,0.045,0.479,0.407,0.356,0.445,0.262,0.358,2.799,0.676
1183,0.345,0.593,0.776,0.048,0.206,0.052,0.525,0.552,0.912,0.466,0.494,0.052,0.358,0.386,0.223,0.515,0.238,0.049,0.417,0.635,0.428,0.458,0.511,0.525,0.484,0.628,0.267,0.028,0.91,0.468,0.496,0.413,0.682,0.045,3.178,0.494,1.356,0.736,0.725,0.043,0.691,0.054,0.05,0.029,3.226,0.669,0.045,0.479,0.407,0.356,0.445,0.262,0.358,2.799,0.676
1184,0.345,0.553,0.716,0.048,0.206,0.052,0.525,0.552,0.912,0.466,0.454,0.052,0.358,0.508,0.053,0.515,0.238,0.049,0.315,0.615,0.428,0.458,0.511,0.585,0.484,0.628,0.267,0.028,0.91,0.468,0.496,0.413,0.682,0.045,3.178,0.494,1.316,0.736,0.665,0.043,0.691,0.054,0.05,0.029,3.226,0.669,0.045,0.539,0.407,0.356,0.445,0.262,0.278,2.799,0.576
1185,0.345,0.553,0.471,0.048,0.206,0.052,0.525,0.6,0.852,0.466,0.454,0.218,0.36,0.508,0.053,0.455,0.238,0.049,0.355,0.515,0.428,0.458,0.411,0.585,0.484,0.628,0.267,0.028,2.563,0.468,0.496,0.233,0.682,0.045,3.218,0.494,1.356,0.736,0.725,0.043,0.691,0.054,0.05,0.029,3.226,0.616,0.045,0.539,0.407,0.356,0.445,0.262,0.278,2.799,0.576
1186,0.501,0.553,0.451,0.048,0.206,0.052,0.525,0.6,0.864,0.466,0.454,0.218,0.36,0.508,0.053,0.455,0.238,0.049,0.355,0.623,0.428,0.458,0.411,0.585,0.484,0.628,0.267,0.028,2.663,0.468,0.296,0.233,0.682,0.045,0.243,0.529,1.376,0.736,0.725,0.043,0.691,0.054,0.05,0.029,3.226,0.492,0.045,0.539,0.407,0.356,0.445,0.262,0.238,2.799,0.576
1187,0.501,0.553,0.451,0.048,0.306,0.052,0.525,0.6,0.883,0.466,0.454,0.218,0.36,0.508,0.053,0.355,0.138,0.049,0.385,0.515,0.428,0.458,0.411,0.585,0.484,0.628,0.267,0.028,2.342,0.468,0.236,0.233,0.682,0.045,0.243,0.494,1.336,0.736,0.85,0.043,0.591,0.054,0.05,0.029,3.226,0.452,0.045,0.716,0.407,0.356,0.445,0.262,0.238,2.799,0.576
1188,0.501,0.553,0.451,0.048,0.306,0.052,0.525,0.77,0.883,0.466,0.454,0.218,0.36,0.508,0.053,0.355,0.138,0.049,0.485,0.575,0.428,0.458,0.411,0.585,0.484,0.628,0.051,0.028,0.689,0.468,0.236,0.233,0.682,0.045,0.243,0.554,1.336,0.736,0.85,0.043,0.591,0.054,0.05,0.029,3.226,0.452,0.045,0.716,0.407,0.356,0.445,0.262,0.238,2.799,0.457
1189,0.677,0.553,0.451,0.048,0.306,0.052,0.465,0.77,0.883,0.466,0.454,0.218,0.36,0.508,0.053,0.355,0.138,0.049,0.345,0.575,0.428,0.458,0.571,0.545,0.484,0.628,0.051,0.028,0.689,0.468,0.245,0.233,0.682,0.045,0.278,0.494,1.336,0.736,0.79,0.257,0.591,0.054,0.05,0.029,3.226,0.452,0.045,0.539,0.407,0.356,0.544,0.262,0.238,2.799,0.457
1190,0.677,0.553,0.451,0.048,0.306,0.052,0.465,0.71,0.883,0.466,0.454,0.218,0.36,0.408,0.053,0.355,0.138,0.049,0.405,0.575,2.372,0.458,0.571,3.893,0.484,0.628,0.051,0.028,0.689,0.053,0.245,0.233,0.682,0.045,0.278,0.513,1.336,0.736,0.79,0.257,0.591,0.054,0.05,0.029,3.226,0.452,0.045,0.539,0.407,0.206,0.544,0.262,0.238,3.299,0.457
1191,0.677,0.553,0.451,0.048,0.306,0.052,0.465,0.65,0.983,0.466,0.454,0.218,0.372,0.408,0.053,0.355,0.138,0.049,0.465,0.575,2.372,0.458,0.411,3.893,0.381,0.628,0.051,0.028,0.68,0.053,0.245,0.354,0.656,0.045,0.278,0.513,1.336,0.603,0.85,0.257,0.447,0.054,0.05,0.029,3.186,0.452,0.045,0.491,0.407,0.206,0.544,0.262,0.238,3.299,0.457
1192,0.677,0.553,0.411,0.048,0.306,0.052,0.465,0.65,0.983,0.421,0.514,0.218,0.372,0.408,0.053,0.415,0.138,0.049,0.465,0.575,2.372,0.458,0.411,3.893,0.381,0.628,0.051,0.028,0.58,0.053,0.245,0.354,0.656,0.045,0.443,0.403,1.356,2.719,0.85,0.257,0.447,0.054,0.05,0.029,3.186,0.452,0.045,0.491,0.407,0.206,0.544,0.278,0.238,3.299,0.227
1193,0.677,0.553,0.411,0.048,0.306,0.052,0.465,0.65,0.883,0.421,0.514,0.218,0.36,0.408,0.053,0.415,0.198,0.049,0.465,0.575,0.468,0.458,0.411,3.893,0.24,0.628,0.051,0.028,0.52,0.053,0.245,0.354,0.656,0.045,0.478,0.403,1.475,2.769,0.85,0.257,0.447,0.054,0.05,0.029,3.186,0.452,0.045,0.479,0.308,0.206,0.544,0.338,0.298,3.299,0.227
1194,0.677,0.553,0.411,0.048,0.306,0.052,0.425,0.65,0.883,0.421,0.514,0.218,0.36,0.408,0.053,0.355,0.198,0.049,0.465,0.575,0.468,0.458,0.451,3.893,0.24,0.628,0.051,0.028,0.48,0.053,0.245,0.177,0.86,0.045,0.478,0.403,1.475,2.769,0.91,0.257,0.447,0.054,0.05,0.029,3.186,0.452,0.045,0.479,0.308,0.171,0.544,0.351,0.298,3.299,0.227
1195,0.777,0.553,0.411,0.048,0.306,0.052,0.425,0.65,0.943,0.481,0.454,0.218,0.36,0.408,0.053,0.355,0.198,0.049,0.405,0.575,0.468,0.424,0.451,3.893,0.24,0.628,0.051,0.028,0.54,0.053,0.245,0.177,0.86,0.045,0.548,0.403,1.475,2.769,0.76,0.389,0.487,0.054,0.05,0.029,0.435,0.452,0.045,0.479,0.308,0.171,0.444,0.351,0.238,3.299,0.242
1196,0.717,0.553,0.411,0.048,0.306,0.052,0.425,0.638,0.943,0.421,0.454,0.218,0.372,0.448,0.053,0.295,0.138,0.049,0.445,0.575,0.468,0.424,0.451,3.893,0.24,0.688,0.051,0.028,0.54,0.053,0.245,0.177,0.86,0.045,0.513,0.415,1.475,2.769,0.72,0.389,0.487,0.054,0.05,0.029,0.331,0.452,0.045,0.479,0.308,0.171,0.384,0.351,0.183,1.14,0.242
1197,0.677,0.553,0.411,0.048,0.206,0.052,0.425,0.638,0.943,0.788,0.454,0.218,0.372,0.448,0.053,0.462,0.138,0.049,0.405,0.635,0.468,0.389,0.451,3.893,0.24,0.688,0.051,0.028,0.54,0.053,0.21,0.177,0.86,0.045,0.318,0.415,0.304,2.679,0.72,0.389,0.487,0.054,0.05,0.029,0.331,0.452,0.045,0.479,0.328,0.171,0.384,0.291,0.183,1.2,0.222
1198,0.577,0.553,0.411,0.048,0.206,0.052,0.438,0.774,0.769,0.788,0.454,0.381,0.36,0.378,0.053,0.474,0.178,0.049,0.405,0.635,0.568,0.389,0.424,3.893,0.24,0.688,0.051,0.028,0.314,0.053,0.21,0.177,0.86,0.045,0.273,0.415,0.364,2.679,0.72,0.389,0.487,0.054,0.05,0.029,0.331,0.452,0.233,0.479,0.328,0.171,0.384,0.385,0.183,1.2,0.222
1199,0.577,0.553,0.411,0.048,0.206,0.052,0.438,0.774,0.769,0.828,0.454,0.381,0.351,0.378,0.053,0.422,0.178,0.049,0.405,3.742,0.608,0.514,0.524,3.893,0.05,0.688,0.051,0.028,0.314,0.053,0.21,0.177,0.895,0.045,0.253,0.415,0.364,2.679,0.72,0.389,0.487,0.054,0.05,0.133,0.311,0.452,0.233,0.479,0.328,0.171,0.484,0.385,0.183,1.108,0.222
1200,0.577,0.553,0.471,0.048,0.206,0.052,0.592,0.774,0.853,0.788,0.454,0.381,0.351,0.378,0.053,0.422,0.178,0.049,0.253,3.742,0.608,0.574,0.705,3.893,0.05,0.723,2.445,0.242,0.314,0.053,0.21,0.177,0.855,0.045,0.253,0.415,0.364,2.679,0.72,0.389,0.487,0.209,0.05,0.319,0.311,0.452,0.233,0.656,0.344,0.171,0.484,0.3,0.183,1.108,0.242
1201,0.577,0.553,0.471,0.048,0.206,0.052,0.592,0.774,0.753,0.421,0.554,0.381,0.339,0.378,0.053,0.457,0.178,0.049,0.313,3.959,0.608,0.574,0.705,3.893,0.05,0.723,2.445,0.242,0.314,0.053,0.21,0.177,0.855,0.045,0.253,0.415,0.364,2.679,0.72,0.389,0.487,0.209,0.05,0.319,0.311,0.452,0.233,0.656,0.344,0.321,0.484,0.3,0.183,1.108,0.242
1202,0.637,0.553,0.471,0.048,0.206,0.052,0.592,0.604,0.753,0.421,0.554,0.381,0.339,0.256,0.053,0.457,0.238,0.049,0.413,3.959,0.608,0.574,0.705,3.893,0.05,0.723,2.445,0.242,0.314,0.053,0.385,0.177,0.855,0.045,0.253,0.415,0.364,2.769,0.72,0.389,0.487,0.209,0.05,0.319,0.311,0.952,0.233,0.479,0.344,0.381,0.484,0.3,0.183,1.108,0.242
1203,0.737,0.553,0.471,0.048,0.206,0.052,0.592,0.604,0.753,0.421,0.614,0.381,0.339,0.256,0.053,0.574,0.439,0.049,0.413,4.007,0.608,0.489,0.705,3.893,0.05,0.649,2.445,0.242,0.314,0.053,0.385,0.177,0.915,0.045,0.253,0.415,0.364,2.809,0.72,0.389,0.527,0.209,0.05,0.329,0.311,0.952,0.233,0.479,0.344,0.381,0.584,0.38,0.183,1.108,0.242
1204,0.637,0.553,0.471,0.048,0.246,0.052,0.592,0.604,0.753,0.421,0.753,0.381,0.339,0.256,0.053,0.574,0.499,0.049,0.473,6.223,0.568,0.489,0.705,3.893,0.05,0.589,2.445,0.242,0.314,0.053,0.724,0.177,0.915,0.045,0.453,0.415,0.344,2.809,0.87,0.389,0.527,0.209,0.05,0.329,0.323,0.952,0.233,0.479,0.344,0.381,0.484,0.38,0.183,1.108,0.242
1205,0.637,0.553,0.471,0.048,0.206,0.052,0.592,0.604,0.753,0.421,0.713,0.381,0.399,0.256,0.053,0.591,0.499,0.049,0.473,6.223,0.568,0.539,0.705,3.893,0.05,0.589,2.445,0.242,0.314,0.259,0.724,0.177,0.915,0.045,0.362,0.403,0.344,2.909,0.805,0.389,0.527,0.179,0.05,0.329,0.323,0.952,0.233,0.479,0.344,0.381,0.484,0.38,0.183,1.108,0.242
1206,0.637,0.553,0.511,0.048,0.406,0.052,0.592,0.604,0.975,0.284,0.653,0.381,0.408,0.129,0.053,0.591,0.499,0.27,0.373,6.223,0.628,0.539,0.705,3.893,0.05,0.589,2.505,0.242,0.323,0.259,0.759,0.177,0.975,0.045,2.546,0.403,0.344,2.888,0.655,0.389,0.527,0.179,0.05,0.528,0.323,0.952,0.233,0.479,0.344,0.381,0.484,0.38,0.183,1.108,0.242
1207,0.521,0.553,0.511,0.048,0.406,0.052,0.592,2.427,0.975,0.284,0.693,0.215,0.408,0.129,0.053,0.583,0.499,0.27,0.373,4.007,0.728,0.489,0.705,3.901,0.05,0.589,2.445,0.242,0.323,0.259,0.759,0.177,1.075,0.045,2.446,0.413,0.344,2.888,0.655,0.389,0.527,0.179,0.05,0.588,0.197,0.952,0.233,0.479,0.384,0.381,0.325,0.38,0.293,1.108,0.285
1208,0.365,0.553,0.511,0.166,0.406,0.052,0.592,2.427,0.975,0.284,0.685,0.215,0.408,0.129,0.053,0.583,0.539,0.27,0.433,4.227,0.728,0.489,0.705,3.901,0.05,0.589,2.432,0.242,0.323,0.259,0.52,0.177,0.942,0.045,2.446,0.514,0.344,0.772,0.715,0.389,0.527,0.179,0.05,0.6,0.257,1.027,0.233,0.587,0.404,0.381,0.325,0.38,0.848,1.108,0.285
1209,0.365,0.553,0.511,0.166,0.406,0.052,0.611,2.427,0.975,0.284,0.685,0.215,0.408,0.129,0.053,0.583,0.539,0.27,0.473,4.083,0.728,0.529,0.705,3.901,0.05,0.589,2.314,0.242,0.323,0.259,0.52,0.056,0.942,0.228,0.192,0.544,0.344,0.772,0.655,0.389,0.627,0.179,0.05,0.6,0.257,1.027,0.233,0.587,0.364,0.321,0.337,0.32,0.848,1.108,0.285
1210,0.487,0.553,0.511,0.166,0.406,0.052,0.611,0.604,1.075,0.284,0.645,0.215,0.408,0.129,0.053,0.583,0.539,0.431,0.473,4.083,0.628,0.529,0.705,0.695,0.05,0.894,0.051,0.242,0.323,0.259,0.52,0.056,0.882,0.45,0.152,0.633,0.344,0.762,0.629,0.389,0.587,2.235,0.05,0.6,0.257,1.027,0.233,0.587,0.424,0.321,0.337,0.42,0.848,1.108,0.285
1211,0.487,0.553,0.511,0.166,0.406,0.052,0.728,0.604,1.075,0.284,0.645,0.215,0.408,0.129,0.053,0.633,0.579,0.431,0.373,4.083,0.568,0.489,0.705,0.695,0.05,0.894,0.08,0.242,0.258,0.259,0.58,0.056,0.902,0.45,0.164,0.633,0.344,0.762,0.629,0.175,0.487,2.235,0.05,0.64,0.257,1.027,0.233,0.587,0.424,0.475,0.337,0.42,0.848,1.108,0.285
1212,0.487,0.553,0.524,0.166,0.406,0.052,0.788,0.604,1.075,0.284,0.645,0.052,0.348,0.189,0.053,0.633,0.639,0.431,0.313,4.138,0.508,0.524,0.705,0.695,0.05,0.894,0.08,0.242,0.258,0.259,0.48,0.056,0.902,0.45,0.164,0.633,0.344,0.762,0.574,0.175,0.527,2.235,0.05,0.64,0.257,1.027,0.233,0.587,0.424,0.475,0.35,0.42,0.479,1.168,0.285
1213,0.487,0.553,0.484,0.166,0.406,0.052,0.788,0.604,1.09,0.339,0.645,0.052,0.408,0.129,0.053,0.583,0.639,0.431,0.313,4.138,0.508,0.524,0.705,0.695,0.05,0.894,0.08,0.242,0.323,0.259,0.48,0.056,0.761,0.45,0.164,0.633,0.344,0.762,0.574,0.043,0.527,0.179,0.05,0.705,0.257,1.22,0.233,0.764,0.424,0.475,0.35,0.339,0.539,1.339,0.285
1214,0.587,0.553,0.424,0.166,0.461,0.052,0.788,0.604,4.249,0.339,0.645,0.052,0.408,0.129,0.053,0.583,0.639,0.431,0.253,4.138,0.508,0.489,0.705,0.613,0.05,0.669,0.08,0.028,0.323,0.259,0.48,0.056,0.636,0.48,0.164,0.633,0.344,0.712,0.574,0.043,0.527,0.179,0.05,0.705,0.357,1.22,0.233,0.764,0.424,0.475,0.35,0.339,0.539,1.439,0.285
1215,0.587,0.424,0.424,0.345,0.461,0.052,0.788,0.604,4.089,0.359,0.645,0.052,0.408,0.129,0.053,0.583,0.634,0.431,0.253,4.138,0.508,0.501,0.665,0.613,0.05,0.669,0.08,0.028,0.323,0.259,0.405,0.056,0.636,2.308,0.164,0.673,0.344,0.712,0.574,0.043,0.527,0.179,0.05,0.63,0.357,1.158,0.233,1.131,0.424,0.475,0.35,0.339,0.539,1.439,0.235
1216,0.522,0.424,0.424,0.528,0.406,0.052,0.788,0.604,4.089,0.359,0.645,0.052,0.537,0.129,0.053,0.548,0.634,0.431,0.253,4.138,0.508,0.561,0.665,0.613,0.05,0.669,0.08,0.028,0.383,0.259,0.405,0.056,0.636,2.308,0.184,0.673,0.344,0.712,0.664,0.043,0.527,0.179,0.05,0.63,0.357,1.05,0.233,1.131,0.464,0.475,0.35,0.339,0.539,1.499,0.235
1217,0.522,0.436,0.364,0.528,0.406,0.052,0.788,0.604,4.089,0.359,0.611,0.052,0.537,0.129,0.053,0.568,0.634,0.431,0.253,4.138,0.493,0.561,0.665,0.653,0.05,0.669,0.18,0.028,0.318,0.259,0.505,0.056,0.636,2.308,0.184,0.673,0.344,0.7,0.664,0.043,0.527,0.179,0.05,0.526,0.357,1.05,0.233,1.071,0.464,0.55,0.35,0.33,0.489,1.514,0.223
1218,0.422,0.436,0.364,0.528,0.406,0.052,0.788,0.616,4.098,0.339,0.611,0.052,0.537,0.129,0.053,0.568,0.574,0.431,0.253,4.138,2.809,0.561,0.695,0.653,0.05,0.669,0.18,0.028,0.318,0.259,0.505,0.056,0.616,0.567,0.22,0.673,0.344,0.7,0.664,0.043,0.527,0.179,0.05,0.626,0.397,1.015,0.233,1.071,0.464,0.55,0.35,0.33,0.549,1.514,0.223
1219,0.922,0.525,0.364,0.528,0.406,0.052,0.788,0.604,4.117,0.284,0.611,0.052,0.537,0.129,0.053,0.588,0.574,0.431,0.253,1.031,2.809,0.621,0.695,0.619,0.05,0.729,0.18,0.028,0.318,0.053,0.445,0.056,0.616,0.579,0.22,0.784,0.344,0.7,0.664,0.043,0.527,0.179,0.05,0.626,0.397,1.015,0.233,1.071,0.404,0.55,0.29,0.33,0.549,1.379,0.223
1220,0.922,0.553,0.404,0.528,0.246,0.052,0.788,0.418,4.117,0.284,0.611,0.052,0.537,0.129,0.053,0.621,0.514,0.431,0.053,0.931,2.809,0.659,0.795,0.619,0.05,0.669,0.18,0.028,0.478,0.053,0.41,0.056,0.616,0.579,0.22,0.884,0.344,0.7,0.604,0.043,0.052,0.285,0.05,0.626,0.457,1.015,0.045,0.504,0.424,2.356,0.29,0.507,0.528,1.379,0.223
1221,0.922,0.553,0.404,0.528,0.246,0.052,0.788,0.418,4.117,0.384,0.611,0.052,0.537,0.129,0.053,0.504,0.888,0.431,0.053,0.931,2.809,0.659,0.795,0.619,0.05,0.669,0.18,0.028,0.478,0.053,0.41,0.056,0.616,0.58,0.22,0.884,0.344,0.7,0.604,0.043,0.052,0.425,0.05,0.626,0.445,1.015,0.045,0.504,0.484,2.356,0.29,0.467,0.528,1.392,0.223
1222,1.062,0.56,0.404,0.528,0.246,0.052,0.634,0.418,4.117,0.384,0.611,0.052,0.408,0.29,0.053,0.504,0.988,0.431,0.053,0.931,2.809,0.59,2.849,0.619,0.05,0.565,0.18,0.028,0.478,0.053,0.41,0.056,0.616,0.58,0.22,0.944,0.344,0.751,0.604,0.043,0.052,0.425,0.05,0.586,0.405,1.05,0.045,0.504,0.484,2.356,0.29,0.467,0.568,0.892,0.223
1223,1.062,0.56,0.404,0.528,0.346,0.052,0.634,0.478,4.267,0.384,0.611,0.052,0.468,0.409,0.053,0.524,0.988,0.431,0.053,0.75,2.809,0.435,2.849,0.579,0.05,0.565,0.18,0.028,0.478,0.053,0.41,0.056,0.616,0.58,0.338,0.944,0.344,0.791,0.504,0.043,0.052,0.365,0.05,0.574,0.405,1.01,0.045,0.504,0.484,0.55,0.29,0.467,0.568,0.892,0.223
1224,0.962,0.56,0.404,0.528,0.362,0.052,0.667,0.478,4.258,0.533,0.472,0.052,0.528,0.349,0.053,0.524,0.888,0.431,0.053,0.75,2.809,0.435,2.849,0.619,0.05,0.565,0.18,0.028,0.478,0.053,0.41,0.056,0.616,0.58,0.338,0.896,0.344,0.791,0.439,0.043,0.052,0.365,0.05,0.614,0.345,0.975,0.045,0.504,0.464,0.55,0.35,0.367,0.568,0.892,0.273
1225,0.462,0.463,0.364,0.528,0.262,0.052,0.667,0.478,4.258,0.533,0.472,0.196,0.528,0.349,0.053,0.524,0.313,0.431,0.053,0.79,2.809,0.435,0.625,0.579,0.05,0.565,0.18,0.028,0.478,0.053,0.41,0.056,0.616,0.655,0.338,0.896,0.329,0.791,0.439,0.043,0.052,0.365,0.05,0.614,0.345,0.875,0.045,0.504,0.464,0.55,0.35,0.367,0.558,0.892,0.285
1226,0.562,0.463,0.364,0.41,0.262,0.052,0.767,0.438,4.318,0.533,0.472,0.196,0.528,0.349,0.053,2.549,0.313,0.431,0.053,0.62,2.809,0.435,0.625,0.579,0.05,0.565,0.18,0.028,0.478,0.053,0.41,0.056,0.741,0.655,0.338,0.896,0.284,0.821,0.439,0.043,0.052,0.365,0.05,0.614,0.405,0.935,0.045,0.408,0.504,0.55,0.29,0.367,0.503,0.952,0.285
1227,0.562,0.763,0.364,0.41,0.262,0.052,0.767,0.438,4.168,0.533,0.472,0.196,0.528,0.309,0.053,2.589,0.313,0.431,0.053,0.62,2.797,0.435,0.625,0.519,0.05,0.565,0.22,0.028,0.478,0.053,0.435,0.056,0.706,0.655,0.338,0.896,0.284,0.821,0.439,0.043,0.052,0.365,0.05,0.627,0.405,0.742,0.045,0.408,0.504,0.55,0.29,0.488,0.393,0.952,0.285
1228,0.462,0.763,0.364,0.41,0.262,0.052,0.667,0.438,3.946,0.533,0.472,0.196,0.528,0.309,0.053,2.589,0.313,0.21,0.235,0.764,2.797,0.435,0.625,0.519,0.05,1.065,0.326,0.028,0.513,0.053,0.435,0.056,0.666,0.715,0.338,0.666,0.184,0.821,0.439,0.043,0.161,0.365,0.05,0.428,0.405,0.682,0.045,0.408,0.504,0.55,0.29,0.564,0.393,0.952,0.285
1229,0.502,0.763,0.384,0.41,0.262,0.052,0.667,0.438,3.946,0.579,0.472,0.196,0.488,0.309,0.053,0.564,0.313,0.21,0.235,0.764,2.757,0.435,0.565,0.479,0.05,0.565,0.326,0.028,0.513,0.053,0.435,0.056,0.666,0.715,0.338,0.666,0.184,0.821,0.439,0.043,0.161,0.365,0.05,0.488,0.405,0.182,0.045,0.408,0.638,0.55,0.29,0.564,0.523,0.952,0.285
1230,0.502,0.763,0.384,0.227,0.262,0.052,0.707,0.418,3.946,0.579,0.472,0.196,0.488,0.32,0.053,0.564,0.313,0.049,0.235,0.764,2.857,0.415,0.565,0.479,0.05,0.565,0.326,0.028,0.513,0.053,0.435,0.056,0.666,0.775,0.511,0.666,0.184,0.821,0.439,0.043,0.161,0.425,0.05,0.448,0.405,0.222,0.045,0.408,0.638,0.55,0.29,0.564,0.337,1.012,0.285
1231,0.502,0.763,0.384,0.227,0.351,0.052,0.707,0.418,3.946,0.579,0.472,0.286,0.488,0.32,0.053,0.692,0.313,0.049,0.235,0.764,2.857,0.612,0.565,0.479,0.05,0.625,0.326,0.028,0.513,0.053,0.435,0.056,0.606,0.612,0.511,0.666,0.184,0.761,0.289,0.043,0.161,0.525,0.05,0.448,0.345,0.222,0.045,0.408,0.638,0.396,0.29,0.564,0.237,1.012,0.285
1232,0.502,0.763,0.264,0.227,0.406,0.052,0.707,0.418,3.927,0.579,0.459,0.286,0.488,0.38,0.053,0.692,0.313,0.049,0.235,0.724,2.872,0.612,0.565,0.479,0.05,0.625,0.326,0.028,0.478,0.053,0.435,0.056,0.606,0.612,0.611,0.666,0.184,0.821,0.289,0.043,0.161,0.525,0.05,0.46,0.345,0.222,0.045,0.408,0.638,0.5,0.29,0.564,0.237,0.512,0.285
1233,0.502,0.614,0.297,0.227,0.406,0.052,0.707,0.418,3.927,0.579,0.459,0.286,0.488,0.38,0.053,0.823,0.313,0.049,0.235,0.824,3.067,0.612,0.565,0.479,0.05,0.685,0.226,0.028,0.478,0.053,0.435,0.056,0.606,0.612,0.671,0.666,0.184,0.721,0.289,0.043,0.161,0.525,0.05,0.52,0.345,0.222,0.045,0.408,0.638,0.5,0.35,0.564,0.237,0.452,0.305
1234,0.502,0.614,0.297,0.227,0.306,0.284,0.707,0.576,0.768,0.579,0.459,0.286,0.488,0.38,0.053,0.823,0.313,0.049,0.235,0.909,0.751,0.612,0.565,0.479,0.05,0.685,0.286,0.028,0.418,0.053,0.47,0.056,0.606,0.612,0.691,0.626,0.184,0.721,0.289,0.043,0.161,0.425,0.05,0.46,0.471,0.222,0.045,0.408,0.84,0.5,0.35,0.564,0.258,0.452,0.305
1235,0.442,0.674,0.337,0.227,0.306,0.284,0.707,0.576,0.768,0.579,0.459,0.286,0.488,0.38,0.053,0.923,0.313,0.049,0.235,0.909,0.751,0.612,0.565,0.479,0.05,0.685,0.39,0.028,0.639,0.053,0.809,0.056,0.606,0.612,0.691,0.626,0.184,0.721,0.289,0.043,0.161,0.425,0.05,0.52,0.471,0.222,0.045,0.388,0.9,0.5,0.35,0.724,0.258,0.281,0.255
1236,0.442,0.674,0.337,0.227,0.306,0.284,0.707,2.399,0.768,0.579,0.459,0.286,0.488,0.38,0.053,0.923,0.313,0.049,0.235,0.909,0.751,0.718,0.457,0.691,0.153,0.685,0.33,0.028,0.639,0.053,0.8,0.056,0.606,0.612,0.691,0.626,0.244,0.721,0.289,0.043,0.161,0.425,0.05,0.52,0.471,0.382,0.045,0.388,0.88,0.5,0.56,0.724,0.258,0.281,0.374
1237,0.454,0.803,0.397,0.048,0.306,0.284,0.707,2.295,0.828,0.679,1.723,0.286,0.488,0.38,0.053,0.923,0.313,0.049,0.235,0.869,0.751,0.718,0.457,0.691,0.153,0.685,0.33,0.028,0.639,0.053,0.8,0.056,0.606,0.612,0.726,0.626,0.244,0.721,0.289,0.043,0.161,0.425,0.05,0.52,5.227,0.382,0.045,0.388,0.88,0.5,0.56,0.724,0.318,0.281,0.362
1238,0.426,0.803,0.297,0.048,0.306,0.284,0.707,2.295,0.828,0.679,1.723,0.286,0.488,0.38,0.053,0.973,0.313,0.049,0.235,0.809,0.751,0.718,0.357,0.725,0.153,0.585,0.43,0.028,0.639,0.053,0.8,0.056,0.546,0.612,0.726,0.626,0.244,0.721,0.349,0.043,0.161,0.319,0.05,0.52,5.227,0.382,0.045,0.388,0.894,0.5,0.5,0.724,0.318,0.281,0.362
1239,0.426,0.803,0.297,0.048,0.306,0.284,0.767,0.472,0.828,0.619,1.723,0.286,0.488,0.38,0.053,1.073,0.313,0.049,0.235,0.809,0.751,0.718,0.357,0.725,0.153,0.585,0.43,0.028,0.639,0.053,0.401,0.056,0.606,0.757,0.591,0.626,0.244,0.721,0.349,0.043,0.305,0.379,0.05,0.52,5.167,0.382,0.045,0.388,0.834,0.5,0.516,0.724,0.318,0.281,0.342
1240,0.426,0.803,0.297,0.048,0.306,0.284,0.767,0.472,0.837,0.619,0.459,0.286,0.586,0.38,0.053,1.083,0.313,0.049,0.235,0.809,0.751,0.718,0.357,0.725,0.153,0.525,0.43,0.028,0.639,0.053,0.401,0.669,0.761,0.757,0.656,0.626,0.244,0.721,0.349,0.043,0.305,0.379,0.05,0.52,3.102,0.382,0.045,0.408,0.834,0.5,0.476,0.775,0.318,0.221,0.342
1241,0.426,0.843,2.76,0.048,0.306,0.284,0.617,0.508,0.837,0.619,0.459,0.286,0.526,0.38,0.053,1.083,0.313,0.049,0.235,0.749,0.751,0.718,0.525,0.725,0.153,0.525,0.43,0.028,0.639,0.053,0.401,0.739,0.661,0.757,0.538,0.626,0.244,0.721,0.349,0.043,0.305,0.379,0.05,0.52,3.102,0.382,0.045,0.408,0.947,0.5,0.444,0.775,0.318,0.221,0.342
1242,0.566,0.714,2.76,0.048,0.306,0.284,0.617,0.528,0.837,0.507,0.459,0.286,0.526,0.219,0.053,1.023,0.313,0.049,0.235,0.749,0.751,0.718,0.525,0.725,0.153,0.525,0.43,0.028,0.579,0.053,0.401,0.669,0.606,0.757,0.538,0.614,0.244,0.721,0.349,0.043,0.305,0.359,0.05,0.52,3.102,0.382,0.045,0.408,0.947,0.5,0.444,0.598,0.318,0.281,0.362
1243,0.566,0.685,2.74,0.048,0.306,0.284,0.517,0.528,0.897,0.507,0.459,0.286,0.586,0.219,0.053,1.023,0.313,0.049,0.235,0.749,0.751,0.718,0.565,0.725,0.153,0.525,0.43,0.028,0.579,0.053,0.401,0.669,0.606,0.737,0.598,0.614,0.256,0.721,0.409,0.043,0.305,0.359,0.05,0.52,3.102,0.394,0.045,0.408,0.947,0.5,0.444,0.598,0.268,0.281,0.536
1244,0.566,0.625,2.74,0.048,0.306,0.284,0.517,0.528,0.861,0.507,0.459,0.286,0.526,0.219,0.053,1.011,0.313,0.049,0.235,0.749,0.751,0.738,0.565,0.725,0.153,0.525,0.43,0.028,0.579,0.053,0.401,0.669,0.776,0.737,0.598,0.503,0.256,0.721,0.409,0.043,0.305,0.419,0.05,0.52,3.227,0.394,0.045,0.408,0.947,0.5,0.384,0.598,0.208,0.281,0.486
1245,0.526,0.625,2.74,0.048,0.306,0.284,0.517,0.528,0.861,0.507,0.459,0.142,0.512,0.319,0.053,1.011,0.313,0.049,0.235,0.749,0.739,0.738,0.505,0.725,0.294,0.525,0.43,0.028,0.579,0.053,0.437,0.79,0.831,0.592,0.678,0.503,0.256,0.721,0.409,0.043,0.305,0.419,0.05,0.52,3.331,0.394,0.045,0.388,0.947,0.5,0.384,0.598,0.208,0.221,0.486
1246,0.526,0.625,2.74,0.048,0.306,0.284,0.577,0.517,0.861,0.507,0.459,0.142,0.512,0.319,0.053,1.011,0.313,0.049,0.235,0.749,0.739,0.738,0.465,0.725,0.294,0.525,0.43,0.028,0.579,0.053,0.437,0.89,0.831,0.592,0.678,0.503,0.256,0.721,0.509,0.043,0.196,0.419,0.05,0.62,3.464,0.394,0.045,0.388,0.987,0.5,0.384,0.607,0.208,0.221,0.546
1247,0.526,0.625,2.74,0.048,0.306,0.284,0.577,0.517,0.961,0.527,0.459,0.142,0.512,0.319,0.053,1.011,0.313,0.049,0.235,0.749,0.739,0.778,0.465,0.725,0.294,0.525,0.43,0.028,0.579,0.053,0.437,0.79,0.831,0.592,0.578,0.503,0.256,0.791,0.509,0.043,0.196,0.412,0.05,0.62,3.514,0.394,0.045,0.388,0.888,0.5,0.384,0.607,0.268,0.221,0.546
1248,0.526,0.625,2.74,0.048,0.418,0.284,0.577,0.517,0.961,0.527,0.459,0.142,0.512,0.419,0.053,1.011,0.313,0.049,0.235,0.749,0.707,0.778,0.465,0.725,0.294,0.525,0.43,0.028,0.579,0.053,0.437,0.79,0.831,0.632,0.578,0.503,0.341,0.615,0.509,0.043,0.385,0.372,0.24,0.62,3.514,0.394,0.045,0.388,0.888,0.5,0.527,0.607,0.208,0.221,0.546
1249,0.526,0.425,2.74,0.048,0.418,0.284,0.577,0.517,0.961,0.527,0.519,0.052,0.572,0.454,0.053,1.011,0.44,0.049,0.235,0.749,0.707,0.79,0.465,0.725,0.294,0.525,0.43,0.028,0.579,0.053,0.437,0.805,0.651,0.632,0.578,0.503,0.341,0.615,0.509,0.043,0.385,0.372,0.24,0.68,3.514,0.394,0.045,0.388,0.888,0.5,0.384,0.366,0.208,0.221,0.546
1250,0.526,0.425,2.74,0.048,0.418,0.284,0.677,0.517,0.961,0.527,0.519,0.052,0.572,0.454,0.053,0.951,0.44,0.049,0.053,0.749,0.707,0.79,0.465,0.513,0.294,0.525,0.43,0.028,0.579,0.053,0.437,0.805,0.651,0.592,0.558,2.53,0.256,0.615,0.509,0.043,0.385,0.372,0.296,0.68,3.514,0.394,0.045,0.388,0.888,0.456,0.384,0.366,0.268,0.221,0.546
1251,0.526,0.425,2.74,0.048,0.418,0.284,0.677,0.517,0.961,0.527,0.519,0.052,0.572,0.419,0.053,0.951,0.44,0.049,0.053,0.749,0.707,0.839,0.465,0.513,0.294,0.525,0.43,0.028,0.579,0.053,0.437,0.805,0.651,0.592,0.558,2.53,2.322,0.615,0.509,0.043,0.385,0.372,0.296,0.68,3.514,2.678,0.045,0.388,0.888,0.456,0.384,0.366,0.308,0.221,0.546
1252,0.67,0.365,2.74,0.048,0.418,0.284,0.688,0.517,0.961,0.527,0.619,0.052,0.512,0.419,0.053,0.951,0.44,0.049,0.053,0.758,0.707,0.779,0.465,0.513,0.294,0.699,0.43,0.028,0.639,0.053,0.437,0.805,0.651,0.592,0.385,2.53,2.322,0.615,0.509,0.043,0.385,0.372,0.296,0.692,3.514,2.678,0.045,0.388,0.788,0.456,0.384,0.447,0.308,0.221,0.546
1253,0.72,0.365,2.74,0.048,0.418,0.284,0.648,0.457,0.961,0.527,0.619,0.052,0.512,0.519,0.053,0.82,0.5,0.049,0.053,0.758,0.707,0.662,0.465,0.513,0.294,0.699,0.502,0.028,0.639,0.053,0.437,0.805,0.651,0.592,0.385,0.553,2.322,0.615,0.52,0.043,0.385,0.372,0.296,0.632,3.514,2.678,0.045,0.399,0.848,0.456,0.284,0.447,0.308,0.161,0.546
1254,0.62,0.365,2.74,0.048,0.418,0.284,0.548,0.299,1.021,0.527,0.619,0.052,0.512,0.519,0.053,0.82,0.49,0.049,0.053,0.758,0.707,0.556,0.465,0.628,0.191,0.699,0.396,0.028,0.614,0.053,0.437,0.805,0.671,0.592,0.385,0.553,0.256,0.615,0.52,0.043,0.385,0.372,0.296,0.632,3.514,0.429,0.045,0.399,0.848,0.456,0.284,0.434,0.248,0.161,0.427
1255,0.62,0.479,2.722,0.048,0.418,0.284,0.548,0.299,0.961,0.527,0.619,0.052,0.512,0.63,0.053,0.82,0.49,0.049,0.053,0.758,0.512,0.556,0.465,0.698,0.191,0.699,0.396,0.028,0.614,0.053,0.437,0.825,0.671,0.592,0.385,0.553,0.291,0.615,0.585,0.043,0.385,0.372,0.296,0.632,3.514,0.369,0.045,0.399,0.948,0.456,0.284,0.474,0.248,0.161,0.412
1256,0.62,0.617,2.722,0.048,0.418,0.052,0.548,0.299,0.961,0.587,0.619,0.052,0.566,0.63,0.053,0.82,0.49,0.049,0.205,0.743,0.512,0.536,0.465,0.698,0.191,0.699,2.211,0.028,0.614,0.053,0.437,0.825,0.671,0.592,0.385,0.553,0.291,0.615,0.52,0.043,0.385,0.372,0.296,0.632,3.502,0.369,0.045,0.399,0.746,0.456,0.284,0.474,0.248,0.161,0.424
1257,0.66,0.582,0.279,0.048,0.418,0.052,0.548,0.299,0.861,0.587,0.619,0.052,0.626,0.63,0.053,0.82,0.51,0.049,0.205,0.743,0.424,0.536,0.465,0.698,0.191,0.699,2.211,0.028,0.493,0.053,0.437,0.825,0.671,0.717,0.485,2.53,0.265,0.615,0.52,0.043,0.385,0.372,0.356,0.632,0.751,0.334,0.045,0.399,0.586,0.456,0.284,0.474,0.248,0.161,0.424
1258,0.6,0.582,0.279,0.048,0.418,0.052,0.535,0.299,0.861,0.647,0.619,0.052,0.566,0.752,0.053,0.76,0.43,0.049,0.205,0.743,0.424,0.536,0.452,0.698,0.191,0.699,2.211,0.028,0.593,0.053,0.437,0.825,0.611,0.592,0.545,2.53,0.271,0.615,0.52,0.043,0.385,0.507,0.356,0.732,0.751,0.174,0.045,0.399,0.586,0.456,0.43,0.474,0.248,0.161,0.424
1259,0.6,0.582,0.369,0.048,0.418,0.052,0.535,0.299,0.849,0.647,0.619,0.052,0.666,0.752,0.053,1.146,0.43,0.049,0.205,0.783,0.424,0.536,0.452,0.698,0.191,0.759,0.396,0.028,0.493,0.053,0.437,0.825,0.611,0.592,0.545,2.53,0.271,0.675,0.52,0.043,0.241,0.535,0.356,0.732,0.751,0.174,0.045,0.399,0.526,0.486,0.43,0.474,0.248,0.661,0.424
1260,0.6,0.444,0.369,0.048,0.418,0.052,0.535,0.299,0.849,0.707,0.619,0.052,0.568,0.752,0.053,1.146,0.43,0.049,0.205,0.783,0.424,0.536,0.452,0.698,0.191,0.759,0.396,0.028,0.493,0.053,0.452,0.645,0.611,0.652,0.445,0.613,0.271,0.675,0.52,0.043,0.241,0.5,0.476,0.732,0.751,0.174,0.045,0.411,0.526,0.486,0.152,0.052,0.248,0.161,0.474
1261,0.6,0.582,0.387,0.048,0.418,0.052,0.535,3.133,0.849,0.707,0.619,0.052,0.697,0.652,0.053,1.146,0.43,0.049,0.205,0.743,0.424,0.536,0.452,0.698,0.381,0.759,0.396,0.028,0.393,0.053,0.452,0.625,0.551,0.652,0.445,0.613,0.271,0.675,0.52,0.043,0.241,0.633,0.476,0.732,0.751,0.174,0.045,0.411,0.526,0.486,0.152,0.052,0.248,0.161,0.474
1262,0.756,0.444,0.387,0.048,0.518,0.052,0.535,3.133,0.849,0.707,0.501,0.052,0.697,0.712,0.053,1.263,0.43,0.049,0.205,0.683,0.424,0.536,0.452,0.698,0.381,0.759,0.396,0.028,0.393,0.053,0.361,3.286,0.441,0.692,0.445,0.613,0.271,0.675,0.52,0.257,0.241,0.633,0.476,0.672,0.751,0.174,0.045,0.411,2.467,0.486,0.152,0.052,0.248,0.161,0.454
1263,0.756,0.444,0.387,0.048,0.518,0.052,0.535,3.133,0.789,0.707,0.501,0.052,0.637,0.712,0.053,0.877,0.43,0.049,0.205,0.683,0.424,0.536,0.452,0.698,0.381,0.759,0.396,0.028,0.393,0.053,0.421,3.165,0.441,0.692,0.445,0.613,0.271,0.675,0.52,0.257,0.241,0.633,0.476,0.672,0.811,0.174,0.045,0.411,2.467,0.842,0.152,0.052,0.248,0.161,0.454
1264,0.756,0.533,0.387,0.048,0.518,0.052,0.535,3.133,0.789,0.707,0.501,0.052,0.637,0.703,0.053,0.877,0.53,0.049,0.205,0.683,0.424,0.536,0.452,0.698,0.381,0.759,0.484,0.028,0.393,0.053,0.421,3.165,0.467,0.692,0.445,0.703,0.311,0.675,0.52,0.257,0.241,0.515,0.604,0.732,0.811,0.317,0.045,0.411,2.467,0.802,0.152,0.052,0.248,0.161,0.454
1265,0.816,0.533,0.387,0.166,0.518,0.052,0.535,3.133,0.789,0.647,0.481,0.052,0.396,0.703,0.053,0.877,0.53,0.049,0.205,0.683,0.424,0.536,0.452,0.698,0.24,0.759,0.484,0.028,0.559,0.053,0.456,3.286,0.467,0.692,0.445,0.663,0.311,0.744,0.52,0.257,0.241,0.515,0.544,0.732,1.007,0.317,0.045,0.411,0.526,0.802,0.152,0.052,0.248,0.161,0.454
1266,0.816,0.533,0.387,0.166,0.518,0.052,0.535,3.133,0.789,0.587,0.481,0.052,0.396,0.703,0.053,0.877,0.59,0.049,0.205,0.743,0.481,0.536,0.452,0.698,0.24,0.759,0.484,0.028,0.459,0.053,0.421,3.286,0.467,0.692,0.445,0.663,0.311,0.744,0.52,0.257,0.241,0.515,0.544,0.732,1.007,0.317,0.045,0.411,0.566,0.802,0.152,0.052,0.248,0.253,0.454
1267,0.816,0.533,0.387,0.166,0.518,0.052,0.515,3.133,0.789,0.587,0.481,0.052,0.396,0.703,0.053,0.877,0.59,0.049,0.205,0.743,0.481,0.536,0.452,0.698,0.24,0.759,0.484,0.028,0.459,0.053,0.421,3.356,0.456,0.692,0.445,0.653,0.311,0.844,0.52,0.257,0.241,0.515,0.544,0.672,0.843,0.317,0.045,0.399,0.626,0.486,0.152,0.052,0.248,0.253,0.454
1268,0.876,0.593,0.387,0.166,0.518,0.052,0.515,3.133,0.789,0.647,0.421,0.052,0.339,0.643,0.053,0.877,0.59,0.049,0.205,0.743,0.481,0.536,0.492,0.698,0.24,0.759,0.484,0.028,0.399,0.053,0.421,3.356,0.516,0.692,0.385,0.613,0.382,0.724,0.52,0.257,0.241,0.515,0.584,0.612,0.843,0.317,0.045,0.399,0.566,0.486,0.152,0.052,0.248,0.253,0.454
1269,0.816,0.593,0.387,0.166,0.518,0.052,0.515,3.133,0.789,0.687,0.56,0.052,0.239,0.643,0.053,0.877,0.59,0.049,0.205,0.743,0.481,0.496,0.673,0.698,0.24,0.759,0.484,0.028,0.459,0.053,0.421,3.356,0.516,0.692,0.35,0.613,0.382,0.584,0.46,0.257,0.241,0.575,0.584,0.612,0.843,0.317,0.045,0.399,0.536,0.486,0.152,0.052,0.248,0.253,0.454
1270,0.7,0.553,0.387,0.166,0.518,0.052,0.535,3.319,0.789,0.747,0.686,0.052,0.268,0.643,0.347,0.877,0.791,0.33,0.205,0.793,0.481,0.476,0.673,0.698,0.24,0.759,0.484,0.028,0.459,0.053,0.421,3.356,0.401,0.692,0.345,0.653,0.311,0.514,0.46,0.257,0.052,0.575,0.394,0.612,0.903,0.317,0.045,0.399,0.536,0.477,0.152,0.052,0.248,0.253,0.454
1271,0.74,0.553,0.387,0.166,1.471,0.052,0.535,3.319,0.789,0.747,0.686,0.052,0.328,0.743,0.387,0.937,0.791,0.33,0.205,0.793,0.481,0.464,0.673,0.698,0.24,0.759,0.584,0.028,0.459,0.053,0.421,3.456,0.461,0.692,0.345,0.653,0.311,0.414,0.46,0.257,0.052,0.575,0.394,0.612,0.903,0.317,0.045,0.399,0.536,0.477,0.152,0.052,0.248,0.253,0.394
1272,0.7,0.553,0.374,0.166,1.471,0.052,0.535,3.319,0.789,0.687,0.686,0.052,0.328,0.743,0.387,0.937,0.731,0.33,0.205,0.793,0.469,0.464,0.573,0.583,0.24,0.759,0.584,0.028,0.399,0.053,0.421,3.335,0.461,0.727,0.415,0.653,0.311,0.414,0.46,0.257,0.052,0.515,0.334,0.612,0.843,0.317,0.045,0.399,0.476,0.477,0.152,0.052,0.248,0.253,0.394
1273,0.7,0.518,0.284,0.166,1.471,0.052,0.689,3.319,0.714,0.687,0.686,0.381,0.328,0.743,0.396,0.997,0.731,0.37,0.205,0.808,0.469,0.464,0.573,0.583,0.24,0.759,0.584,0.028,0.399,0.053,0.421,3.202,0.461,0.727,0.415,0.742,0.311,0.414,0.329,0.257,0.052,0.515,0.334,0.612,0.903,0.317,0.045,0.399,0.5,0.477,0.152,0.052,0.248,0.313,0.374
1274,0.7,0.498,0.284,0.166,1.511,0.052,0.689,3.483,0.714,0.687,0.686,0.381,0.328,0.843,0.396,0.997,0.731,0.37,0.205,0.808,0.469,0.464,0.573,0.583,0.24,0.585,0.584,0.028,0.399,0.053,0.421,3.102,0.521,0.667,0.345,0.782,0.311,0.514,0.329,0.257,0.052,0.675,0.334,0.6,0.903,0.317,0.045,0.459,0.54,0.477,0.152,0.052,0.248,0.313,0.374
1275,0.7,0.686,0.284,0.166,1.411,0.052,0.689,3.494,0.714,0.747,0.686,0.381,0.328,0.843,0.396,0.997,0.731,0.37,0.205,0.808,0.469,0.464,0.573,0.583,0.24,0.645,0.368,0.028,0.649,0.053,0.421,3.102,0.521,0.667,0.345,0.782,0.311,0.914,0.329,0.257,0.052,0.675,0.334,0.6,0.903,0.337,0.045,0.399,0.54,0.477,0.152,0.052,0.248,0.313,0.324
1276,0.7,0.586,0.284,0.166,1.651,0.052,0.729,3.506,0.774,0.747,0.686,0.381,0.328,0.621,0.396,0.984,0.731,1.529,0.053,0.708,0.469,0.464,0.573,0.583,0.24,0.645,0.368,0.028,0.549,0.053,0.308,3.202,0.521,0.85,0.385,0.782,0.311,0.914,0.329,0.257,0.052,0.595,0.334,0.6,0.903,0.337,0.045,0.399,0.5,0.402,0.152,0.052,0.248,0.409,0.324
1277,0.8,0.586,0.284,0.166,1.651,0.052,0.729,3.546,0.789,0.747,0.686,0.381,0.328,0.621,0.396,1.044,0.731,1.529,0.053,0.808,0.469,0.464,0.673,0.477,0.24,0.645,0.368,0.028,0.549,0.053,0.258,3.202,0.501,0.85,0.385,0.782,0.311,0.914,0.329,0.257,0.052,0.635,0.334,0.6,0.903,0.297,0.045,0.399,0.5,0.402,0.152,0.052,0.288,0.409,0.324
1278,0.76,0.586,0.344,0.166,1.651,0.052,0.729,3.506,0.789,0.847,0.686,0.381,0.308,0.621,0.396,1.027,2.715,1.75,0.053,0.808,0.469,0.464,2.897,0.477,0.24,0.645,0.368,0.028,0.549,0.053,0.258,3.222,0.501,0.79,0.385,0.782,0.311,0.914,0.329,0.257,0.052,0.575,0.334,0.6,0.903,0.297,0.152,0.399,0.5,0.402,0.053,0.052,0.288,0.409,0.324
1279,0.76,0.586,0.284,0.166,1.662,0.052,0.729,3.506,1.011,0.847,0.686,0.381,0.299,0.621,0.396,1.027,2.715,0.752,0.053,0.808,0.469,0.964,2.897,0.477,0.24,0.645,0.368,0.028,0.54,0.053,0.258,3.202,0.501,0.79,0.385,0.782,0.344,0.481,0.329,0.257,0.052,0.575,0.334,0.6,0.843,0.297,0.152,0.399,0.5,0.402,0.053,0.052,0.288,0.409,0.324
1280,0.76,0.546,0.284,0.166,1.662,0.052,0.729,3.566,0.911,0.887,0.586,0.614,0.319,0.621,0.396,0.948,2.735,0.762,0.053,0.693,0.469,0.054,2.897,0.469,0.24,0.645,0.368,0.028,0.54,0.053,0.258,3.202,0.513,0.79,0.385,0.772,0.344,0.441,0.329,0.257,0.052,0.575,0.334,0.6,0.843,0.297,0.152,0.399,0.5,0.402,0.053,0.052,0.288,0.409,0.281
1281,0.76,0.546,0.284,0.166,1.662,0.052,0.729,0.672,0.911,0.847,0.586,0.614,0.319,0.621,0.396,0.913,0.751,0.762,0.053,0.693,0.469,0.054,0.673,0.469,0.24,0.645,0.368,0.028,0.54,0.053,0.258,3.202,0.726,0.85,0.385,0.772,0.344,0.441,0.329,0.257,0.052,0.575,0.354,2.832,0.843,0.277,0.152,0.399,0.5,0.402,0.053,0.052,0.288,0.396,0.281
1282,0.76,0.546,0.284,0.166,1.662,0.052,0.729,0.556,1.011,0.748,0.546,0.614,0.431,0.621,0.396,0.813,0.751,0.762,0.053,0.693,0.469,0.054,0.673,0.469,0.24,0.645,0.368,0.028,2.193,0.053,0.258,0.241,0.686,0.85,0.285,0.642,0.344,0.441,0.329,0.257,0.052,0.575,0.354,2.832,0.843,0.277,0.152,0.339,0.5,0.402,0.053,0.052,0.288,0.396,0.157
1283,0.76,0.886,0.284,0.048,1.662,0.052,0.729,0.496,1.011,0.853,0.546,0.696,0.529,0.782,0.396,0.813,0.751,0.762,0.053,0.693,0.469,0.054,0.673,0.469,0.05,0.645,0.428,0.028,2.193,0.053,0.158,0.241,0.626,0.85,0.285,0.642,0.344,0.441,0.329,0.257,0.161,0.575,0.354,2.832,0.883,0.277,0.152,0.204,0.5,0.437,0.053,0.052,0.283,0.396,0.157
1284,0.482,0.886,0.284,0.048,1.662,0.052,0.729,0.556,1.011,2.944,0.546,0.716,0.589,0.782,0.396,0.813,0.751,0.762,0.053,0.693,0.469,0.054,0.713,0.469,0.05,0.645,0.339,0.028,2.193,0.053,0.158,0.241,0.626,0.763,0.373,0.642,0.344,0.341,0.329,0.043,0.161,0.535,0.354,0.6,0.883,0.277,0.152,0.264,0.5,0.402,0.053,0.052,0.283,0.396,0.157
1285,0.522,0.898,0.284,0.048,1.794,0.052,0.729,0.556,1.011,2.844,0.546,1.029,0.589,0.782,0.396,0.813,0.751,0.802,0.053,0.633,0.469,0.054,0.673,0.529,0.05,0.645,0.339,0.028,0.374,0.053,0.158,0.241,0.626,0.763,0.373,0.596,0.344,0.341,0.46,0.043,0.161,0.535,0.354,0.6,0.823,0.277,0.152,0.264,0.5,0.402,0.053,0.052,0.283,0.316,0.157
1286,0.482,0.898,0.409,0.048,1.794,0.052,0.729,0.556,0.911,2.739,0.546,1.066,0.529,0.782,0.506,0.813,0.751,0.977,0.053,0.633,0.469,0.054,0.585,0.529,0.05,0.645,0.339,0.028,0.374,0.053,0.193,0.241,0.681,0.763,0.273,0.707,0.225,0.381,0.46,0.043,0.161,0.542,0.354,0.799,0.823,0.277,0.152,0.264,0.5,0.402,0.053,0.052,0.283,0.316,0.157
1287,0.482,0.898,0.409,0.048,1.794,0.052,0.742,0.556,0.911,0.648,2.306,0.903,0.529,0.782,0.506,0.913,0.751,0.977,0.053,0.633,0.469,0.054,0.585,0.529,0.05,0.645,0.339,0.028,0.374,0.053,0.193,0.241,0.681,0.733,0.273,0.657,0.225,0.381,0.46,0.043,0.161,0.542,0.354,0.786,0.823,0.277,0.152,0.224,0.5,0.437,0.053,0.052,0.283,0.476,0.157
1288,0.522,0.898,0.469,0.048,1.794,0.052,0.742,0.556,0.811,0.648,2.306,0.903,0.529,0.682,0.676,0.913,0.716,0.943,0.053,0.633,0.469,0.054,0.525,0.529,0.05,0.645,0.379,0.028,0.374,0.053,0.158,0.341,0.681,0.733,0.273,0.657,0.225,0.381,0.5,0.043,0.161,0.542,0.354,0.846,0.763,0.457,0.152,0.224,0.5,0.437,0.053,0.052,0.248,0.476,0.362
1289,0.522,0.898,0.469,0.048,1.794,0.052,0.742,0.596,0.811,0.628,2.167,0.57,0.529,0.682,0.676,0.786,0.716,0.943,0.053,0.633,0.469,0.054,0.525,0.529,0.05,0.645,0.379,0.028,0.374,0.053,0.158,0.341,0.681,0.733,0.273,0.798,0.225,0.441,0.5,0.043,0.161,0.542,0.354,0.95,0.723,0.457,0.152,0.224,0.5,0.437,0.053,0.052,0.288,0.476,0.369
1290,0.522,0.858,0.529,0.048,1.594,0.052,0.742,0.596,0.811,0.628,0.407,0.583,0.469,0.682,0.676,0.786,0.736,0.943,0.053,0.673,0.469,0.054,0.625,0.529,0.05,0.645,0.379,0.028,0.224,0.053,0.158,0.369,0.681,2.561,0.273,0.798,0.26,0.381,0.5,0.043,0.161,0.542,0.354,0.89,0.753,0.517,0.152,0.359,0.5,0.437,0.053,0.052,0.355,0.376,0.369
1291,0.522,0.858,0.529,0.048,1.634,0.052,0.742,0.666,0.811,0.628,0.407,0.583,0.469,0.682,0.676,0.786,0.736,0.983,0.053,0.668,0.469,0.054,0.414,0.529,0.05,0.585,0.339,0.028,0.284,0.053,0.158,0.269,0.681,2.561,0.237,0.709,0.3,0.381,0.5,0.043,0.161,0.588,0.354,0.89,0.753,0.517,0.152,0.359,2.441,0.591,0.053,0.052,0.386,0.385,0.369
1292,0.482,0.996,2.587,0.048,1.634,0.052,0.742,0.46,0.664,0.628,0.407,0.583,0.469,0.682,0.676,0.786,0.535,1.023,0.053,1.328,0.466,0.054,0.414,0.529,0.05,0.585,0.443,0.028,0.284,0.053,0.186,0.269,0.681,2.561,0.297,0.709,0.265,0.321,0.5,0.043,0.161,0.46,0.354,0.903,0.793,0.517,0.152,0.359,2.441,0.591,0.053,0.052,0.386,0.375,0.369
1293,0.47,0.927,2.587,0.048,1.579,0.052,0.742,0.46,0.664,0.628,0.407,0.583,0.469,0.682,0.676,0.753,0.535,1.023,0.053,1.328,0.466,0.054,0.414,0.529,0.05,0.585,0.443,0.028,0.284,0.053,0.158,0.269,0.681,0.733,0.357,0.709,0.265,0.321,0.5,0.043,0.161,0.52,0.354,0.903,0.793,0.641,0.152,0.359,2.441,0.591,0.053,0.052,0.386,0.375,0.493
1294,0.42,0.927,2.587,0.048,1.499,0.052,0.742,0.46,0.724,0.628,0.407,0.583,0.469,0.682,0.676,0.753,0.535,1.023,0.053,3.604,0.466,0.054,0.314,0.529,0.05,0.585,2.258,0.028,0.284,0.053,0.158,0.269,0.641,0.78,0.357,0.709,0.265,0.411,0.46,0.043,0.161,0.52,0.354,0.9,0.793,0.641,0.152,0.359,0.524,0.591,0.053,0.052,0.406,0.375,0.493
1295,0.42,0.927,0.529,0.048,1.499,0.052,0.588,0.46,0.724,0.688,0.407,0.417,0.569,0.682,0.676,0.753,0.535,1.023,0.053,3.604,0.466,0.054,0.363,0.529,0.05,0.585,2.258,0.028,0.284,0.053,0.158,0.269,0.448,0.76,0.357,0.709,0.325,0.411,0.46,0.043,0.161,0.52,0.354,0.9,0.793,0.641,0.152,0.359,0.524,0.591,0.053,0.052,0.406,0.375,0.493
1296,0.42,0.927,0.529,0.048,1.367,0.052,0.588,0.46,0.824,0.8,0.407,0.507,0.569,0.682,0.716,0.753,0.595,1.022,0.053,3.568,0.506,0.054,0.363,0.569,0.05,0.565,2.258,0.028,0.209,0.053,0.193,0.269,0.388,0.72,0.357,0.709,0.325,0.411,0.46,0.043,0.161,0.52,0.354,0.9,0.793,0.681,0.233,0.359,0.524,0.591,0.053,0.052,0.346,0.375,0.493
1297,0.42,0.927,0.594,0.227,1.367,0.052,0.555,0.46,0.907,0.68,0.407,0.507,0.569,0.682,0.716,0.693,0.575,1.122,0.053,0.752,0.466,0.054,0.333,0.569,0.05,0.565,0.549,0.028,0.209,0.053,0.193,0.269,0.428,0.807,0.53,0.757,0.325,0.411,0.46,0.043,0.161,0.52,0.354,0.9,0.793,0.681,0.233,0.359,0.524,0.591,0.053,0.052,0.346,0.375,0.493
1298,0.42,0.927,0.594,0.227,1.367,0.052,0.555,0.46,0.907,0.74,0.407,0.507,0.469,0.682,0.676,0.693,0.575,1.122,0.053,0.752,0.466,0.054,0.333,0.569,0.05,0.565,0.609,0.028,0.209,0.053,0.193,0.269,0.368,0.624,0.53,0.757,0.334,0.311,0.46,0.043,0.161,0.52,0.32,0.96,0.753,0.681,0.233,0.359,0.51,0.666,0.053,0.052,0.326,0.375,0.403
1299,0.42,0.927,0.594,0.227,1.499,0.052,0.555,0.46,1.053,0.74,0.407,0.651,0.469,0.682,0.676,0.693,0.575,1.082,0.053,0.989,0.466,0.054,0.481,0.569,0.05,0.565,0.609,0.242,0.209,0.053,0.193,0.269,0.368,0.503,0.55,0.757,0.334,0.311,0.46,0.043,0.161,0.52,0.32,0.96,0.653,0.681,0.233,0.359,0.51,0.666,0.053,0.052,0.386,0.375,0.403
1300,0.42,0.927,0.594,0.227,1.499,0.052,0.555,0.46,1.053,0.68,0.407,0.711,0.469,0.682,0.676,0.693,0.575,0.801,0.053,0.989,0.366,0.054,0.481,0.569,0.05,0.565,0.622,0.242,1.862,0.053,0.053,0.269,0.368,0.416,3.465,0.757,0.405,0.311,0.46,0.043,0.161,0.52,0.32,0.96,0.593,1.181,0.233,0.359,0.51,0.679,0.053,0.052,0.386,0.375,0.553
1301,0.42,0.927,0.684,0.227,0.546,0.052,0.555,0.46,0.831,0.68,0.407,0.711,0.469,0.682,0.676,0.766,0.575,0.801,0.053,0.929,0.366,0.054,0.481,0.549,0.05,0.579,0.68,0.242,1.862,0.053,0.053,0.269,0.368,0.416,3.465,0.857,0.405,0.311,0.58,0.043,0.052,0.52,0.32,0.96,0.593,1.194,0.233,0.359,0.51,0.739,0.053,0.052,0.386,0.375,0.553
1302,0.32,0.927,0.684,0.227,0.546,0.052,2.378,0.46,0.831,0.68,0.407,0.711,0.469,0.612,0.676,0.766,0.575,0.801,0.053,0.929,0.366,0.054,0.441,0.549,0.05,0.579,0.68,0.242,1.902,0.053,0.053,0.269,0.468,0.416,3.465,0.857,0.405,0.441,0.58,0.043,0.052,0.52,0.32,0.96,0.593,1.001,0.233,0.371,0.51,0.739,0.053,0.052,0.572,0.435,0.613
1303,0.32,0.627,0.684,0.227,0.546,0.052,2.378,0.46,0.831,0.725,0.407,0.711,0.469,0.475,0.676,0.766,0.575,0.801,0.053,0.809,0.366,0.054,0.441,0.549,0.05,0.579,0.68,0.242,0.249,0.053,0.053,0.269,0.468,0.416,3.465,0.857,0.356,0.441,0.58,0.043,0.052,0.52,0.354,0.96,0.593,0.989,0.233,0.371,0.51,0.679,0.053,0.052,0.572,0.435,0.463
1304,0.32,0.827,0.684,0.227,0.546,0.052,2.378,0.46,0.771,0.725,0.407,0.711,0.469,0.475,0.736,0.776,0.575,0.801,0.053,0.874,0.366,0.054,0.441,0.549,0.05,0.639,0.68,0.242,0.249,0.053,0.053,3.23,0.488,0.341,3.465,0.857,0.356,0.441,0.58,0.043,0.052,0.52,0.354,0.96,0.653,0.989,0.233,0.371,0.51,0.679,0.053,0.052,0.572,0.435,0.463
1305,0.32,0.827,0.684,0.227,0.546,0.052,0.859,0.29,0.608,0.725,0.407,0.711,0.469,0.535,0.736,0.776,0.555,0.801,0.053,0.874,0.366,0.054,0.441,0.549,0.05,0.639,0.68,0.242,0.324,0.053,0.053,3.23,0.548,0.341,3.465,0.867,0.356,0.441,0.449,0.043,0.052,0.52,0.354,1.0,0.653,0.989,0.233,0.371,0.56,0.679,0.053,0.052,0.572,0.435,0.463
1306,0.32,0.827,0.651,0.227,0.546,0.284,0.998,0.29,0.608,0.785,0.42,0.711,0.469,0.535,0.736,0.776,0.555,0.801,0.053,0.934,0.281,0.054,0.441,0.549,0.05,0.639,0.68,0.242,0.324,0.053,0.053,3.23,0.536,0.341,3.465,0.897,0.356,0.441,0.449,0.043,0.052,0.52,0.401,1.0,0.64,0.989,0.233,0.371,0.762,0.679,0.053,0.052,0.572,0.435,0.463
1307,0.32,0.827,0.561,0.227,0.546,0.284,0.998,0.29,0.491,0.785,0.42,0.711,0.598,0.56,0.736,0.776,0.555,0.801,0.053,0.909,0.241,0.054,0.441,0.549,0.05,0.639,0.68,0.242,0.641,0.053,0.053,3.23,0.536,0.341,3.465,0.778,0.356,0.441,0.449,0.043,0.052,0.52,0.501,0.856,0.64,0.929,0.233,0.371,0.762,0.679,0.053,0.052,0.551,0.435,0.463
1308,0.32,0.827,0.561,0.227,0.546,0.284,0.998,0.29,0.491,0.785,0.42,0.711,0.598,0.56,2.963,0.776,0.555,0.861,0.053,0.874,0.241,0.16,0.373,0.549,0.05,0.639,0.68,0.242,0.862,0.053,0.053,3.23,0.536,0.281,3.465,0.813,0.356,0.587,0.449,0.043,0.052,0.52,0.401,0.657,0.64,0.929,0.233,0.371,0.762,0.644,0.053,0.052,0.551,0.435,0.463
1309,0.32,0.847,0.561,0.227,0.546,0.284,0.998,0.35,0.491,0.785,0.42,0.711,0.598,0.56,3.104,0.776,0.595,0.761,0.053,0.874,0.468,0.16,0.433,0.549,0.05,0.639,0.68,0.242,0.862,0.053,0.053,3.336,0.536,0.306,3.465,0.386,0.356,0.487,0.64,0.043,0.052,0.414,0.273,0.669,0.64,0.929,0.233,0.371,0.762,0.644,0.053,0.052,0.551,0.435,0.463
1310,0.32,0.847,0.561,0.36,0.56,0.284,0.998,0.35,0.491,0.785,0.42,0.711,1.05,0.049,2.974,0.776,0.595,0.761,0.053,0.874,0.468,0.16,0.433,0.589,0.05,0.639,0.051,0.242,0.871,0.053,0.053,3.513,0.536,0.045,3.465,0.055,0.045,0.487,0.64,0.043,0.052,0.427,0.213,0.681,0.68,0.929,0.233,0.371,0.762,0.644,0.053,0.052,0.551,0.435,0.258
1311,0.32,0.927,0.561,0.467,0.56,0.284,0.998,0.35,0.491,0.885,0.505,0.711,1.038,0.049,0.747,0.776,0.555,0.886,0.053,0.874,0.468,0.16,0.433,0.555,0.05,0.639,0.051,0.242,0.554,0.053,0.053,3.513,0.496,0.045,3.465,0.055,0.045,0.487,0.64,0.043,0.052,0.427,0.213,0.681,3.431,0.805,0.233,0.299,0.762,0.49,0.053,0.212,0.551,0.435,0.258
1312,0.32,0.927,0.561,0.467,0.56,0.284,0.998,0.35,0.491,0.885,0.42,0.711,1.038,0.049,0.747,0.907,0.555,0.895,0.053,0.865,0.468,0.16,0.433,0.589,0.05,0.639,0.051,0.242,0.554,0.053,0.053,3.553,0.496,0.045,3.465,0.055,0.045,0.763,0.705,0.043,0.052,0.427,0.204,0.621,3.431,0.805,0.233,0.299,0.699,0.55,0.053,0.212,0.551,0.435,0.258
1313,0.32,0.927,0.561,0.567,0.56,0.284,0.694,0.35,0.491,0.885,0.316,0.711,1.038,0.049,0.611,0.807,0.555,0.895,0.053,0.865,0.468,0.16,0.433,0.549,0.05,0.639,0.051,0.028,0.554,0.053,0.053,3.553,0.496,0.045,3.465,0.055,0.045,0.763,0.64,0.043,0.052,0.427,0.204,0.621,3.431,0.805,0.233,0.299,0.699,0.585,0.053,0.212,0.551,0.435,0.27
1314,0.38,1.196,0.561,0.679,0.56,0.284,0.694,0.472,0.491,0.773,0.316,0.621,1.038,0.049,0.611,0.807,0.555,0.895,0.053,0.965,0.528,0.16,0.433,0.549,0.05,0.639,0.051,0.028,0.554,0.053,0.053,3.553,0.525,0.045,3.465,0.055,0.045,0.863,0.64,0.043,0.052,0.427,0.204,0.621,3.431,0.965,0.233,0.299,0.699,0.525,0.053,0.212,0.551,0.435,0.27
1315,0.38,1.23,0.561,0.679,0.56,0.284,0.694,0.472,0.641,3.367,0.356,0.654,1.047,0.049,0.611,0.807,0.575,0.935,0.053,0.965,0.528,0.16,0.433,0.549,0.05,0.699,0.051,0.028,0.554,0.053,0.053,3.653,0.525,0.045,3.565,0.055,0.045,0.923,0.64,0.043,0.052,0.427,0.204,0.621,3.431,0.965,0.233,0.299,0.699,0.525,0.053,0.212,0.551,0.435,0.27
1316,0.38,1.199,0.561,0.739,0.56,0.284,0.694,0.472,0.491,3.367,0.416,0.654,1.033,0.049,0.611,0.807,0.523,0.995,0.053,0.965,0.528,0.16,0.373,0.549,0.05,0.699,0.051,0.028,0.554,0.053,0.053,3.673,0.525,0.045,3.605,0.055,0.045,1.147,0.64,0.043,0.052,0.427,0.204,0.621,3.431,0.965,0.233,0.299,0.699,0.534,0.053,0.212,0.551,0.47,0.258
1317,0.38,1.199,0.496,0.739,0.56,0.284,0.727,0.472,0.463,3.367,0.416,0.654,1.033,0.049,0.611,0.807,0.523,0.995,0.053,0.965,0.528,0.16,0.373,0.549,0.05,0.699,0.051,0.028,0.494,0.259,0.053,3.673,0.525,0.045,3.565,0.055,0.045,0.647,0.64,0.043,0.052,0.427,0.239,0.921,3.535,3.214,0.233,0.299,0.699,0.638,0.053,0.212,0.551,0.483,0.258
1318,0.38,1.259,0.496,0.739,0.56,0.284,0.767,0.472,0.463,3.367,0.416,0.754,0.493,0.171,0.611,0.807,0.583,0.969,0.053,4.072,0.528,0.16,0.373,0.549,0.05,0.873,0.051,0.028,0.519,0.259,0.053,3.853,0.525,0.045,3.465,0.055,0.045,0.647,0.54,0.043,0.241,0.467,0.529,0.921,3.535,3.274,0.045,0.299,0.699,0.638,0.053,0.212,0.551,0.483,0.258
1319,0.38,1.231,0.496,0.56,0.56,0.284,0.767,0.472,0.463,3.322,0.416,0.61,0.493,0.171,0.611,0.807,0.71,1.06,0.205,4.072,0.416,0.16,0.373,0.549,0.05,0.873,0.051,0.028,0.519,0.259,0.053,3.853,0.525,0.045,3.272,0.055,0.045,0.587,0.48,0.043,0.241,0.467,0.529,0.921,3.535,3.274,0.045,0.359,0.699,0.638,0.053,0.212,0.551,0.983,0.258
1320,0.264,1.231,0.496,0.56,0.56,0.284,0.767,0.201,0.463,3.322,0.416,0.406,0.493,0.171,0.611,0.747,0.71,1.12,0.205,4.072,0.356,0.16,0.373,0.509,0.05,0.873,0.051,0.028,0.519,0.259,0.053,0.413,0.525,0.045,0.043,0.055,0.045,0.497,0.48,0.043,0.241,0.467,0.494,0.029,3.409,1.025,0.319,0.299,0.699,0.954,0.053,0.212,0.551,0.948,0.258
1321,0.264,1.231,0.586,0.861,0.56,0.284,0.767,0.201,0.475,5.413,0.416,0.406,0.533,0.171,0.611,0.747,0.71,1.08,0.205,3.855,0.356,0.16,0.373,0.624,0.05,0.873,0.051,0.028,0.579,0.259,0.053,0.413,0.525,0.045,0.043,0.055,0.045,1.087,0.48,0.043,0.241,0.467,0.494,0.029,3.529,0.905,0.319,0.299,0.699,0.954,0.053,0.212,0.586,0.948,0.258
1322,0.264,1.231,0.586,0.921,0.66,0.284,0.767,0.201,0.475,5.413,0.456,0.346,0.533,0.171,0.611,0.727,0.71,1.08,0.205,3.735,0.356,0.16,0.373,0.624,0.05,0.873,0.051,0.028,0.579,0.259,0.053,0.413,0.525,0.045,0.043,0.055,0.045,1.087,0.48,0.043,0.241,0.467,0.494,0.029,3.529,0.905,0.319,0.299,0.699,0.954,0.053,0.212,0.551,0.948,0.258
1323,0.264,1.231,0.586,0.921,0.66,0.284,0.767,0.201,0.475,5.373,0.416,0.346,0.533,0.171,0.611,0.727,0.71,0.98,0.205,3.775,0.356,0.16,0.373,0.624,0.05,0.923,0.051,0.028,0.579,0.259,0.053,0.413,0.565,0.045,0.043,0.055,0.045,1.087,0.48,0.043,0.241,0.467,0.494,0.029,3.529,0.905,0.319,0.299,0.699,0.954,0.053,0.389,0.551,0.948,2.486
1324,0.304,1.266,0.496,0.921,0.66,0.284,0.727,0.201,0.535,3.282,0.416,0.346,0.493,0.171,0.611,0.727,0.71,0.92,0.205,3.775,0.599,0.16,0.481,0.624,0.05,0.923,0.051,0.028,0.579,0.259,0.053,0.534,0.565,0.045,0.043,0.055,0.045,1.087,0.47,0.043,0.241,0.467,0.494,0.029,3.529,0.905,0.319,0.299,0.649,0.638,0.053,0.389,0.365,0.948,2.486
1325,0.276,1.137,0.496,0.921,0.66,0.284,0.716,0.201,0.535,3.282,0.416,0.346,2.091,0.171,0.611,0.787,0.67,0.92,0.387,3.775,0.599,0.16,0.481,0.624,0.05,0.823,0.051,0.028,0.479,0.259,0.053,0.534,0.565,0.045,0.043,0.055,0.045,1.087,0.53,0.043,0.241,0.467,0.494,0.029,3.469,0.905,0.379,0.287,0.649,0.638,0.152,0.229,0.365,0.948,2.486
1326,0.276,0.877,0.556,0.921,0.66,0.284,0.716,0.201,2.519,3.282,0.416,0.346,2.475,0.171,0.611,0.787,0.67,0.92,0.387,3.775,0.639,0.054,0.501,0.624,0.05,0.783,0.267,0.028,0.479,0.259,0.053,0.534,0.565,0.045,0.043,0.055,0.045,0.987,0.359,0.043,0.241,0.467,0.494,0.029,3.469,0.965,0.479,0.276,0.649,0.638,0.152,0.229,0.365,0.948,2.486
1327,0.276,0.877,0.556,0.861,0.66,0.284,0.716,0.201,2.519,3.282,0.416,0.346,2.475,0.171,0.611,0.847,0.63,0.92,0.387,3.775,0.599,0.054,0.501,0.624,0.05,0.833,0.267,0.028,0.544,0.259,0.053,0.534,0.565,0.045,0.043,0.055,0.045,0.987,0.509,0.043,0.241,0.467,0.494,0.029,3.469,0.965,0.419,0.276,0.649,0.638,0.152,0.229,0.365,1.048,2.486
1328,0.276,0.728,0.556,0.861,0.66,0.052,0.716,0.201,2.669,3.242,0.416,0.346,0.877,0.171,0.701,0.767,0.57,0.932,0.387,3.835,0.599,0.054,0.501,0.624,0.05,0.833,0.267,0.028,0.544,0.259,0.053,0.534,0.565,0.045,0.043,0.055,0.045,0.841,0.469,0.043,0.241,0.467,0.494,0.029,3.469,0.965,0.419,0.216,0.447,0.638,0.152,0.229,0.4,1.048,2.486
1329,0.276,0.728,0.556,0.861,0.66,0.052,0.716,0.201,0.685,3.242,0.416,0.284,0.877,0.171,0.701,0.767,0.57,0.838,0.387,3.727,0.599,0.054,0.601,0.624,0.05,0.783,0.267,0.028,0.544,0.259,0.053,0.534,0.565,0.045,0.043,0.055,0.045,0.841,0.469,0.043,0.241,0.467,0.506,0.029,3.469,1.002,0.519,0.216,0.447,0.638,0.152,0.229,0.4,1.048,2.486
1330,0.276,0.759,0.596,0.749,0.66,0.052,0.716,0.201,0.745,3.282,0.416,0.284,0.493,0.171,0.701,0.767,0.605,0.838,0.387,3.667,0.24,0.054,0.601,0.624,0.05,0.883,0.267,0.028,0.323,0.259,0.053,0.534,0.565,0.045,0.043,0.226,0.045,0.052,0.469,0.043,0.241,0.567,0.506,0.029,3.356,1.014,0.519,0.344,0.447,0.638,0.152,0.229,0.4,1.148,2.546
1331,0.316,0.759,0.596,0.749,0.66,0.052,0.716,0.201,0.745,0.688,0.416,0.284,0.493,0.171,0.801,0.767,0.615,0.826,0.387,3.667,0.045,0.251,0.601,0.624,0.05,0.883,0.267,0.028,0.483,0.053,0.053,0.534,0.565,0.045,0.043,0.226,0.045,0.052,0.469,0.043,0.241,0.427,0.506,0.029,0.593,1.014,0.519,0.344,0.447,0.638,0.152,0.229,0.46,1.048,2.546
1332,0.876,0.759,0.596,0.749,0.548,0.052,0.716,0.201,0.745,0.688,0.501,0.284,0.493,0.171,0.801,0.696,0.615,0.826,0.387,3.567,0.045,0.251,0.601,0.624,0.05,0.883,0.267,0.028,0.483,0.053,0.053,0.357,0.565,0.045,0.043,0.226,0.045,0.052,0.469,0.043,0.241,0.427,0.506,0.029,0.593,1.014,0.519,0.32,0.507,0.608,0.152,0.229,0.46,1.048,2.486
1333,0.936,0.856,0.596,0.749,0.548,0.052,0.716,0.201,0.745,0.688,0.501,0.366,0.493,0.171,0.801,0.696,0.615,0.826,0.387,3.567,0.045,0.251,0.661,0.624,0.05,0.883,0.267,0.028,0.323,0.053,0.053,0.357,2.272,0.045,0.043,0.226,0.045,0.052,0.469,0.043,0.241,0.427,0.506,0.029,0.543,0.954,0.519,0.32,0.447,0.608,0.152,0.229,0.48,1.048,2.486
1334,0.976,0.896,0.578,0.749,0.548,0.052,0.716,0.043,0.745,0.688,0.501,0.366,0.553,0.171,0.801,0.696,0.54,0.886,0.387,3.576,0.045,0.251,0.661,0.632,0.24,0.823,0.267,0.028,0.323,0.053,0.053,0.357,2.332,0.045,0.043,0.266,0.045,0.052,0.469,0.043,0.241,0.467,0.634,0.029,0.543,0.942,0.419,0.32,0.467,0.608,0.152,0.229,0.48,1.048,2.486
1335,0.976,0.702,0.578,0.566,0.548,0.052,0.716,0.043,0.805,0.688,0.493,0.366,0.553,0.171,0.761,0.696,0.54,0.886,0.387,3.576,0.045,0.251,0.661,0.632,0.343,0.863,0.267,0.028,0.323,0.053,0.053,0.357,2.208,0.045,0.043,0.266,0.045,0.052,0.469,0.043,0.241,0.467,0.634,0.029,0.543,0.442,0.419,0.32,0.527,0.504,0.152,0.229,0.54,1.048,2.486
1336,0.876,0.682,0.611,0.566,0.548,0.052,0.716,0.043,0.655,0.688,0.493,0.284,0.553,0.049,0.761,0.696,0.54,0.886,0.387,3.636,0.045,0.251,0.761,0.632,0.343,0.823,0.267,0.028,0.235,0.053,0.053,0.357,0.501,0.045,0.043,0.266,0.045,0.052,0.469,0.043,0.241,0.467,0.634,0.029,0.543,0.247,0.419,0.32,0.527,0.504,0.152,0.229,0.52,1.048,2.486
1337,0.376,0.682,3.054,0.566,0.588,0.052,0.656,0.043,0.643,0.688,0.513,0.324,0.553,0.049,0.761,0.696,0.54,0.946,0.387,3.636,0.045,0.251,0.955,0.632,0.343,0.823,0.267,0.028,0.235,0.053,0.053,0.357,0.501,0.045,0.043,0.266,0.045,0.052,0.534,0.043,0.241,0.467,0.634,0.029,0.543,0.247,0.419,0.32,0.527,0.504,0.152,0.229,0.52,1.048,2.486
1338,0.458,0.682,3.054,0.566,0.7,0.052,0.656,0.043,0.602,0.688,0.513,0.324,0.593,0.049,0.761,0.756,0.6,0.946,0.387,0.549,0.045,0.251,0.955,0.652,0.343,0.823,0.267,0.028,0.235,0.053,0.053,0.177,0.501,0.045,0.043,0.266,0.045,0.052,0.534,0.043,0.35,0.467,0.634,0.029,0.543,0.347,0.419,0.32,0.527,0.504,0.152,0.229,0.52,1.036,2.486
1339,0.398,0.682,3.094,0.448,0.7,0.052,0.81,0.043,0.602,0.688,0.513,0.324,0.593,0.049,0.761,0.696,0.54,0.946,0.235,0.549,0.045,0.251,0.955,0.537,0.343,0.823,0.267,0.028,0.295,0.053,0.053,0.177,0.501,0.045,0.043,0.266,0.045,0.052,0.534,0.043,0.35,0.467,0.694,0.029,0.379,0.347,0.419,0.332,0.538,0.564,0.152,0.229,0.54,1.128,0.258
1340,0.398,0.682,3.094,0.448,0.7,0.052,0.81,0.043,0.059,0.697,0.513,0.324,0.593,0.049,0.761,0.696,0.54,0.989,0.235,0.649,0.045,0.251,0.955,0.537,0.343,0.034,0.267,0.028,0.295,0.053,0.053,0.177,0.057,0.045,0.043,0.266,0.045,0.228,0.534,0.043,0.161,0.467,0.504,0.029,0.379,0.431,0.419,0.344,0.538,0.564,0.152,0.229,0.047,1.128,0.377
1341,0.358,0.682,3.094,0.448,0.7,0.052,0.81,0.043,0.059,0.688,0.513,0.324,0.593,0.049,0.761,0.696,0.54,0.989,0.235,0.489,0.045,0.251,0.955,0.537,0.343,0.034,0.267,0.028,0.461,0.053,0.053,0.177,0.057,0.045,0.043,0.266,0.045,0.228,0.534,0.043,0.161,0.427,0.544,0.029,0.505,0.431,0.419,0.344,0.538,0.564,0.152,0.229,0.047,1.128,0.377
1342,0.298,0.722,3.094,0.508,0.7,0.052,0.77,0.043,0.233,0.688,0.513,0.304,0.593,0.049,0.761,0.696,0.54,0.929,0.235,0.489,0.045,0.251,0.955,0.537,0.343,0.034,0.267,0.028,0.461,0.053,0.053,0.056,0.057,0.045,0.043,0.306,0.045,0.228,0.534,0.043,0.161,0.467,0.544,0.029,0.505,0.431,0.419,0.379,0.538,0.564,0.152,0.229,0.047,1.568,0.377
1343,0.454,0.722,3.094,0.448,0.7,0.052,0.855,0.043,0.233,0.688,0.513,0.304,0.564,0.049,0.761,0.796,0.681,0.829,0.235,0.489,0.045,0.251,0.955,0.537,0.343,0.034,0.267,0.028,0.461,0.053,0.053,0.056,0.057,0.045,0.161,0.266,0.045,0.228,0.534,0.043,0.161,0.655,0.544,0.029,0.505,0.431,0.419,0.379,0.538,0.564,0.053,0.229,0.047,1.568,0.377
1344,0.454,0.722,3.094,0.448,0.7,0.052,0.738,0.043,0.233,0.628,0.513,0.304,0.564,0.049,0.761,0.796,0.681,0.829,0.235,0.489,0.045,0.251,0.955,0.517,0.343,0.034,0.267,0.028,0.461,0.053,0.053,0.056,0.057,0.045,0.161,0.266,0.045,0.228,0.534,0.043,0.161,0.655,0.544,0.029,0.505,0.431,0.419,0.379,0.478,0.554,0.053,0.229,0.047,1.068,0.377
1345,0.454,0.722,3.054,0.548,0.7,0.052,0.738,0.043,0.233,0.861,0.513,0.304,0.564,0.049,0.761,0.796,0.681,0.829,0.235,0.489,0.045,0.251,0.955,0.517,0.343,0.034,0.267,0.028,0.461,0.053,0.053,0.056,0.057,0.045,0.161,0.326,0.045,0.228,0.534,0.043,0.161,0.655,0.544,0.029,0.565,0.431,0.419,0.379,0.552,0.554,0.053,0.052,0.047,1.068,0.377
1346,0.554,0.722,3.054,0.548,0.7,0.052,0.778,0.043,0.455,0.861,0.547,0.304,0.564,0.049,0.752,0.796,0.681,0.829,0.235,0.364,0.045,0.251,0.955,0.517,0.343,0.034,0.267,0.028,0.461,0.053,0.053,0.056,0.057,0.045,0.161,0.326,0.045,0.228,0.534,0.043,0.161,0.69,0.544,0.029,0.565,0.431,0.419,0.439,0.652,0.454,0.053,0.052,0.047,1.068,0.377
1347,0.554,0.722,3.094,0.548,0.9,0.052,0.765,0.043,0.455,0.861,0.507,0.304,0.564,0.049,0.752,0.796,0.681,0.889,0.053,0.364,0.045,0.251,0.955,0.517,0.343,0.034,0.267,0.028,0.673,0.053,0.053,0.056,0.057,0.045,0.161,0.476,0.045,0.228,0.534,0.043,0.161,0.69,0.544,0.029,0.565,0.431,0.419,0.439,3.142,0.454,0.053,0.052,0.047,1.08,0.377
1348,0.554,0.722,3.094,0.548,0.9,0.052,0.705,0.043,0.455,0.861,0.507,0.304,0.564,0.049,0.752,0.796,0.681,0.889,0.053,0.364,0.045,0.251,0.955,0.517,0.343,0.034,0.051,0.028,0.733,0.053,0.053,0.056,0.057,0.045,0.161,0.476,0.045,0.228,0.534,0.043,0.161,0.655,0.544,0.029,0.565,0.443,0.419,0.331,3.142,0.454,0.053,0.052,0.047,1.08,0.437
1349,0.554,1.116,3.054,0.528,0.9,0.052,0.765,0.043,0.455,0.861,0.507,0.304,0.564,0.049,0.752,0.653,0.681,0.889,0.053,0.38,0.045,0.251,0.906,0.517,0.343,0.034,0.051,0.028,0.733,0.053,0.053,0.056,0.057,0.045,0.161,0.617,0.045,0.228,0.534,0.043,0.161,0.655,0.544,0.029,0.507,0.443,0.419,0.196,3.142,0.454,0.053,0.052,0.047,1.08,0.437
1350,0.554,1.056,3.054,0.428,0.9,0.052,0.765,0.043,0.455,0.861,0.507,0.291,0.564,0.049,0.752,0.553,0.681,0.889,0.053,0.38,0.045,0.251,0.906,0.517,0.343,0.034,0.051,0.028,0.733,0.053,0.053,0.056,0.057,0.045,0.161,0.717,0.045,0.228,0.534,0.175,0.161,0.655,0.544,0.029,0.507,0.443,0.407,0.196,3.082,0.494,0.053,0.052,0.047,1.08,0.174
1351,0.554,0.959,3.054,0.488,0.9,0.052,0.765,0.043,0.455,0.861,0.507,0.251,0.524,0.049,0.752,0.613,0.681,0.889,0.053,0.38,0.045,0.251,0.906,0.729,0.343,0.034,0.051,0.028,0.658,0.053,0.053,0.056,0.057,0.176,0.161,0.717,0.045,0.228,0.56,0.175,0.161,0.655,0.644,0.029,0.567,0.431,0.407,0.196,3.142,0.494,0.053,0.052,0.047,1.08,0.174
1352,0.554,1.059,2.994,0.488,0.889,0.052,0.765,0.043,0.455,0.801,0.507,0.251,0.524,0.049,0.752,0.613,0.681,1.05,0.053,0.38,0.045,0.251,0.906,0.729,0.343,0.034,0.051,0.028,0.658,0.053,0.053,0.056,0.167,0.176,0.161,0.717,0.045,0.228,0.56,0.175,0.161,0.595,0.644,0.029,0.567,0.431,0.407,0.196,3.142,0.434,0.053,0.052,0.047,1.08,0.174
1353,0.554,0.725,0.551,0.488,0.889,0.052,0.765,0.043,0.455,0.801,0.507,0.251,0.524,0.049,0.752,2.658,0.681,1.04,0.053,0.38,0.045,0.054,0.906,0.729,0.24,0.034,0.051,0.028,0.658,0.053,0.053,0.056,0.167,0.176,0.161,0.717,0.045,0.228,0.635,0.175,0.161,2.651,0.644,0.029,0.567,0.431,0.407,0.196,3.082,0.434,0.053,0.052,0.047,1.14,0.174
1354,0.554,0.845,0.551,0.488,0.889,0.052,0.765,0.043,0.455,0.801,0.507,0.251,0.524,0.049,0.752,2.57,0.681,1.04,0.053,0.38,0.045,0.054,0.806,0.729,0.24,0.034,0.051,0.028,0.658,0.053,0.053,0.056,0.167,0.176,0.161,0.717,0.045,0.228,0.695,0.389,0.161,2.651,0.644,0.029,0.567,0.347,0.467,0.196,3.082,0.434,0.053,0.052,0.047,1.311,0.174
1355,0.494,0.845,0.551,0.428,0.849,0.052,0.765,0.043,0.455,0.827,0.507,0.251,0.524,0.049,0.752,2.63,0.661,1.04,0.053,0.38,0.045,0.054,0.806,0.729,0.24,0.034,0.155,0.028,0.658,0.053,0.053,0.056,0.167,0.176,0.161,0.717,0.045,0.228,0.695,0.389,0.161,2.591,0.644,0.029,0.567,0.347,0.567,0.196,3.082,0.434,0.053,0.052,0.047,0.811,0.174
1356,0.554,0.725,0.551,0.428,0.849,0.052,2.984,0.043,0.455,0.887,0.507,0.414,0.524,0.049,0.752,0.545,0.661,1.04,0.053,0.44,0.045,0.054,0.806,0.729,0.05,0.034,0.155,0.028,0.658,0.053,0.053,0.056,0.36,0.176,0.161,0.617,0.045,0.228,0.635,0.389,0.196,0.435,0.644,0.029,0.587,0.347,0.567,0.196,3.082,0.434,0.053,0.052,0.047,0.811,0.174
1357,0.554,0.725,0.551,0.305,0.849,0.052,2.984,0.043,0.455,0.727,0.507,0.414,0.524,0.049,0.752,0.7,0.661,1.04,0.053,0.34,0.045,0.054,0.806,0.729,0.05,0.034,0.155,0.028,0.658,0.053,0.053,0.056,0.36,0.176,0.161,0.667,0.045,0.228,0.635,0.389,0.196,0.435,0.644,0.029,0.567,0.407,0.677,0.196,3.082,0.399,0.053,0.052,0.047,0.751,0.174
1358,0.554,0.74,0.551,0.305,0.849,0.052,2.984,0.043,0.455,0.727,0.507,0.65,0.412,0.049,0.752,0.7,0.661,1.04,0.053,0.34,0.045,0.054,0.806,0.729,0.05,0.034,0.155,0.028,0.658,0.053,0.053,0.056,0.36,0.176,0.161,0.727,0.045,0.228,0.635,0.389,0.196,0.375,0.644,0.029,3.318,0.347,0.737,0.236,3.082,0.553,0.053,0.052,0.047,0.751,0.055
1359,0.554,0.74,0.551,0.305,0.849,0.052,2.984,0.043,0.455,0.742,0.481,0.633,2.064,0.049,0.752,0.628,0.661,0.94,0.053,0.34,0.045,0.054,0.625,0.729,0.05,0.034,0.155,0.028,0.598,0.053,0.053,0.056,0.36,0.176,0.161,0.727,0.045,0.228,0.635,0.389,0.196,0.368,0.644,0.029,3.378,0.359,0.737,0.236,3.082,0.553,0.053,0.052,0.047,1.251,0.055
1360,0.554,0.8,0.591,0.048,0.86,0.052,2.944,0.043,0.455,0.642,0.501,0.633,2.064,0.049,0.692,0.608,0.661,0.94,0.053,0.34,0.045,0.054,0.625,0.789,0.05,0.034,0.155,0.028,0.598,0.053,0.098,0.056,0.36,0.176,0.161,0.727,0.045,0.228,0.57,0.389,0.196,0.368,0.644,0.029,3.378,0.359,0.737,0.236,3.082,0.54,0.053,0.052,0.047,1.251,0.055
1361,0.554,0.7,0.444,0.048,0.66,0.052,2.85,0.043,0.455,0.642,0.521,0.633,2.064,0.21,0.692,0.608,0.661,0.94,0.053,0.34,0.045,0.054,0.665,0.789,0.05,0.034,0.155,0.028,0.472,0.053,0.098,0.056,0.36,0.176,0.043,0.787,0.045,0.228,0.57,0.389,0.196,0.368,0.644,0.029,5.311,0.359,0.537,0.236,3.082,0.54,0.053,0.052,0.047,1.191,0.055
1362,0.554,0.7,0.504,0.048,0.66,0.052,2.85,0.043,0.281,0.642,0.481,0.633,0.466,0.21,0.692,0.628,0.661,0.94,0.053,0.34,0.045,0.054,0.557,0.789,0.05,0.034,0.155,0.028,0.472,0.053,0.098,0.056,0.36,0.176,0.043,0.727,0.045,0.052,0.57,0.389,0.196,0.368,0.644,0.029,5.311,0.359,0.537,0.236,3.082,0.54,0.053,0.052,0.047,1.191,0.055
1363,0.494,0.7,0.504,0.048,0.7,0.052,2.85,0.043,0.281,0.505,0.421,0.633,0.466,0.21,0.692,0.628,0.661,0.94,0.053,0.34,0.045,0.054,0.557,0.789,0.191,0.034,0.155,0.028,0.472,0.053,0.098,0.056,0.36,0.176,0.043,0.777,0.045,0.052,0.57,0.389,0.196,0.428,0.544,0.029,5.281,0.359,0.537,0.236,3.082,0.54,0.053,0.052,0.047,1.131,0.055
1364,0.564,0.7,0.504,0.048,0.7,0.052,2.85,0.043,0.281,0.617,0.421,0.715,0.466,0.21,0.692,0.628,0.661,0.94,0.053,0.34,0.045,0.054,0.557,0.789,0.191,0.034,0.155,0.028,0.472,0.053,0.098,0.056,0.36,0.176,0.043,0.888,0.045,0.052,0.57,0.389,0.196,0.428,0.544,0.029,3.276,7.778,0.537,0.236,3.082,0.54,0.053,0.052,0.047,1.131,0.055
1365,0.408,0.7,0.492,0.048,0.66,0.052,2.85,0.043,0.281,0.617,0.421,0.715,0.466,0.21,0.862,0.628,0.46,0.94,0.053,0.34,0.045,0.054,0.557,0.577,0.191,0.034,0.155,0.028,0.472,0.053,0.098,0.056,0.36,0.176,0.043,0.888,0.045,0.052,0.57,0.389,0.196,0.428,0.544,0.029,3.276,7.778,0.537,0.236,3.082,0.54,0.053,0.052,0.047,1.06,0.055
1366,0.408,0.7,0.492,0.048,0.66,0.052,14.661,0.213,0.281,0.617,0.508,1.048,0.466,0.21,0.862,0.628,0.46,1.121,0.053,0.395,0.045,0.054,0.597,0.577,0.191,0.034,0.155,0.028,0.472,0.053,0.098,0.056,0.36,0.176,0.043,0.888,0.045,0.052,0.57,0.389,0.196,0.468,0.544,0.029,3.276,7.766,0.597,0.236,3.082,0.54,0.053,0.052,0.047,1.072,0.055
1367,0.408,0.7,0.452,0.227,0.66,0.052,14.661,0.213,0.281,0.617,0.508,1.048,0.466,0.21,0.862,0.628,0.46,1.121,0.053,0.395,0.045,0.054,0.557,0.577,0.191,0.034,0.155,0.028,0.472,0.053,1.419,0.056,0.36,0.176,0.043,0.988,0.045,0.052,0.57,0.389,0.196,0.468,0.544,0.029,3.276,0.54,0.704,0.236,3.082,0.54,0.053,0.052,0.047,1.072,0.055
1368,0.408,0.7,0.452,0.227,0.66,0.052,14.661,0.213,0.059,0.617,0.408,1.048,0.406,0.21,0.862,0.608,0.46,1.121,0.053,0.34,0.045,0.054,0.557,0.577,0.191,0.034,0.155,0.028,0.472,0.053,1.419,0.056,0.36,0.176,0.043,0.988,0.045,0.052,0.57,0.257,0.196,0.468,0.544,0.029,3.316,0.54,0.704,0.236,2.938,0.525,0.053,0.052,0.047,1.072,0.055
1369,0.408,0.7,0.512,0.227,0.66,0.052,2.861,0.213,0.059,0.617,0.784,1.192,0.406,0.21,0.862,0.56,0.46,1.121,0.053,0.395,0.045,0.16,0.557,0.577,0.191,0.034,0.155,0.028,2.125,0.053,1.532,0.056,0.36,0.045,0.043,0.847,0.045,0.052,0.57,0.257,0.196,0.428,0.544,0.029,3.316,0.54,0.644,0.236,2.938,0.525,0.053,0.052,0.047,1.072,0.055
1370,0.238,0.7,0.512,0.227,0.646,0.052,2.861,0.213,0.059,0.617,0.784,0.696,0.406,0.21,0.922,0.608,0.46,1.121,0.053,0.34,0.045,0.16,0.527,0.577,0.191,0.034,0.155,0.028,2.185,0.053,1.592,0.056,0.057,0.045,0.043,0.847,0.045,0.052,0.57,0.257,0.196,0.415,0.544,0.029,3.441,0.242,0.644,0.236,2.938,0.56,0.053,0.052,0.047,1.072,0.055
1371,0.238,0.7,0.512,0.227,0.546,0.052,2.861,0.213,0.059,0.677,0.784,0.713,0.406,0.21,0.781,0.608,0.46,1.121,0.053,0.34,0.045,0.16,0.527,0.577,0.191,0.034,0.155,0.028,2.185,0.053,1.592,0.056,0.057,0.045,0.043,0.847,0.045,0.052,0.57,0.257,0.196,0.415,0.544,0.029,3.441,0.242,0.644,0.236,2.938,0.604,0.053,0.052,0.047,1.072,0.055
1372,0.238,0.838,0.412,0.227,0.546,0.284,0.582,0.213,0.059,0.677,0.784,0.713,0.406,0.21,0.871,0.488,0.48,0.96,0.053,0.34,0.045,0.16,0.527,0.612,0.191,0.034,0.155,0.028,0.532,0.053,1.592,0.056,0.057,0.045,0.043,0.847,0.045,0.052,0.57,0.257,0.196,0.415,0.544,0.029,3.501,0.242,0.644,0.236,2.938,0.604,0.053,0.052,0.047,1.072,0.055
1373,0.298,0.873,0.412,0.227,0.486,0.284,0.582,0.213,0.059,0.677,0.408,0.733,0.406,0.21,0.871,0.488,0.48,0.96,0.053,0.34,0.045,0.16,0.587,0.612,0.191,0.034,0.051,0.028,0.532,0.053,1.592,0.056,0.057,0.045,0.043,0.847,0.045,0.052,0.57,0.257,0.196,0.415,0.544,0.029,3.441,0.242,0.644,0.196,2.938,0.604,0.053,0.052,0.233,1.072,0.055
1374,0.454,0.873,0.352,0.227,0.486,0.284,0.522,0.213,0.059,0.677,0.408,0.773,0.406,0.21,0.871,0.455,0.46,0.96,0.053,0.34,0.045,0.16,0.587,0.612,0.191,0.034,0.051,0.028,0.705,0.053,1.592,0.056,0.057,0.045,0.043,0.882,0.045,0.052,0.57,0.257,0.196,0.415,0.457,0.029,3.501,0.242,0.644,0.196,0.335,0.604,0.053,0.052,0.233,1.132,0.055
1375,0.454,0.873,0.352,0.227,0.526,0.284,0.502,0.213,0.059,0.737,0.408,0.753,0.406,0.21,1.007,0.455,0.46,1.02,0.053,0.4,0.045,0.16,0.647,0.672,0.191,0.034,0.051,0.028,0.705,0.053,1.592,0.056,0.057,0.045,0.043,0.882,0.045,0.052,0.57,0.257,0.196,0.415,0.517,0.029,3.441,0.242,0.644,0.196,0.335,0.604,0.053,0.052,0.233,1.132,0.055
1376,0.454,0.873,0.412,0.227,0.526,0.284,0.562,0.213,0.059,0.737,0.468,0.703,0.406,0.21,0.871,0.455,0.42,1.055,0.053,0.4,0.045,0.16,0.647,0.672,0.191,0.034,0.051,0.028,0.705,0.053,1.592,0.056,0.057,0.045,0.043,0.971,0.045,0.052,0.57,0.043,0.052,0.475,0.517,0.029,3.441,0.242,0.644,0.136,0.335,0.604,0.053,0.052,0.233,0.901,0.055
1377,0.454,0.873,0.412,0.227,0.526,0.284,0.562,0.213,0.059,0.837,0.468,0.723,0.406,0.21,0.871,0.455,0.42,0.93,0.053,0.36,0.24,0.16,0.647,0.672,0.191,0.034,0.051,0.028,0.705,0.053,1.592,0.056,0.057,0.045,0.043,0.936,0.045,0.052,0.57,0.043,0.052,0.475,0.517,0.029,3.441,0.242,0.832,0.136,0.335,0.604,0.053,0.052,0.233,0.888,0.055
1378,0.514,0.873,0.412,0.227,0.526,0.284,0.562,0.213,0.059,0.837,0.468,0.743,0.406,0.21,0.721,0.555,0.42,0.93,0.053,0.36,0.24,0.16,0.647,0.672,0.191,0.034,0.051,0.028,0.78,0.053,1.556,0.056,0.057,0.045,0.043,0.896,0.045,0.052,0.57,0.043,0.052,0.475,0.517,0.029,0.69,0.242,0.832,0.196,0.335,0.45,0.053,0.052,0.233,0.888,0.055
1379,0.392,0.873,0.412,0.227,0.586,0.284,0.679,0.213,0.059,0.837,0.468,0.738,0.406,0.21,0.721,0.712,0.46,0.93,0.053,0.36,0.24,0.16,0.647,0.672,0.191,0.034,0.051,0.028,0.78,0.053,1.556,0.056,0.057,0.045,0.216,0.896,0.045,0.052,0.495,0.043,0.052,0.475,0.517,0.029,0.763,0.242,0.832,0.196,0.434,0.45,0.053,0.052,0.233,0.888,0.055
1380,0.332,0.873,0.412,0.227,0.526,0.284,0.679,0.043,0.059,0.837,0.049,0.572,0.406,0.21,0.721,0.169,0.46,0.27,0.053,0.051,0.24,0.16,0.587,0.054,0.191,0.034,0.051,0.028,0.78,0.053,1.556,0.056,0.057,0.045,0.216,0.785,0.045,0.052,0.495,0.043,0.052,0.054,0.517,0.029,0.763,0.402,0.832,0.046,0.434,0.45,0.053,0.052,0.233,0.888,0.26
1381,0.332,0.873,0.412,0.227,0.526,0.284,0.679,0.043,0.059,0.837,0.049,0.532,0.406,0.049,0.781,0.169,0.46,0.27,0.053,0.051,0.24,0.16,0.627,0.054,0.191,0.034,0.051,0.028,0.78,0.053,1.556,0.056,0.057,0.045,0.216,0.785,0.045,0.052,0.495,0.043,0.052,0.054,0.577,0.029,0.703,0.209,0.772,0.046,0.434,0.45,0.053,0.052,0.233,0.888,0.26
1382,0.332,0.873,0.602,0.227,0.526,0.284,0.679,0.043,0.059,0.71,0.049,0.592,0.406,0.049,0.781,0.169,0.46,0.27,0.053,0.051,0.24,0.16,0.627,0.054,0.191,0.034,0.051,0.028,0.78,0.053,1.556,0.056,0.057,0.045,0.216,0.845,0.045,0.052,0.495,0.043,0.052,0.054,0.517,0.029,0.703,0.209,0.772,0.046,0.434,0.525,0.053,0.052,0.233,0.888,0.26
1383,0.332,0.873,0.602,0.227,0.486,0.284,0.679,0.043,0.059,0.71,0.049,0.632,0.406,0.049,0.781,0.169,0.46,0.27,0.205,0.051,0.24,0.16,0.627,0.054,0.05,0.034,0.051,0.028,0.771,0.053,1.556,0.056,0.057,0.045,0.216,0.845,0.045,0.052,0.495,0.043,0.052,0.054,0.517,0.029,0.793,0.209,0.772,0.046,0.434,0.525,0.053,0.052,0.233,0.888,0.26
1384,0.332,0.873,0.602,0.227,0.446,0.284,0.679,0.043,0.059,0.71,0.049,0.632,0.406,0.049,0.781,0.169,0.46,0.27,0.205,0.051,0.24,0.16,0.627,0.054,0.05,0.034,0.051,0.028,0.731,0.053,1.556,0.056,0.057,0.045,0.216,0.905,0.045,0.052,0.495,0.043,0.052,0.054,0.517,0.228,0.793,0.209,0.712,0.046,0.434,0.538,0.053,0.052,0.233,0.848,0.26
1385,0.332,0.973,0.602,0.227,0.446,0.284,0.679,0.043,0.059,0.71,0.049,0.632,0.406,0.049,0.831,0.169,0.46,0.27,0.205,0.051,0.24,0.16,0.627,0.054,0.05,0.208,0.051,0.028,0.731,0.053,1.556,0.056,0.057,0.045,0.216,0.805,0.045,0.052,0.495,0.043,0.052,0.054,0.517,0.228,0.793,0.209,0.605,0.046,0.398,0.538,0.053,0.052,0.233,0.848,0.26
1386,0.332,0.973,0.602,0.227,0.458,0.284,0.679,0.043,0.059,0.71,0.049,0.632,0.406,0.049,0.831,0.169,0.46,0.27,0.205,0.051,0.24,0.16,0.627,0.054,0.05,0.208,0.051,0.028,0.731,0.053,1.556,0.056,0.057,0.228,0.216,0.745,0.045,0.052,0.495,0.043,0.052,0.054,0.517,0.228,0.753,0.209,0.605,0.046,0.398,0.538,0.053,0.052,0.233,0.848,0.26
1387,0.332,0.973,0.602,0.227,0.458,0.284,0.719,0.043,0.059,0.71,0.049,0.632,0.406,0.049,0.661,0.169,0.46,0.27,0.205,0.051,0.24,0.054,7.323,0.054,0.05,0.208,0.051,0.028,0.731,0.053,1.556,0.056,0.057,0.228,0.216,0.745,0.045,0.052,0.495,0.043,0.052,0.054,0.571,0.228,0.753,0.209,0.605,0.046,0.398,0.538,0.053,0.052,0.233,0.848,0.26
1388,0.392,1.07,0.462,0.227,0.458,0.284,0.869,0.043,0.059,0.622,0.049,0.599,0.397,0.049,0.661,0.169,0.46,0.049,0.205,0.051,0.24,0.054,7.323,0.169,0.05,0.208,0.051,0.028,0.656,0.053,1.556,0.056,0.057,0.228,0.216,0.864,0.045,0.052,0.495,0.043,0.052,0.054,0.571,0.228,0.753,0.333,0.665,0.046,0.398,0.538,0.053,0.052,0.233,0.748,0.26
1389,0.392,1.13,0.482,0.166,0.558,0.284,0.869,0.043,0.059,0.622,0.049,0.455,0.397,0.049,0.661,0.3,0.535,0.049,0.205,0.051,0.24,0.054,7.323,0.169,0.05,0.208,0.051,0.028,0.912,0.053,1.616,0.056,0.057,0.228,0.216,0.864,0.045,0.198,0.495,0.043,0.052,0.054,0.511,0.332,0.813,0.333,0.665,0.046,0.398,0.425,0.053,0.052,0.233,0.656,0.26
1390,0.392,1.13,0.482,0.166,0.546,0.284,0.646,0.054,0.059,0.057,0.049,0.455,0.056,0.049,0.661,0.3,0.535,0.049,0.205,0.171,0.24,0.054,0.527,0.169,0.05,0.208,0.051,0.028,0.912,0.053,1.716,0.056,0.057,0.228,0.216,0.864,0.045,0.198,0.495,0.043,0.052,0.054,0.511,0.332,0.825,0.333,0.665,0.046,0.398,0.052,0.053,0.229,0.233,0.731,0.26
1391,0.392,1.13,0.482,0.166,0.546,0.284,0.646,0.066,0.059,0.057,0.049,0.455,0.056,0.049,0.661,0.3,0.595,0.049,0.205,0.171,0.24,0.054,0.527,0.169,0.05,0.208,0.051,0.028,0.852,0.053,1.716,0.056,0.057,0.228,0.216,0.864,0.045,0.198,0.495,0.043,0.052,0.054,0.499,0.332,0.845,0.333,0.665,0.046,0.398,0.052,0.053,0.229,0.233,0.731,0.26
1392,0.276,1.13,0.482,0.166,0.546,0.284,0.646,0.086,0.059,0.057,0.049,0.455,0.056,0.049,0.661,0.3,0.595,0.049,0.205,0.171,0.24,0.054,0.587,0.169,0.05,0.208,0.267,0.028,0.852,0.053,1.616,0.056,0.057,0.228,0.216,0.864,0.045,0.198,0.555,0.043,0.052,0.054,0.499,0.332,1.009,0.333,0.665,0.046,0.398,0.052,0.053,0.229,0.233,0.731,0.26
1393,0.276,1.13,2.52,0.166,0.546,0.284,0.646,0.086,0.059,0.057,0.049,0.415,0.056,0.049,0.661,0.3,0.595,0.049,0.205,0.171,0.24,0.054,0.487,0.169,0.05,0.208,0.267,0.028,0.852,0.053,1.616,0.056,0.057,0.228,0.216,0.864,0.045,0.198,0.655,0.043,0.052,0.054,0.499,0.332,0.949,0.333,0.605,0.046,0.398,0.052,0.053,0.229,0.233,0.731,0.26
1394,0.216,1.13,2.52,0.166,0.446,0.052,0.646,1.889,0.059,0.057,0.049,0.415,0.056,0.049,0.661,0.3,0.595,0.049,0.205,0.171,0.24,0.054,0.487,0.169,0.05,0.208,0.267,0.028,0.852,0.053,1.616,0.056,0.057,0.228,0.216,0.815,0.045,0.198,0.655,0.043,0.052,0.054,0.499,0.332,0.949,0.333,0.705,0.154,0.398,0.052,0.053,0.229,0.233,0.731,0.26
1395,0.216,1.03,2.585,0.166,0.446,0.052,0.646,1.989,0.059,0.057,0.049,0.415,0.056,0.049,0.661,0.3,0.595,0.049,0.205,0.171,0.24,0.054,0.487,0.169,0.05,0.208,0.267,0.028,0.852,0.053,1.607,0.056,0.057,0.228,0.216,0.927,0.045,0.198,0.595,0.043,0.052,0.054,0.499,0.332,0.949,0.333,0.705,0.154,0.398,0.052,0.053,0.389,0.047,0.74,0.26
1396,0.216,1.03,0.527,0.166,0.446,0.052,0.686,1.989,0.059,0.057,0.049,0.415,0.056,0.049,0.511,0.3,0.595,0.049,0.205,0.171,0.24,0.054,0.487,0.169,0.05,0.208,0.267,0.028,0.84,0.053,1.607,0.056,0.057,0.228,0.216,0.915,0.045,0.198,0.595,0.043,0.052,0.054,0.627,0.332,0.949,0.333,0.705,0.154,0.398,0.052,0.053,0.389,0.047,0.74,0.26
1397,0.216,1.179,0.527,0.166,0.446,0.052,0.686,0.34,0.059,0.057,0.049,0.415,0.056,0.049,0.523,0.183,0.595,0.049,0.205,0.171,0.24,0.054,0.474,0.169,0.05,0.208,0.267,0.028,0.84,0.053,0.286,0.056,0.057,0.228,0.216,0.915,0.045,0.198,0.595,0.043,0.052,0.054,0.627,0.332,0.949,0.333,0.705,0.154,0.299,0.052,0.053,0.389,0.047,0.725,0.26
1398,0.216,1.179,0.527,0.166,0.446,0.052,0.686,0.43,0.059,0.057,0.049,0.415,0.056,0.049,0.523,0.183,0.595,0.049,0.205,0.171,0.24,0.054,0.474,0.169,0.05,0.208,0.267,0.028,0.94,0.053,0.286,0.056,0.057,0.228,0.216,0.845,0.045,0.198,0.595,0.043,0.052,0.054,0.627,0.332,0.949,0.333,0.705,0.154,0.299,0.052,0.053,0.389,0.047,0.716,0.26
1399,2.43,1.179,0.527,0.166,0.446,0.052,0.646,0.33,0.059,0.057,0.049,0.475,0.056,0.049,0.523,0.183,0.595,0.049,0.205,0.171,0.045,0.054,0.414,0.169,0.05,0.208,0.267,0.028,1.0,0.053,0.286,0.056,0.057,0.228,0.216,0.815,0.045,0.198,0.595,0.043,0.052,0.054,0.627,0.332,0.949,0.333,0.517,0.154,0.501,0.052,0.053,0.389,0.047,0.716,0.26
1400,0.036,1.208,0.527,0.166,0.446,0.052,0.646,0.33,0.059,0.057,0.049,0.415,0.056,0.049,0.523,0.183,0.595,0.049,0.205,0.171,0.045,0.054,0.414,0.169,0.05,0.208,0.267,0.028,1.06,0.053,0.286,0.056,0.057,0.228,0.216,0.055,0.045,0.198,0.048,0.043,0.052,0.054,0.05,0.332,0.949,0.333,0.517,0.154,0.501,0.052,0.053,0.389,0.205,0.716,0.26
1401,0.036,1.208,0.694,0.166,0.446,0.052,0.646,0.33,0.059,0.057,0.049,0.415,0.056,0.049,0.523,0.183,0.595,0.049,0.205,0.171,0.045,0.054,0.514,0.169,0.05,0.208,0.267,0.028,1.0,0.259,0.286,0.056,0.057,0.228,0.043,0.055,0.045,0.198,0.048,0.043,0.052,0.054,0.05,0.332,0.949,0.333,0.517,0.154,0.501,0.052,0.053,0.389,0.26,0.716,0.26
1402,0.036,1.108,0.694,0.166,0.446,0.052,0.706,0.33,0.059,0.057,0.049,0.415,0.056,0.049,0.523,0.183,0.595,0.049,0.205,0.171,0.045,0.054,0.514,0.169,0.05,0.208,0.267,0.028,1.0,0.259,0.361,0.056,0.057,0.228,0.043,0.055,0.045,0.198,0.048,0.043,0.052,0.054,0.05,0.332,0.949,0.173,0.517,0.154,0.541,0.052,0.152,0.389,0.32,0.716,0.055
1403,0.036,1.197,0.754,0.166,0.446,0.052,0.718,0.33,0.059,0.057,0.049,0.355,0.056,0.049,0.523,0.183,0.56,0.049,0.053,0.171,0.045,0.054,0.514,0.169,0.05,0.208,0.267,0.028,1.0,0.259,0.361,0.056,0.057,0.228,0.043,0.055,0.045,0.198,0.048,0.043,0.052,0.054,0.05,0.332,0.949,0.173,0.517,0.154,0.541,0.052,0.152,0.389,0.32,0.716,0.055
1404,0.036,1.197,0.786,0.166,0.39,0.052,0.718,0.33,0.059,0.057,0.049,0.355,0.056,0.049,0.461,0.183,0.55,0.049,0.053,0.171,0.045,0.054,0.514,0.169,0.05,0.208,0.267,0.028,1.0,0.259,0.361,0.056,0.057,0.228,0.043,0.055,0.045,0.198,0.048,0.043,0.052,0.054,0.05,0.332,1.009,0.173,0.517,0.154,0.541,0.052,0.152,0.389,0.32,0.716,0.055
1405,0.036,1.197,0.706,0.166,0.39,0.052,0.658,0.33,0.233,0.057,0.049,0.32,0.056,0.049,0.461,0.183,0.55,0.049,0.053,0.171,0.045,0.054,0.514,0.169,0.05,0.208,0.267,0.028,1.175,0.259,0.396,0.233,0.057,0.228,0.043,0.055,0.045,0.198,0.048,0.175,0.052,0.054,0.05,0.332,1.009,0.173,0.517,0.154,0.527,0.052,0.152,0.389,0.32,0.716,0.055
1406,0.036,1.1,0.706,0.166,0.39,0.052,0.646,0.48,0.233,0.057,0.049,0.32,0.056,0.049,0.461,0.183,0.475,0.049,0.235,0.388,0.045,0.054,0.514,0.054,0.05,0.208,0.267,0.028,1.175,0.259,0.361,0.233,0.057,0.228,0.043,0.055,0.045,0.198,0.048,0.175,0.161,0.054,0.05,0.133,0.884,0.049,0.517,0.154,0.527,0.052,0.152,0.389,0.32,0.656,0.174
1407,0.036,1.1,0.826,0.231,0.39,0.052,0.686,0.5,0.233,0.057,0.188,0.32,0.056,0.049,0.461,0.183,0.475,0.049,0.235,0.388,0.045,0.054,0.514,0.054,0.05,0.034,0.267,0.028,1.175,0.259,0.361,0.233,0.057,0.228,0.043,0.055,0.045,0.198,0.048,0.175,0.161,0.054,0.05,0.029,0.884,0.049,0.517,0.154,0.527,0.052,0.152,0.389,0.26,0.656,0.174
1408,0.036,1.14,2.824,0.231,0.39,0.052,0.726,0.5,0.233,0.057,0.188,0.32,0.056,0.049,0.461,0.183,0.475,0.049,0.235,0.268,0.045,0.054,0.514,0.054,0.05,0.034,0.267,0.028,1.135,0.259,0.361,0.233,0.057,0.045,0.043,0.055,0.045,0.198,0.048,0.175,0.161,0.054,0.05,0.029,0.834,0.049,0.417,0.154,0.527,0.052,0.152,0.389,0.26,0.656,0.174
1409,0.192,1.14,2.791,0.231,0.39,0.052,0.726,0.5,0.233,0.057,0.188,0.191,0.056,0.049,0.461,0.052,0.616,0.049,0.235,0.268,0.045,0.251,0.514,0.054,0.05,0.034,0.267,0.028,1.15,0.259,0.361,0.233,0.057,0.045,0.043,0.055,0.045,0.052,0.048,0.175,0.161,0.054,0.05,0.029,0.834,0.049,0.417,0.154,0.527,0.052,0.152,0.229,0.26,0.676,0.174
1410,0.192,1.14,2.791,0.231,0.39,0.052,0.055,0.5,0.233,0.057,0.188,0.191,0.056,0.049,0.461,0.052,0.616,0.049,0.235,0.268,0.045,0.251,0.514,0.054,0.05,0.034,0.267,0.028,1.15,0.259,0.361,0.233,0.057,0.045,0.043,0.055,0.045,0.052,0.048,0.175,0.35,0.054,0.05,0.029,0.834,0.049,0.417,0.154,0.256,0.052,0.152,0.229,0.047,0.768,0.174
1411,0.192,0.991,0.733,0.231,0.49,0.052,0.055,0.5,0.233,0.057,0.188,0.191,0.056,0.049,0.461,0.052,0.616,0.049,0.235,0.268,0.045,0.251,0.514,0.054,0.05,0.034,0.267,0.242,0.929,0.259,0.361,0.233,0.057,0.045,0.043,0.055,0.045,0.052,0.048,0.175,0.35,0.054,0.05,0.029,0.834,0.049,0.417,0.154,0.256,0.052,0.152,0.229,0.047,0.768,0.174
1412,0.192,0.991,0.733,0.231,0.49,0.052,0.055,0.56,0.233,0.057,0.188,0.191,0.056,0.049,0.461,0.052,0.616,0.049,0.235,0.268,0.045,0.251,0.414,0.054,0.05,0.034,0.267,0.242,0.929,0.259,0.361,0.233,0.057,0.045,0.043,0.055,0.045,0.052,0.048,0.175,0.35,0.054,0.05,0.029,0.834,0.049,0.417,0.046,0.256,0.052,0.152,0.052,0.047,0.768,0.174
1413,0.192,0.991,0.733,0.231,0.49,0.052,0.055,0.56,0.233,0.057,0.188,0.191,0.056,0.171,0.461,0.052,0.636,0.049,0.235,0.268,0.045,0.251,0.414,0.054,0.05,0.034,0.267,0.242,0.929,0.259,0.361,0.233,0.057,0.045,0.043,0.055,0.045,0.052,0.048,0.175,0.35,0.054,0.05,0.029,0.834,0.049,0.417,0.046,0.256,0.052,0.152,0.052,0.047,0.768,0.174
1414,0.192,0.991,0.733,0.231,0.49,0.052,0.055,8.971,0.233,0.057,0.188,0.191,0.056,0.171,0.461,0.052,0.636,0.049,0.235,0.268,0.045,0.251,0.414,0.054,0.05,0.034,0.051,0.242,0.989,0.259,0.361,0.233,0.057,0.045,0.043,0.055,0.045,0.052,0.048,0.175,0.35,0.054,0.05,0.029,0.63,0.049,0.417,0.046,0.256,0.052,0.152,0.052,0.047,0.768,0.174
1415,0.192,0.991,0.633,0.231,0.358,0.052,0.055,8.971,0.233,0.057,0.188,0.191,0.056,0.171,0.461,0.052,0.636,0.21,0.235,0.268,0.045,0.251,0.414,0.054,0.05,0.034,0.051,0.242,0.989,0.053,0.286,0.233,0.057,0.045,0.043,0.055,0.045,0.052,0.048,0.175,0.35,0.054,0.05,0.029,0.57,0.049,0.417,0.046,0.256,0.052,0.152,0.052,0.047,0.768,0.174
1416,0.192,0.991,2.691,0.231,0.358,0.052,0.055,8.971,0.233,0.057,0.188,0.191,0.056,0.171,0.602,0.052,0.596,0.21,0.235,0.268,0.045,0.251,0.414,0.054,0.24,0.034,0.051,0.242,0.989,0.053,0.286,0.233,0.057,0.045,0.043,0.055,0.045,0.052,0.048,0.175,0.35,0.054,0.05,0.029,0.57,0.049,0.417,0.046,0.256,0.052,0.152,0.052,0.047,0.768,0.174
1417,0.192,1.145,2.691,0.231,0.358,0.052,0.055,0.56,0.233,0.057,0.188,0.191,0.056,0.171,0.602,0.052,0.596,0.21,0.235,0.268,0.045,0.251,0.414,0.054,0.24,0.034,0.051,0.242,0.989,0.053,0.295,0.233,0.057,0.045,0.043,0.055,0.045,0.052,0.048,0.175,0.35,0.054,0.05,0.029,0.57,0.049,0.517,0.046,0.256,0.052,0.152,0.052,0.047,0.768,0.174
1418,0.192,1.161,2.566,0.231,0.358,0.052,0.055,0.489,0.233,0.057,0.188,0.191,0.056,0.171,0.602,0.052,0.596,0.21,0.235,0.268,0.045,0.251,0.414,0.054,0.24,0.034,0.051,0.242,0.989,0.053,0.295,0.233,0.057,0.045,0.043,0.055,0.045,0.052,0.048,0.175,0.35,0.054,0.05,0.029,0.57,0.049,0.417,0.046,0.256,0.052,0.152,0.052,0.047,0.828,0.174
1419,0.192,1.261,0.448,0.231,0.558,0.052,0.055,3.137,0.233,0.057,0.188,0.191,0.056,0.171,0.602,0.052,0.596,0.21,0.235,0.268,0.045,0.251,0.414,0.054,0.24,0.034,0.051,0.242,0.989,0.053,0.314,0.413,0.057,0.045,0.043,0.055,0.045,0.052,0.048,0.175,0.35,0.054,0.05,0.029,0.57,0.049,0.417,0.046,0.256,0.052,0.152,0.052,0.047,0.768,0.174
1420,0.192,1.261,0.488,0.231,0.558,0.052,0.055,3.295,0.455,0.057,0.188,0.291,0.056,0.171,0.053,0.052,0.249,0.21,0.235,0.268,0.045,0.251,0.414,0.054,0.24,0.034,0.051,0.242,0.989,0.053,0.314,0.413,0.057,0.045,0.043,0.055,0.045,0.052,0.048,0.175,0.35,0.054,0.05,0.029,0.57,0.049,0.417,0.046,0.256,0.052,0.053,0.052,0.047,0.048,0.174
1421,0.192,1.261,0.448,0.048,0.558,0.052,0.055,3.295,0.455,0.169,0.188,0.291,0.056,0.171,0.053,0.052,0.249,0.21,0.235,0.268,0.045,0.251,0.374,0.054,0.24,0.034,0.051,0.242,0.989,0.053,0.314,0.413,0.057,0.045,0.043,0.055,0.045,0.052,0.048,0.175,0.35,0.054,0.05,0.029,0.63,0.049,0.417,0.046,0.054,0.052,0.053,0.052,0.047,0.048,0.174
1422,0.192,1.261,0.448,0.048,0.558,0.052,0.055,3.395,0.455,0.169,0.188,0.291,0.056,0.171,0.053,0.052,0.249,0.21,0.235,0.268,0.045,0.251,0.323,0.054,0.24,0.034,0.051,0.242,1.049,0.053,0.314,0.413,0.057,0.045,0.043,0.055,0.045,0.052,0.048,0.175,0.35,0.054,0.05,0.029,0.63,0.049,0.417,0.046,0.054,0.052,0.053,0.052,0.047,0.048,0.174
1423,0.192,1.143,0.573,0.048,0.558,0.052,0.055,3.395,0.455,0.169,0.188,0.291,0.056,0.171,0.053,0.052,0.249,0.21,0.235,0.268,0.045,0.251,0.323,0.054,0.24,0.034,0.051,0.242,1.049,0.053,0.314,0.413,0.057,0.045,0.043,0.055,0.045,0.052,0.048,0.043,0.35,0.054,0.05,0.029,0.67,0.049,0.482,0.046,0.054,0.052,0.053,0.052,0.047,0.048,0.174
1424,0.192,1.143,0.573,0.048,0.558,0.052,0.055,3.395,0.455,0.169,0.188,0.291,0.056,0.171,0.053,0.052,0.249,0.21,0.235,0.268,0.045,0.251,0.383,0.054,0.24,0.034,0.051,0.242,0.989,0.053,0.314,0.413,0.057,0.045,0.043,0.055,0.045,0.052,0.048,0.043,0.241,0.054,0.05,0.029,0.67,0.049,0.482,0.046,0.054,0.052,0.053,0.052,0.047,0.048,0.055
1425,0.192,1.143,0.573,0.048,0.558,0.052,0.055,3.395,0.281,0.169,0.188,0.291,0.056,0.171,0.053,0.052,0.249,0.21,0.235,0.268,0.045,0.251,0.383,0.054,0.24,0.034,0.155,0.028,0.823,0.053,0.314,0.413,0.057,0.045,0.043,0.055,0.045,0.052,0.048,0.043,0.241,0.054,0.05,0.029,0.61,0.049,0.482,0.046,0.054,0.206,0.053,0.052,0.047,0.048,0.055
1426,0.192,1.043,0.613,0.048,0.558,0.052,0.055,3.395,0.281,0.169,0.188,0.291,0.056,0.171,0.053,0.052,0.249,0.21,0.235,0.268,0.045,0.251,0.323,0.054,0.24,0.034,0.155,0.028,0.823,0.053,0.314,0.413,0.057,0.045,0.043,0.055,0.045,0.052,0.048,0.043,0.241,0.054,0.05,0.029,0.61,0.049,0.482,0.046,0.054,0.31,0.053,0.052,0.047,0.048,0.055
1427,0.192,1.043,0.613,0.048,0.558,0.052,0.055,3.395,0.281,0.169,0.049,0.291,0.056,0.171,0.053,0.052,0.249,0.21,0.235,0.268,0.045,0.251,0.323,0.054,0.24,0.034,0.155,0.028,0.823,0.053,0.314,0.236,0.057,0.176,0.043,0.055,0.045,0.052,0.048,0.043,0.241,0.054,0.05,0.029,0.67,0.049,0.482,0.046,0.054,0.31,0.053,0.052,0.047,0.048,0.055
1428,0.192,3.328,0.613,0.048,0.558,0.052,0.055,3.395,0.281,0.169,0.049,0.454,0.056,0.171,0.053,0.052,0.249,0.21,0.053,0.051,0.045,0.251,0.323,0.054,0.24,0.034,0.155,0.028,0.823,0.053,0.314,0.236,0.25,0.176,0.043,0.055,0.045,0.228,0.048,0.043,0.241,0.054,0.05,0.029,0.67,0.049,0.482,0.046,0.054,0.31,0.053,0.052,0.047,0.048,0.055
1429,0.192,3.328,0.613,0.048,0.558,0.052,0.055,3.395,0.281,0.169,0.049,0.454,0.056,0.171,0.053,0.052,0.249,0.21,0.053,0.051,0.045,0.251,0.323,0.054,0.24,0.034,0.155,0.028,0.823,0.053,0.314,0.236,0.25,0.176,0.043,0.055,0.045,0.228,0.048,0.043,0.241,0.054,0.05,0.029,0.67,0.049,0.517,0.046,0.054,0.31,0.053,0.052,0.047,0.048,0.055
1430,0.192,3.328,0.613,0.048,0.558,0.052,0.055,3.395,0.281,0.169,0.049,0.454,0.056,0.171,0.053,0.052,0.249,0.21,0.053,0.051,0.045,0.251,0.323,0.054,0.24,0.034,0.155,0.028,0.823,0.053,0.323,0.236,0.25,0.176,0.043,0.055,0.045,0.228,0.048,0.043,0.385,0.054,0.05,0.029,0.67,0.049,0.507,0.046,0.054,0.31,0.053,0.184,0.047,0.048,0.055
1431,0.036,1.014,0.613,0.048,0.558,0.052,0.055,3.395,0.281,0.169,0.049,0.454,0.056,0.049,0.053,0.052,0.048,0.21,0.053,0.051,0.045,0.054,0.323,0.054,0.24,0.034,0.155,0.028,0.823,0.053,0.323,0.236,0.25,0.176,0.043,0.055,0.045,0.228,0.048,0.043,0.385,0.054,0.05,0.029,0.67,0.049,0.472,0.046,0.054,0.31,0.053,0.184,0.047,0.048,0.055
1432,0.036,0.876,0.613,0.048,0.558,0.052,0.055,3.395,0.281,0.169,0.049,0.394,0.056,0.049,0.053,0.052,0.048,0.21,0.053,0.051,0.045,0.054,0.704,0.054,0.24,0.034,0.155,0.028,0.973,0.053,0.323,0.236,0.25,0.176,0.043,0.055,0.045,0.228,0.048,0.043,0.196,0.054,0.05,0.029,0.67,0.049,0.472,0.046,0.054,0.31,0.053,0.264,0.047,0.048,0.055
1433,0.036,1.076,0.613,0.048,0.347,0.052,0.055,3.395,0.281,0.169,0.049,0.394,0.056,0.049,0.053,0.052,0.048,0.21,0.053,0.051,0.045,0.054,2.828,0.054,0.24,0.034,0.155,0.028,0.973,0.053,0.323,0.236,0.25,0.176,0.043,0.055,0.045,0.228,0.048,0.043,0.196,0.054,0.05,0.029,0.67,0.049,0.472,0.046,0.054,0.31,0.053,0.224,0.047,0.048,0.055
1434,0.036,1.136,0.613,0.048,0.347,0.052,0.055,3.395,0.281,0.169,0.049,0.394,0.056,0.049,0.053,0.052,0.048,0.21,0.053,0.051,0.045,0.054,2.828,0.054,0.24,0.034,0.155,0.028,0.973,0.053,0.295,0.236,0.25,0.176,0.043,0.055,0.045,0.228,0.048,0.043,0.196,0.054,0.05,0.029,0.61,0.049,0.472,0.046,0.054,0.31,0.053,0.233,0.047,0.048,0.055
1435,0.036,1.136,0.548,0.048,0.347,0.052,0.055,3.395,0.281,0.169,0.049,0.394,0.056,0.049,0.053,0.052,0.048,0.049,0.053,0.051,0.045,0.054,2.828,0.054,0.24,0.034,0.155,0.028,0.973,0.053,0.295,0.236,0.25,0.176,0.043,0.055,0.045,0.228,0.048,0.043,0.196,0.054,0.05,0.029,0.61,0.049,0.472,0.046,0.054,0.31,0.053,0.217,0.047,0.048,0.055
1436,0.036,1.136,0.548,0.048,0.347,0.052,0.055,3.395,0.281,0.169,0.049,0.394,0.056,0.049,0.053,0.052,0.048,0.049,0.053,0.051,0.045,0.054,0.604,0.054,0.24,0.034,0.155,0.028,0.973,0.053,0.182,0.236,0.25,0.176,0.043,0.055,0.045,0.228,0.048,0.043,0.196,0.054,0.05,0.029,0.61,0.049,0.407,0.046,0.054,0.31,0.053,0.544,0.047,0.048,0.055
1437,0.036,0.982,0.561,0.048,0.347,0.052,0.055,3.395,0.281,0.169,0.049,0.394,0.056,0.049,0.053,0.052,0.048,0.049,0.053,0.051,0.045,0.054,0.604,0.054,0.24,0.034,0.155,0.028,0.823,0.053,0.182,0.236,0.25,0.176,0.043,0.055,0.045,0.228,0.048,0.043,0.196,0.054,0.05,0.029,0.67,0.049,0.407,0.046,0.054,0.31,0.053,0.544,0.047,0.048,0.055
1438,0.036,0.982,0.471,0.048,0.347,0.052,0.055,3.395,0.281,0.169,0.049,0.394,0.056,0.049,0.053,0.052,0.048,0.049,0.053,0.051,0.045,0.054,0.604,0.054,0.05,0.034,0.155,0.028,0.823,0.053,0.182,0.236,0.25,0.176,0.043,0.055,0.045,0.228,0.048,0.043,0.196,0.054,0.05,0.029,0.67,0.049,0.407,0.046,0.054,0.31,0.053,0.544,0.047,0.048,0.055
1439,0.036,1.042,0.504,0.048,0.347,0.052,0.055,0.561,0.281,0.057,0.049,0.469,0.056,0.21,0.053,0.052,0.048,0.049,0.053,0.051,0.045,0.054,0.604,0.054,0.05,0.034,0.155,0.028,0.823,0.053,0.182,0.056,0.25,0.176,0.043,0.055,0.045,0.228,0.048,0.043,0.196,0.054,0.05,0.029,0.657,0.049,0.407,0.046,0.054,0.31,0.053,0.544,0.047,0.048,0.055
